{
    "variants": {
        "": [
            { "model": "block/cyan_terracotta" },
            { "model": "block/cyan_terracotta", "y": 90 },
            { "model": "block/cyan_terracotta", "y": 180 },
            { "model": "block/cyan_terracotta", "y": 270 },
            { "model": "block/cyan_terracotta_2" },
            { "model": "block/cyan_terracotta_2", "y": 90 },
            { "model": "block/cyan_terracotta_2", "y": 180 },
            { "model": "block/cyan_terracotta_2", "y": 270 }
		]
    }
}
