{
    "variants": {
        "": [
            { "model": "block/gray_terracotta" },
            { "model": "block/gray_terracotta", "y": 90 },
            { "model": "block/gray_terracotta", "y": 180 },
            { "model": "block/gray_terracotta", "y": 270 },
			{ "model": "block/gray_terracotta_2" },
            { "model": "block/gray_terracotta_2", "y": 90 },
            { "model": "block/gray_terracotta_2", "y": 180 },
            { "model": "block/gray_terracotta_2", "y": 270 }
        ]
    }
}
