{
	"credit": "By Katniss",
	"elements": [
		{
			"from": [6, 0, 6],
			"to": [10, 2, 10],
			"color": 7,
			"faces": {
				"north": {"uv": [0, 0, 4, 2], "texture": "#missing"},
				"east": {"uv": [0, 0, 4, 2], "texture": "#missing"},
				"south": {"uv": [0, 0, 4, 2], "texture": "#missing"},
				"west": {"uv": [0, 0, 4, 2], "texture": "#missing"},
				"up": {"uv": [0, 0, 4, 4], "texture": "#missing"},
				"down": {"uv": [0, 0, 4, 4], "texture": "#missing"}
			}
		},
		{
			"from": [0, 2, 8.5],
			"to": [16, 10, 8.5],
			"color": 7,
			"faces": {
				"north": {"uv": [0, 0, 16, 8], "texture": "#missing"},
				"east": {"uv": [0, 0, 0, 8], "texture": "#missing"},
				"south": {"uv": [0, 0, 16, 8], "texture": "#missing"},
				"west": {"uv": [0, 0, 0, 8], "texture": "#missing"},
				"up": {"uv": [0, 0, 16, 0], "texture": "#missing"},
				"down": {"uv": [0, 0, 16, 0], "texture": "#missing"}
			}
		},
		{
			"from": [0, 2, 7.5],
			"to": [16, 10, 7.5],
			"color": 7,
			"faces": {
				"north": {"uv": [0, 0, 16, 8], "texture": "#missing"},
				"east": {"uv": [0, 0, 0, 8], "texture": "#missing"},
				"south": {"uv": [0, 0, 16, 8], "texture": "#missing"},
				"west": {"uv": [0, 0, 0, 8], "texture": "#missing"},
				"up": {"uv": [0, 0, 16, 0], "texture": "#missing"},
				"down": {"uv": [0, 0, 16, 0], "texture": "#missing"}
			}
		}
	]
}