{
	"credit": "By Katniss",
	"textures": {
		"0": "block/oak_log",
		"1": "block/oak_log_top",
		"2": "block/stone",
		"3": "block/gravel",
		"4": "block/campfire_fire",
		"particle": "block/oak_log"
	},
	"elements": [
		{
			"from": [8, 0, 4],
			"to": [11, 6, 7],
			"faces": {
				"north": {"uv": [1, 0, 4, 6], "texture": "#0"},
				"east": {"uv": [8, 2, 11, 8], "texture": "#0"},
				"south": {"uv": [10, 7, 13, 13], "texture": "#0"},
				"west": {"uv": [4, 5, 7, 11], "texture": "#0"},
				"up": {"uv": [5, 5, 8, 8], "texture": "#1"}
			}
		},
		{
			"from": [11, 0, 6],
			"to": [13, 5, 8],
			"faces": {
				"north": {"uv": [4, 6, 6, 11], "texture": "#0"},
				"east": {"uv": [3, 2, 5, 7], "texture": "#0"},
				"south": {"uv": [7, 5, 9, 10], "texture": "#0"},
				"west": {"uv": [12, 8, 14, 13], "texture": "#0"},
				"up": {"uv": [6, 6, 8, 8], "texture": "#1"}
			}
		},
		{
			"from": [8, 0, 7],
			"to": [10, 8, 9],
			"faces": {
				"north": {"uv": [4, 3, 6, 11], "texture": "#0"},
				"east": {"uv": [3, 2, 5, 10], "texture": "#0"},
				"south": {"uv": [7, 2, 9, 10], "texture": "#0"},
				"west": {"uv": [12, 5, 14, 13], "texture": "#0"},
				"up": {"uv": [8, 5, 10, 7], "texture": "#1"}
			}
		},
		{
			"from": [8, 0, 10],
			"to": [10, 6, 12],
			"faces": {
				"north": {"uv": [4, 5, 6, 11], "texture": "#0"},
				"east": {"uv": [3, 2, 5, 8], "texture": "#0"},
				"south": {"uv": [7, 2, 9, 8], "texture": "#0"},
				"west": {"uv": [8, 3, 10, 9], "texture": "#0"},
				"up": {"uv": [8, 6, 10, 8], "texture": "#1"}
			}
		},
		{
			"from": [6, 0, 8],
			"to": [9, 11, 10],
			"faces": {
				"north": {"uv": [3, 0, 6, 11], "texture": "#0"},
				"east": {"uv": [2, 0, 4, 11], "texture": "#0"},
				"south": {"uv": [6, 0, 9, 11], "texture": "#0"},
				"west": {"uv": [12, 4, 14, 15], "texture": "#0"},
				"up": {"uv": [3, 1, 6, 3], "texture": "#1"}
			}
		},
		{
			"from": [6, 0, 6],
			"to": [8, 9, 8],
			"faces": {
				"north": {"uv": [4, 2, 6, 11], "texture": "#0"},
				"east": {"uv": [3, 0, 5, 9], "texture": "#0"},
				"south": {"uv": [10, 0, 12, 9], "texture": "#0"},
				"west": {"uv": [12, 6, 14, 15], "texture": "#0"},
				"up": {"uv": [8, 6, 10, 8], "texture": "#1"}
			}
		},
		{
			"from": [4, 0, 7],
			"to": [6, 5, 10],
			"faces": {
				"north": {"uv": [4, 6, 6, 11], "texture": "#0"},
				"east": {"uv": [3, 4, 6, 9], "texture": "#0"},
				"south": {"uv": [10, 0, 12, 5], "texture": "#0"},
				"west": {"uv": [11, 6, 14, 11], "texture": "#0"},
				"up": {"uv": [9, 3, 11, 6], "texture": "#1"}
			}
		},
		{
			"from": [6, 0, 3],
			"to": [8, 7, 5],
			"faces": {
				"north": {"uv": [4, 4, 6, 11], "texture": "#0"},
				"east": {"uv": [3, 2, 5, 9], "texture": "#0"},
				"south": {"uv": [7, 2, 9, 9], "texture": "#0"},
				"west": {"uv": [12, 6, 14, 13], "texture": "#0"},
				"up": {"uv": [12, 12, 14, 14], "texture": "#1"}
			}
		},
		{
			"from": [0, 0, 2],
			"to": [4, 3, 5],
			"faces": {
				"north": {"uv": [6, 1, 10, 4], "texture": "#2"},
				"east": {"uv": [8, 8, 11, 11], "texture": "#2"},
				"south": {"uv": [6, 1, 10, 4], "texture": "#2"},
				"west": {"uv": [11, 4, 14, 7], "texture": "#2"},
				"up": {"uv": [2, 1, 6, 4], "texture": "#2"}
			}
		},
		{
			"from": [-1, 0, 10],
			"to": [2, 2, 13],
			"faces": {
				"north": {"uv": [3, 5, 6, 7], "texture": "#2"},
				"east": {"uv": [1, 9, 4, 11], "texture": "#2"},
				"south": {"uv": [6, 3, 9, 5], "texture": "#2"},
				"west": {"uv": [2, 2, 5, 4], "texture": "#2"},
				"up": {"uv": [10, 4, 13, 7], "texture": "#2"}
			}
		},
		{
			"from": [6, 0, 15],
			"to": [9, 2, 18],
			"faces": {
				"north": {"uv": [3, 5, 6, 7], "texture": "#2"},
				"east": {"uv": [1, 9, 4, 11], "texture": "#2"},
				"south": {"uv": [6, 3, 9, 5], "texture": "#2"},
				"west": {"uv": [2, 2, 5, 4], "texture": "#2"},
				"up": {"uv": [10, 4, 13, 7], "texture": "#2"}
			}
		},
		{
			"from": [15, 0, 6],
			"to": [18, 2, 9],
			"faces": {
				"north": {"uv": [3, 5, 6, 7], "texture": "#2"},
				"east": {"uv": [1, 9, 4, 11], "texture": "#2"},
				"south": {"uv": [6, 3, 9, 5], "texture": "#2"},
				"west": {"uv": [2, 2, 5, 4], "texture": "#2"},
				"up": {"uv": [10, 4, 13, 7], "texture": "#2"}
			}
		},
		{
			"from": [3, 0, -1],
			"to": [6, 2, 2],
			"faces": {
				"north": {"uv": [3, 5, 6, 7], "texture": "#2"},
				"east": {"uv": [1, 9, 4, 11], "texture": "#2"},
				"south": {"uv": [6, 3, 9, 5], "texture": "#2"},
				"west": {"uv": [2, 2, 5, 4], "texture": "#2"},
				"up": {"uv": [10, 4, 13, 7], "texture": "#2"}
			}
		},
		{
			"from": [13, 0, 4],
			"to": [17, 3, 6],
			"faces": {
				"north": {"uv": [2, 1, 6, 4], "texture": "#2"},
				"east": {"uv": [8, 0, 10, 3], "texture": "#2"},
				"south": {"uv": [6, 11, 10, 14], "texture": "#2"},
				"west": {"uv": [6, 1, 8, 4], "texture": "#2"},
				"up": {"uv": [6, 2, 10, 4], "texture": "#2"}
			}
		},
		{
			"from": [13, 0, 1],
			"to": [15, 2, 4],
			"faces": {
				"north": {"uv": [8, 1, 10, 3], "texture": "#2"},
				"east": {"uv": [10, 5, 13, 7], "texture": "#2"},
				"south": {"uv": [12, 5, 14, 7], "texture": "#2"},
				"west": {"uv": [9, 5, 12, 7], "texture": "#2"},
				"up": {"uv": [10, 4, 12, 7], "texture": "#2"}
			}
		},
		{
			"from": [14, 0, 9],
			"to": [17, 3, 12],
			"faces": {
				"north": {"uv": [2, 8, 5, 11], "texture": "#2"},
				"east": {"uv": [12, 11, 15, 14], "texture": "#2"},
				"south": {"uv": [7, 7, 10, 10], "texture": "#2"},
				"west": {"uv": [10, 4, 13, 7], "texture": "#2"},
				"up": {"uv": [7, 1, 10, 4], "texture": "#2"}
			}
		},
		{
			"from": [9, 0, 13],
			"to": [12, 3, 16],
			"faces": {
				"north": {"uv": [2, 8, 5, 11], "texture": "#2"},
				"east": {"uv": [12, 11, 15, 14], "texture": "#2"},
				"south": {"uv": [7, 1, 10, 4], "texture": "#2"},
				"west": {"uv": [10, 4, 13, 7], "texture": "#2"},
				"up": {"uv": [2, 1, 5, 4], "texture": "#2"}
			}
		},
		{
			"from": [12, 0, 13],
			"to": [15, 2, 15],
			"faces": {
				"north": {"uv": [1, 1, 4, 3], "texture": "#2"},
				"east": {"uv": [7, 2, 9, 4], "texture": "#2"},
				"south": {"uv": [3, 0, 6, 2], "texture": "#2"},
				"west": {"uv": [2, 1, 4, 3], "texture": "#2"},
				"up": {"uv": [5, 0, 8, 2], "texture": "#2"}
			}
		},
		{
			"from": [10, 0, 0],
			"to": [12, 3, 2],
			"faces": {
				"north": {"uv": [7, 2, 9, 5], "texture": "#2"},
				"east": {"uv": [11, 5, 13, 8], "texture": "#2"},
				"south": {"uv": [6, 2, 8, 5], "texture": "#2"},
				"west": {"uv": [7, 7, 9, 10], "texture": "#2"},
				"up": {"uv": [6, 2, 8, 4], "texture": "#2"}
			}
		},
		{
			"from": [1, 0, 14],
			"to": [3, 3, 16],
			"faces": {
				"north": {"uv": [7, 2, 9, 5], "texture": "#2"},
				"east": {"uv": [11, 5, 13, 8], "texture": "#2"},
				"south": {"uv": [6, 2, 8, 5], "texture": "#2"},
				"west": {"uv": [7, 7, 9, 10], "texture": "#2"},
				"up": {"uv": [6, 2, 8, 4], "texture": "#2"}
			}
		},
		{
			"from": [3, 0, 13],
			"to": [6, 3, 17],
			"faces": {
				"north": {"uv": [12, 10, 15, 13], "texture": "#2"},
				"east": {"uv": [10, 4, 14, 7], "texture": "#2"},
				"south": {"uv": [10, 4, 13, 7], "texture": "#2"},
				"west": {"uv": [7, 1, 11, 4], "texture": "#2"},
				"up": {"uv": [6, 1, 9, 5], "texture": "#2"}
			}
		},
		{
			"from": [-2, 0, 6],
			"to": [1, 3, 10],
			"faces": {
				"north": {"uv": [10, 4, 13, 7], "texture": "#2"},
				"east": {"uv": [10, 4, 14, 7], "texture": "#2"},
				"south": {"uv": [7, 1, 10, 4], "texture": "#2"},
				"west": {"uv": [7, 1, 11, 4], "texture": "#2"},
				"up": {"uv": [10, 3, 13, 7], "texture": "#2"}
			}
		},
		{
			"from": [6, 0, -2],
			"to": [10, 3, 2],
			"faces": {
				"north": {"uv": [0, 0, 4, 3], "texture": "#2"},
				"east": {"uv": [2, 2, 6, 5], "texture": "#2"},
				"south": {"uv": [6, 0, 10, 3], "texture": "#2"},
				"west": {"uv": [6, 2, 10, 5], "texture": "#2"},
				"up": {"uv": [6, 0, 10, 4], "texture": "#2"}
			}
		},
		{
			"from": [4, 0.01, 4],
			"to": [12, 0.01, 11],
			"faces": {
				"north": {"uv": [0, 0, 8, 0], "texture": "#missing"},
				"east": {"uv": [0, 0, 7, 0], "texture": "#missing"},
				"south": {"uv": [0, 0, 8, 0], "texture": "#missing"},
				"west": {"uv": [0, 0, 7, 0], "texture": "#missing"},
				"up": {"uv": [4, 4, 12, 11], "texture": "#3"}
			}
		},
		{
			"from": [2, 0.01, 6],
			"to": [4, 0.01, 9],
			"faces": {
				"north": {"uv": [0, 0, 2, 0], "texture": "#missing"},
				"east": {"uv": [0, 0, 3, 0], "texture": "#missing"},
				"south": {"uv": [0, 0, 2, 0], "texture": "#missing"},
				"west": {"uv": [0, 0, 3, 0], "texture": "#missing"},
				"up": {"uv": [8, 3, 10, 6], "texture": "#3"}
			}
		},
		{
			"from": [12, 0.01, 8],
			"to": [13, 0.01, 9],
			"faces": {
				"north": {"uv": [0, 0, 1, 0], "texture": "#missing"},
				"east": {"uv": [0, 0, 1, 0], "texture": "#missing"},
				"south": {"uv": [0, 0, 1, 0], "texture": "#missing"},
				"west": {"uv": [0, 0, 1, 0], "texture": "#missing"},
				"up": {"uv": [6, 4, 7, 5], "texture": "#3"}
			}
		},
		{
			"from": [8, 0.01, 3],
			"to": [10, 0.01, 4],
			"faces": {
				"north": {"uv": [0, 0, 2, 0], "texture": "#missing"},
				"east": {"uv": [0, 0, 1, 0], "texture": "#missing"},
				"south": {"uv": [0, 0, 2, 0], "texture": "#missing"},
				"west": {"uv": [0, 0, 1, 0], "texture": "#missing"},
				"up": {"uv": [6, 4, 8, 5], "texture": "#3"}
			}
		},
		{
			"from": [6, 0.01, 11],
			"to": [8, 0.01, 12],
			"faces": {
				"north": {"uv": [0, 0, 2, 0], "texture": "#missing"},
				"east": {"uv": [0, 0, 1, 0], "texture": "#missing"},
				"south": {"uv": [0, 0, 2, 0], "texture": "#missing"},
				"west": {"uv": [0, 0, 1, 0], "texture": "#missing"},
				"up": {"uv": [3, 2, 5, 3], "texture": "#3"}
			}
		},
		{
			"from": [0, 0, 7.5],
			"to": [16, 16, 7.5],
			"shade": false,
			"rotation": {"angle": 45, "axis": "y", "origin": [8, 9, 7]},
			"faces": {
				"north": {"uv": [0, 0, 16, 16], "texture": "#4"},
				"south": {"uv": [0, 0, 16, 16], "texture": "#4"}
			}
		},
		{
			"from": [0, 0, 7.5],
			"to": [16, 16, 7.5],
			"shade": false,
			"rotation": {"angle": -45, "axis": "y", "origin": [8, 9, 7]},
			"faces": {
				"north": {"uv": [0, 0, 16, 16], "texture": "#4"},
				"south": {"uv": [0, 0, 16, 16], "texture": "#4"}
			}
		}
	]
}