{
	"credit": "by Katniss",
	"textures": {
		"0": "block/flower_pot",
		"particle": "block/flower_pot"
	},
	"elements": [
		{
			"from": [2.75, 0, 3.75],
			"to": [10.75, 1, 11.75],
			"rotation": {"angle": -45, "axis": "y", "origin": [8, 8, 8]},
			"faces": {
				"north": {"uv": [0, 15, 8, 16], "texture": "#0"},
				"east": {"uv": [0, 15, 8, 16], "texture": "#0"},
				"south": {"uv": [0, 15, 8, 16], "texture": "#0"},
				"west": {"uv": [0, 15, 8, 16], "texture": "#0"},
				"up": {"uv": [16, 0, 8, 8], "texture": "#0"}
			}
		},
		{
			"from": [2.75, 1, 4.75],
			"to": [3.75, 8, 11.75],
			"rotation": {"angle": -45, "axis": "y", "origin": [8, 8, 8]},
			"faces": {
				"east": {"uv": [8, 8, 1, 15], "texture": "#0"},
				"south": {"uv": [0, 8, 1, 15], "texture": "#0"},
				"west": {"uv": [1, 8, 8, 15], "texture": "#0"},
				"up": {"uv": [8, 1, 9, 8], "texture": "#0"}
			}
		},
		{
			"from": [9.75, 1, 3.75],
			"to": [10.75, 8, 10.75],
			"rotation": {"angle": -45, "axis": "y", "origin": [8, 8, 8]},
			"faces": {
				"north": {"uv": [0, 8, 1, 15], "texture": "#0"},
				"east": {"uv": [1, 8, 8, 15], "texture": "#0"},
				"west": {"uv": [8, 8, 1, 15], "texture": "#0"},
				"up": {"uv": [15, 0, 16, 7], "texture": "#0"}
			}
		},
		{
			"from": [2.75, 1, 3.75],
			"to": [9.75, 8, 4.75],
			"rotation": {"angle": -45, "axis": "y", "origin": [8, 8, 8]},
			"faces": {
				"north": {"uv": [1, 8, 8, 15], "texture": "#0"},
				"south": {"uv": [8, 8, 1, 15], "texture": "#0"},
				"west": {"uv": [0, 8, 1, 15], "texture": "#0"},
				"up": {"uv": [8, 0, 15, 1], "texture": "#0"}
			}
		},
		{
			"from": [3.75, 1, 10.75],
			"to": [10.75, 8, 11.75],
			"rotation": {"angle": -45, "axis": "y", "origin": [8, 8, 8]},
			"faces": {
				"north": {"uv": [8, 8, 1, 15], "texture": "#0"},
				"east": {"uv": [0, 8, 1, 15], "texture": "#0"},
				"south": {"uv": [1, 8, 8, 15], "texture": "#0"},
				"up": {"uv": [9, 7, 16, 8], "texture": "#0"}
			}
		},
		{
			"from": [5.75, 8, 3.75],
			"to": [7.75, 10, 4.75],
			"rotation": {"angle": -45, "axis": "y", "origin": [8, 8, 8]},
			"faces": {
				"north": {"uv": [3, 6, 5, 8], "texture": "#0"},
				"east": {"uv": [3, 6, 4, 8], "texture": "#0"},
				"south": {"uv": [5, 6, 3, 8], "texture": "#0"},
				"west": {"uv": [4, 6, 5, 8], "texture": "#0"},
				"up": {"uv": [5, 6, 3, 7], "texture": "#0"}
			}
		},
		{
			"from": [5.75, 8, 10.75],
			"to": [7.75, 10, 11.75],
			"rotation": {"angle": -45, "axis": "y", "origin": [8, 8, 8]},
			"faces": {
				"north": {"uv": [5, 6, 3, 8], "texture": "#0"},
				"east": {"uv": [4, 6, 5, 8], "texture": "#0"},
				"south": {"uv": [3, 6, 5, 8], "texture": "#0"},
				"west": {"uv": [3, 6, 4, 8], "texture": "#0"},
				"up": {"uv": [3, 6, 5, 7], "texture": "#0"},
				"down": {"uv": [3, 7, 5, 8], "texture": "#0"}
			}
		},
		{
			"from": [3.25, 9, 4.25],
			"to": [10.25, 9, 11.25],
			"rotation": {"angle": -45, "axis": "y", "origin": [8, 8, 8]},
			"faces": {
				"north": {"uv": [0, 0, 7, 0], "texture": "#missing"},
				"east": {"uv": [0, 0, 7, 0], "texture": "#missing"},
				"south": {"uv": [0, 0, 7, 0], "texture": "#missing"},
				"west": {"uv": [0, 0, 7, 0], "texture": "#missing"},
				"up": {"uv": [16, 9, 9, 16], "texture": "#0"},
				"down": {"uv": [0, 0, 7, 7], "texture": "#missing"}
			}
		}
	],
	"groups": [
		{
			"name": "flower_pot_2",
			"children": [0, 1, 2, 3, 4, 5, 6, 7]
		}
	]
}