{
    "parent": "block/block",
	"credit": "by Katniss",
	"textures": {
		"0": "block/granite_support_side",
		"1": "block/granite_support_bottom",
		"2": "block/granite",
		"particle": "block/granite_support_side"
	},
	"elements": [
		{
			"from": [0, 0, 0],
			"to": [16, 16, 16],
			"faces": {
				"north": {"uv": [0, 0, 16, 16], "texture": "#2", "cullface": "north"},
				"east": {"uv": [0, 0, 16, 16], "texture": "#2", "cullface": "east"},
				"south": {"uv": [0, 0, 16, 16], "texture": "#2", "cullface": "south"},
				"west": {"uv": [0, 0, 16, 16], "texture": "#2", "cullface": "west"},
				"up": {"uv": [0, 0, 16, 16], "texture": "#2", "cullface": "up"},
				"down": {"uv": [0, 0, 16, 16], "texture": "#2", "cullface": "down"}
			}
		},
		{
			"from": [-2, 0, 0],
			"to": [0, 16, 1],
			"faces": {
				"north": {"uv": [0, 0, 1, 16], "texture": "#0", "cullface": "west"},
				"south": {"uv": [0, 0, 1, 16], "texture": "#0", "cullface": "west"},
				"west": {"uv": [0, 0, 1, 16], "texture": "#0", "cullface": "west"},
				"up": {"uv": [0, 0, 1, 1], "texture": "#0", "cullface": "west"},
				"down": {"uv": [0, 15, 1, 16], "texture": "#0", "cullface": "west"}
			}
		},
		{
			"from": [-2, 0, 15],
			"to": [0, 16, 16],
			"faces": {
				"north": {"uv": [15, 0, 16, 16], "texture": "#0", "cullface": "west"},
				"south": {"uv": [15, 0, 16, 16], "texture": "#0", "cullface": "west"},
				"west": {"uv": [15, 0, 16, 16], "texture": "#0", "cullface": "west"},
				"up": {"uv": [15, 0, 16, 1], "texture": "#0", "cullface": "west"},
				"down": {"uv": [15, 15, 16, 16], "texture": "#0", "cullface": "west"}
			}
		},
		{
			"from": [-1, 1, 1],
			"to": [0, 3, 15],
			"faces": {
				"west": {"uv": [1, 13, 15, 15], "texture": "#0", "cullface": "west"},
				"up": {"uv": [1, 13, 15, 14], "rotation": 90, "texture": "#0", "cullface": "west"},
				"down": {"uv": [1, 14, 15, 15], "rotation": 90, "texture": "#0", "cullface": "west"}
			}
		},
		{
			"from": [-1, 8, 1],
			"to": [0, 10, 15],
			"faces": {
				"west": {"uv": [1, 6, 15, 8], "texture": "#0", "cullface": "west"},
				"up": {"uv": [1, 6, 15, 7], "rotation": 90, "texture": "#0", "cullface": "west"},
				"down": {"uv": [1, 7, 15, 8], "rotation": 90, "texture": "#0", "cullface": "west"}
			}
		},
		{
			"from": [-2, 2, 3],
			"to": [-1, 10, 5],
			"faces": {
				"north": {"uv": [3, 6, 4, 14], "texture": "#0", "cullface": "west"},
				"east": {"uv": [3, 6, 5, 14], "texture": "#0", "cullface": "west"},
				"south": {"uv": [4, 6, 5, 14], "texture": "#0", "cullface": "west"},
				"west": {"uv": [3, 6, 5, 14], "texture": "#0", "cullface": "west"},
				"up": {"uv": [3, 6, 5, 7], "rotation": 90, "texture": "#0", "cullface": "west"},
				"down": {"uv": [3, 13, 5, 14], "rotation": 90, "texture": "#0", "cullface": "west"}
			}
		},
		{
			"from": [-2, 1, 7],
			"to": [-1, 9, 9],
			"faces": {
				"north": {"uv": [7, 7, 8, 15], "texture": "#0", "cullface": "west"},
				"east": {"uv": [7, 7, 9, 15], "texture": "#0", "cullface": "west"},
				"south": {"uv": [8, 7, 9, 15], "texture": "#0", "cullface": "west"},
				"west": {"uv": [7, 7, 9, 15], "texture": "#0", "cullface": "west"},
				"up": {"uv": [7, 7, 9, 8], "rotation": 90, "texture": "#0", "cullface": "west"},
				"down": {"uv": [7, 14, 9, 15], "rotation": 90, "texture": "#0", "cullface": "west"}
			}
		},
		{
			"from": [-2, 1, 12],
			"to": [-1, 10, 14],
			"faces": {
				"north": {"uv": [12, 6, 13, 15], "texture": "#0", "cullface": "west"},
				"east": {"uv": [12, 6, 14, 15], "texture": "#0", "cullface": "west"},
				"south": {"uv": [13, 6, 14, 15], "texture": "#0", "cullface": "west"},
				"west": {"uv": [12, 6, 14, 15], "texture": "#0", "cullface": "west"},
				"up": {"uv": [12, 6, 14, 7], "rotation": 90, "texture": "#0", "cullface": "west"},
				"down": {"uv": [12, 14, 14, 15], "rotation": 90, "texture": "#0", "cullface": "west"}
			}
		},
		{
			"from": [0, -2, 3],
			"to": [16, 0, 5],
			"faces": {
				"north": {"uv": [0, 3, 16, 5], "texture": "#1", "cullface": "down"},
				"east": {"uv": [14, 3, 16, 5], "texture": "#1", "cullface": "down"},
				"south": {"uv": [0, 3, 16, 5], "texture": "#1", "cullface": "down"},
				"west": {"uv": [0, 3, 2, 5], "texture": "#1", "cullface": "down"},
				"down": {"uv": [0, 3, 16, 5], "rotation": 180, "texture": "#1", "cullface": "down"}
			}
		},
		{
			"from": [0, -2, 11],
			"to": [16, 0, 13],
			"faces": {
				"north": {"uv": [0, 11, 16, 13], "texture": "#1", "cullface": "down"},
				"east": {"uv": [14, 11, 16, 13], "texture": "#1", "cullface": "down"},
				"south": {"uv": [0, 11, 16, 13], "texture": "#1", "cullface": "down"},
				"west": {"uv": [0, 11, 2, 13], "texture": "#1", "cullface": "down"},
				"down": {"uv": [0, 11, 16, 13], "rotation": 180, "texture": "#1", "cullface": "down"}
			}
		},
		{
			"from": [11, -2, 0],
			"to": [13, 0, 16],
			"faces": {
				"north": {"uv": [3, 0, 5, 2], "texture": "#1", "cullface": "down"},
				"east": {"uv": [3, 0, 5, 16], "rotation": 90, "texture": "#1", "cullface": "down"},
				"south": {"uv": [3, 14, 5, 16], "texture": "#1", "cullface": "down"},
				"west": {"uv": [3, 0, 5, 16], "rotation": 90, "texture": "#1", "cullface": "down"},
				"down": {"uv": [3, 0, 5, 16], "rotation": 180, "texture": "#1", "cullface": "down"}
			}
		},
		{
			"from": [3, -2, 0],
			"to": [5, 0, 16],
			"faces": {
				"north": {"uv": [11, 0, 13, 2], "texture": "#1", "cullface": "down"},
				"east": {"uv": [11, 0, 13, 16], "rotation": 90, "texture": "#1", "cullface": "down"},
				"south": {"uv": [11, 14, 13, 16], "texture": "#1", "cullface": "down"},
				"west": {"uv": [11, 0, 13, 16], "rotation": 90, "texture": "#1", "cullface": "down"},
				"down": {"uv": [11, 0, 13, 16], "rotation": 180, "texture": "#1", "cullface": "down"}
			}
		},
		{
			"from": [16, 8, 1],
			"to": [17, 10, 15],
			"faces": {
				"east": {"uv": [1, 6, 15, 8], "texture": "#0", "cullface": "east"},
				"up": {"uv": [1, 6, 15, 7], "rotation": 270, "texture": "#0", "cullface": "east"},
				"down": {"uv": [1, 7, 15, 8], "rotation": 270, "texture": "#0", "cullface": "east"}
			}
		},
		{
			"from": [16, 0, 15],
			"to": [18, 16, 16],
			"faces": {
				"north": {"uv": [0, 0, 1, 16], "texture": "#0", "cullface": "east"},
				"east": {"uv": [0, 0, 1, 16], "texture": "#0", "cullface": "east"},
				"south": {"uv": [0, 0, 1, 16], "texture": "#0", "cullface": "east"},
				"up": {"uv": [0, 0, 1, 1], "rotation": 180, "texture": "#0", "cullface": "east"},
				"down": {"uv": [0, 15, 1, 16], "rotation": 180, "texture": "#0", "cullface": "east"}
			}
		},
		{
			"from": [17, 2, 11],
			"to": [18, 10, 13],
			"faces": {
				"north": {"uv": [4, 6, 5, 14], "texture": "#0", "cullface": "east"},
				"east": {"uv": [3, 6, 5, 14], "texture": "#0", "cullface": "east"},
				"south": {"uv": [3, 6, 4, 14], "texture": "#0", "cullface": "east"},
				"west": {"uv": [3, 6, 5, 14], "texture": "#0", "cullface": "east"},
				"up": {"uv": [3, 6, 5, 7], "rotation": 270, "texture": "#0", "cullface": "east"},
				"down": {"uv": [3, 13, 5, 14], "rotation": 270, "texture": "#0", "cullface": "east"}
			}
		},
		{
			"from": [16, 1, 1],
			"to": [17, 3, 15],
			"faces": {
				"east": {"uv": [1, 13, 15, 15], "texture": "#0", "cullface": "east"},
				"up": {"uv": [1, 13, 15, 14], "rotation": 270, "texture": "#0", "cullface": "east"},
				"down": {"uv": [1, 14, 15, 15], "rotation": 270, "texture": "#0", "cullface": "east"}
			}
		},
		{
			"from": [17, 1, 7],
			"to": [18, 9, 9],
			"faces": {
				"north": {"uv": [8, 7, 9, 15], "texture": "#0", "cullface": "east"},
				"east": {"uv": [7, 7, 9, 15], "texture": "#0", "cullface": "east"},
				"south": {"uv": [7, 7, 8, 15], "texture": "#0", "cullface": "east"},
				"west": {"uv": [7, 7, 9, 15], "texture": "#0", "cullface": "east"},
				"up": {"uv": [7, 7, 9, 8], "rotation": 270, "texture": "#0", "cullface": "east"},
				"down": {"uv": [7, 14, 9, 15], "rotation": 270, "texture": "#0", "cullface": "east"}
			}
		},
		{
			"from": [17, 1, 2],
			"to": [18, 10, 4],
			"faces": {
				"north": {"uv": [13, 6, 14, 15], "texture": "#0", "cullface": "east"},
				"east": {"uv": [12, 6, 14, 15], "texture": "#0", "cullface": "east"},
				"south": {"uv": [12, 6, 13, 15], "texture": "#0", "cullface": "east"},
				"west": {"uv": [12, 6, 14, 15], "texture": "#0", "cullface": "east"},
				"up": {"uv": [12, 6, 14, 7], "rotation": 270, "texture": "#0", "cullface": "east"},
				"down": {"uv": [12, 14, 14, 15], "rotation": 270, "texture": "#0", "cullface": "east"}
			}
		},
		{
			"from": [16, 0, 0],
			"to": [18, 16, 1],
			"faces": {
				"north": {"uv": [15, 0, 16, 16], "texture": "#0", "cullface": "east"},
				"east": {"uv": [15, 0, 16, 16], "texture": "#0", "cullface": "east"},
				"south": {"uv": [15, 0, 16, 16], "texture": "#0", "cullface": "east"},
				"up": {"uv": [15, 0, 16, 1], "rotation": 180, "texture": "#0", "cullface": "east"},
				"down": {"uv": [15, 15, 16, 16], "rotation": 180, "texture": "#0", "cullface": "east"}
			}
		},
		{
			"from": [1, 8, 16],
			"to": [15, 10, 17],
			"faces": {
				"south": {"uv": [1, 6, 15, 8], "texture": "#0", "cullface": "south"},
				"up": {"uv": [1, 6, 15, 7], "texture": "#0", "cullface": "south"},
				"down": {"uv": [1, 7, 15, 8], "rotation": 180, "texture": "#0", "cullface": "south"}
			}
		},
		{
			"from": [0, 0, 16],
			"to": [1, 16, 18],
			"faces": {
				"east": {"uv": [0, 0, 1, 16], "texture": "#0", "cullface": "south"},
				"south": {"uv": [0, 0, 1, 16], "texture": "#0", "cullface": "south"},
				"west": {"uv": [0, 0, 1, 16], "texture": "#0", "cullface": "south"},
				"up": {"uv": [0, 0, 1, 1], "rotation": 270, "texture": "#0", "cullface": "south"},
				"down": {"uv": [0, 15, 1, 16], "rotation": 90, "texture": "#0", "cullface": "south"}
			}
		},
		{
			"from": [3, 2, 17],
			"to": [5, 10, 18],
			"faces": {
				"north": {"uv": [3, 6, 5, 14], "texture": "#0", "cullface": "south"},
				"east": {"uv": [4, 6, 5, 14], "texture": "#0", "cullface": "south"},
				"south": {"uv": [3, 6, 5, 14], "texture": "#0", "cullface": "south"},
				"west": {"uv": [3, 6, 4, 14], "texture": "#0", "cullface": "south"},
				"up": {"uv": [3, 6, 5, 7], "texture": "#0", "cullface": "south"},
				"down": {"uv": [3, 13, 5, 14], "rotation": 180, "texture": "#0", "cullface": "south"}
			}
		},
		{
			"from": [1, 1, 16],
			"to": [15, 3, 17],
			"faces": {
				"south": {"uv": [1, 13, 15, 15], "texture": "#0", "cullface": "south"},
				"up": {"uv": [1, 13, 15, 14], "texture": "#0", "cullface": "south"},
				"down": {"uv": [1, 14, 15, 15], "rotation": 180, "texture": "#0", "cullface": "south"}
			}
		},
		{
			"from": [7, 1, 17],
			"to": [9, 9, 18],
			"faces": {
				"north": {"uv": [7, 7, 9, 15], "texture": "#0", "cullface": "south"},
				"east": {"uv": [8, 7, 9, 15], "texture": "#0", "cullface": "south"},
				"south": {"uv": [7, 7, 9, 15], "texture": "#0", "cullface": "south"},
				"west": {"uv": [7, 7, 8, 15], "texture": "#0", "cullface": "south"},
				"up": {"uv": [7, 7, 9, 8], "texture": "#0", "cullface": "south"},
				"down": {"uv": [7, 14, 9, 15], "rotation": 180, "texture": "#0", "cullface": "south"}
			}
		},
		{
			"from": [12, 1, 17],
			"to": [14, 10, 18],
			"faces": {
				"north": {"uv": [12, 6, 14, 15], "texture": "#0", "cullface": "south"},
				"east": {"uv": [13, 6, 14, 15], "texture": "#0", "cullface": "south"},
				"south": {"uv": [12, 6, 14, 15], "texture": "#0", "cullface": "south"},
				"west": {"uv": [12, 6, 13, 15], "texture": "#0", "cullface": "south"},
				"up": {"uv": [12, 6, 14, 7], "texture": "#0", "cullface": "south"},
				"down": {"uv": [12, 14, 14, 15], "rotation": 180, "texture": "#0", "cullface": "south"}
			}
		},
		{
			"from": [15, 0, 16],
			"to": [16, 16, 18],
			"faces": {
				"east": {"uv": [15, 0, 16, 16], "texture": "#0", "cullface": "south"},
				"south": {"uv": [15, 0, 16, 16], "texture": "#0", "cullface": "south"},
				"west": {"uv": [15, 0, 16, 16], "texture": "#0", "cullface": "south"},
				"up": {"uv": [15, 0, 16, 1], "rotation": 270, "texture": "#0", "cullface": "south"},
				"down": {"uv": [15, 15, 16, 16], "rotation": 90, "texture": "#0", "cullface": "south"}
			}
		},
		{
			"from": [1, 8, -1],
			"to": [15, 10, 0],
			"faces": {
				"north": {"uv": [1, 6, 15, 8], "texture": "#0", "cullface": "north"},
				"up": {"uv": [1, 6, 15, 7], "rotation": 180, "texture": "#0", "cullface": "north"},
				"down": {"uv": [1, 7, 15, 8], "texture": "#0", "cullface": "north"}
			}
		},
		{
			"from": [15, 0, -2],
			"to": [16, 16, 0],
			"faces": {
				"north": {"uv": [0, 0, 1, 16], "texture": "#0", "cullface": "north"},
				"east": {"uv": [0, 0, 1, 16], "texture": "#0", "cullface": "north"},
				"west": {"uv": [0, 0, 1, 16], "texture": "#0", "cullface": "north"},
				"up": {"uv": [0, 0, 1, 1], "rotation": 90, "texture": "#0", "cullface": "north"},
				"down": {"uv": [0, 15, 1, 16], "rotation": 270, "texture": "#0", "cullface": "north"}
			}
		},
		{
			"from": [11, 2, -2],
			"to": [13, 10, -1],
			"faces": {
				"north": {"uv": [3, 6, 5, 14], "texture": "#0", "cullface": "north"},
				"east": {"uv": [3, 6, 4, 14], "texture": "#0", "cullface": "north"},
				"south": {"uv": [3, 6, 5, 14], "texture": "#0", "cullface": "north"},
				"west": {"uv": [4, 6, 5, 14], "texture": "#0", "cullface": "north"},
				"up": {"uv": [3, 6, 5, 7], "rotation": 180, "texture": "#0", "cullface": "north"},
				"down": {"uv": [3, 13, 5, 14], "texture": "#0", "cullface": "north"}
			}
		},
		{
			"from": [1, 1, -1],
			"to": [15, 3, 0],
			"faces": {
				"north": {"uv": [1, 13, 15, 15], "texture": "#0", "cullface": "north"},
				"up": {"uv": [1, 13, 15, 14], "rotation": 180, "texture": "#0", "cullface": "north"},
				"down": {"uv": [1, 14, 15, 15], "texture": "#0", "cullface": "north"}
			}
		},
		{
			"from": [7, 1, -2],
			"to": [9, 9, -1],
			"faces": {
				"north": {"uv": [7, 7, 9, 15], "texture": "#0", "cullface": "north"},
				"east": {"uv": [7, 7, 8, 15], "texture": "#0", "cullface": "north"},
				"south": {"uv": [7, 7, 9, 15], "texture": "#0", "cullface": "north"},
				"west": {"uv": [8, 7, 9, 15], "texture": "#0", "cullface": "north"},
				"up": {"uv": [7, 7, 9, 8], "rotation": 180, "texture": "#0", "cullface": "north"},
				"down": {"uv": [7, 14, 9, 15], "texture": "#0", "cullface": "north"}
			}
		},
		{
			"from": [2, 1, -2],
			"to": [4, 10, -1],
			"faces": {
				"north": {"uv": [12, 6, 14, 15], "texture": "#0", "cullface": "north"},
				"east": {"uv": [12, 6, 13, 15], "texture": "#0", "cullface": "north"},
				"south": {"uv": [12, 6, 14, 15], "texture": "#0", "cullface": "north"},
				"west": {"uv": [13, 6, 14, 15], "texture": "#0", "cullface": "north"},
				"up": {"uv": [12, 6, 14, 7], "rotation": 180, "texture": "#0", "cullface": "north"},
				"down": {"uv": [12, 14, 14, 15], "texture": "#0", "cullface": "north"}
			}
		},
		{
			"from": [0, 0, -2],
			"to": [1, 16, 0],
			"faces": {
				"north": {"uv": [15, 0, 16, 16], "texture": "#0", "cullface": "north"},
				"east": {"uv": [15, 0, 16, 16], "texture": "#0", "cullface": "north"},
				"west": {"uv": [15, 0, 16, 16], "texture": "#0", "cullface": "north"},
				"up": {"uv": [15, 0, 16, 1], "rotation": 90, "texture": "#0", "cullface": "north"},
				"down": {"uv": [15, 15, 16, 16], "rotation": 270, "texture": "#0", "cullface": "north"}
			}
		}
	]
}