{
	"credit": "by Katniss",
	"textures": {
		"0": "block/plate",
		"particle": "block/plate"
	},
	"elements": [
		{
			"name": "plate_0",
			"from": [6, 0.25, 2],
			"to": [10, 1.25, 14],
			"faces": {
				"north": {"uv": [10, 2, 6, 3], "texture": "#0"},
				"east": {"uv": [9, 2, 10, 14], "rotation": 90, "texture": "#0"},
				"south": {"uv": [6, 13, 10, 14], "texture": "#0"},
				"west": {"uv": [6, 2, 7, 14], "rotation": 270, "texture": "#0"},
				"up": {"uv": [6, 2, 10, 14], "texture": "#0"},
				"down": {"uv": [6, 14, 10, 2], "texture": "#0"}
			}
		},
		{
			"name": "plate_1",
			"from": [4, 0.25, 3],
			"to": [6, 1.25, 13],
			"faces": {
				"north": {"uv": [6, 3, 4, 4], "texture": "#0"},
				"east": {"uv": [5, 3, 6, 13], "rotation": 90, "texture": "#0"},
				"south": {"uv": [4, 12, 6, 13], "texture": "#0"},
				"west": {"uv": [4, 3, 5, 13], "rotation": 270, "texture": "#0"},
				"up": {"uv": [4, 3, 6, 13], "texture": "#0"},
				"down": {"uv": [4, 13, 6, 3], "texture": "#0"}
			}
		},
		{
			"name": "plate_2",
			"from": [10, 0.25, 3],
			"to": [12, 1.25, 13],
			"faces": {
				"north": {"uv": [12, 3, 10, 4], "texture": "#0"},
				"east": {"uv": [11, 3, 12, 13], "rotation": 90, "texture": "#0"},
				"south": {"uv": [10, 12, 12, 13], "texture": "#0"},
				"west": {"uv": [10, 3, 11, 13], "rotation": 270, "texture": "#0"},
				"up": {"uv": [10, 3, 12, 13], "texture": "#0"},
				"down": {"uv": [10, 13, 12, 3], "texture": "#0"}
			}
		},
		{
			"name": "plate_3",
			"from": [3, 0.25, 4],
			"to": [4, 1.25, 12],
			"faces": {
				"north": {"uv": [4, 4, 3, 5], "texture": "#0"},
				"east": {"uv": [3, 4, 4, 12], "rotation": 90, "texture": "#0"},
				"south": {"uv": [3, 11, 4, 12], "texture": "#0"},
				"west": {"uv": [3, 4, 4, 12], "rotation": 270, "texture": "#0"},
				"up": {"uv": [3, 4, 4, 12], "texture": "#0"},
				"down": {"uv": [3, 12, 4, 4], "texture": "#0"}
			}
		},
		{
			"name": "plate_4",
			"from": [12, 0.25, 4],
			"to": [13, 1.25, 12],
			"faces": {
				"north": {"uv": [13, 4, 12, 5], "texture": "#0"},
				"east": {"uv": [12, 4, 13, 12], "rotation": 90, "texture": "#0"},
				"south": {"uv": [12, 11, 13, 12], "texture": "#0"},
				"west": {"uv": [12, 4, 13, 12], "rotation": 270, "texture": "#0"},
				"up": {"uv": [12, 4, 13, 12], "texture": "#0"},
				"down": {"uv": [12, 12, 13, 4], "texture": "#0"}
			}
		},
		{
			"name": "plate_5",
			"from": [2, 0.25, 6],
			"to": [3, 1.25, 10],
			"faces": {
				"north": {"uv": [3, 6, 2, 7], "texture": "#0"},
				"east": {"uv": [2, 6, 3, 10], "rotation": 90, "texture": "#0"},
				"south": {"uv": [2, 9, 3, 10], "texture": "#0"},
				"west": {"uv": [2, 6, 3, 10], "rotation": 270, "texture": "#0"},
				"up": {"uv": [2, 6, 3, 10], "texture": "#0"},
				"down": {"uv": [2, 10, 3, 6], "texture": "#0"}
			}
		},
		{
			"name": "plate_6",
			"from": [13, 0.25, 6],
			"to": [14, 1.25, 10],
			"faces": {
				"north": {"uv": [14, 6, 13, 7], "texture": "#0"},
				"east": {"uv": [13, 6, 14, 10], "rotation": 90, "texture": "#0"},
				"south": {"uv": [13, 9, 14, 10], "texture": "#0"},
				"west": {"uv": [13, 6, 14, 10], "rotation": 270, "texture": "#0"},
				"up": {"uv": [13, 6, 14, 10], "texture": "#0"},
				"down": {"uv": [13, 10, 14, 6], "texture": "#0"}
			}
		}
	]
}