{
	"ambientocclusion": false,
	"textures": {
		"texture": "block/ladder",
		"particle": "block/ladder"
	},
	"elements": [
		{
			"name": "cube",
			"from": [12, 0, 14.75],
			"to": [14, 16, 15.75],
			"faces": {
				"north": {
					"uv": [12, 0, 14, 16],
					"texture": "#texture"
				},
				"east": {
					"uv": [12, 0, 13, 16],
					"texture": "#texture"
				},
				"south": {
					"uv": [14, 0, 12, 16],
					"texture": "#texture"
				},
				"west": {
					"uv": [13, 0, 14, 16],
					"texture": "#texture"
				},
				"up": {"uv": [14, 0, 12, 1], "texture": "#texture"},
				"down": {
					"uv": [14, 15, 12, 16],
					"texture": "#texture"
				}
			}
		},
		{
			"name": "cube",
			"from": [2, 0, 14.75],
			"to": [4, 16, 15.75],
			"faces": {
				"north": {
					"uv": [12, 0, 14, 16],
					"texture": "#texture"
				},
				"east": {
					"uv": [12, 0, 13, 16],
					"texture": "#texture"
				},
				"south": {
					"uv": [14, 0, 12, 16],
					"texture": "#texture"
				},
				"west": {
					"uv": [13, 0, 14, 16],
					"texture": "#texture"
				},
				"up": {"uv": [14, 0, 12, 1], "texture": "#texture"},
				"down": {
					"uv": [14, 15, 12, 16],
					"texture": "#texture"
				}
			}
		},
		{
			"name": "cube",
			"from": [1, 3, 13.75],
			"to": [15, 5, 14.75],
			"faces": {
				"north": {
					"uv": [1, 11, 15, 13],
					"texture": "#texture"
				},
				"east": {
					"uv": [1, 11, 2, 13],
					"texture": "#texture"
				},
				"south": {
					"uv": [15, 11, 1, 13],
					"texture": "#texture"
				},
				"west": {
					"uv": [14, 11, 15, 13],
					"texture": "#texture"
				},
				"up": {
					"uv": [15, 11, 1, 12],
					"texture": "#texture"
				},
				"down": {
					"uv": [15, 12, 1, 13],
					"texture": "#texture"
				}
			}
		},
		{
			"name": "cube",
			"from": [1, 11, 13.75],
			"to": [15, 13, 14.75],
			"faces": {
				"north": {
					"uv": [1, 3, 15, 5],
					"texture": "#texture"
				},
				"east": {"uv": [1, 3, 2, 5], "texture": "#texture"},
				"south": {
					"uv": [15, 3, 1, 5],
					"texture": "#texture"
				},
				"west": {
					"uv": [14, 3, 15, 5],
					"texture": "#texture"
				},
				"up": {"uv": [15, 3, 1, 4], "texture": "#texture"},
				"down": {"uv": [15, 4, 1, 5], "texture": "#texture"}
			}
		}
	]
}