{
	"credit": "Made with Blockbench",
	"textures": {
		"0": "block/grass_path_top",
		"1": "block/grass_path_slab_side",
		"2": "block/dirt",
		"particle": "block/grass_path_top"
	},
	"elements": [
		{
			"from": [-0.001, -1, -0.001],
			"to": [16.001, 7, 16.001],
			"faces": {
				"north": {"uv": [0, 8, 16, 16], "texture": "#1"},
				"east": {"uv": [0, 8, 16, 16], "texture": "#1"},
				"south": {"uv": [0, 8, 16, 16], "texture": "#1"},
				"west": {"uv": [0, 8, 16, 16], "texture": "#1"},
				"up": {"uv": [0, 0, 16, 16], "texture": "#0"},
				"down": {"uv": [0, 0, 16, 16], "texture": "#2"}
			}
		}
	]
}