{
	"textures": {
		"0": "item/sniper",
		"particle": "item/sniper"
	},
	"elements": [
		{
			"from": [0.5, -1, 7.5],
			"to": [2, 1.5, 8.5],
			"faces": {
				"north": {"uv": [14.5, 8, 16, 10.5], "texture": "#0"},
				"east": {"uv": [14.5, 8, 15, 10.5], "texture": "#0"},
				"south": {"uv": [16, 8, 14.5, 10.5], "texture": "#0"},
				"west": {"uv": [15, 8, 16, 10.5], "texture": "#0"},
				"up": {"uv": [16, 7, 14.5, 8], "texture": "#0"},
				"down": {"uv": [16, 10.5, 14.5, 11.5], "texture": "#0"}
			}
		},
		{
			"from": [6, 1, 7.5],
			"to": [19.5, 2, 8.5],
			"faces": {
				"north": {"uv": [1, 1.5, 14.5, 2.5], "texture": "#0"},
				"east": {"uv": [0, 0, 1, 1], "texture": "#0"},
				"south": {"uv": [14.5, 1.5, 1, 2.5], "texture": "#0"},
				"up": {"uv": [1, 0, 14.5, 1], "texture": "#0", "rotation": 180},
				"down": {"uv": [1, 0, 14.5, 1], "texture": "#0", "rotation": 180}
			}
		},
		{
			"from": [2, -0.5, 7.5],
			"to": [4, 1.5, 8.5],
			"faces": {
				"north": {"uv": [12.5, 8, 14.5, 10], "texture": "#0"},
				"east": {"uv": [12.5, 8, 13, 10], "texture": "#0"},
				"south": {"uv": [14.5, 8, 12.5, 10], "texture": "#0"},
				"up": {"uv": [14.5, 7, 12.5, 8], "texture": "#0"},
				"down": {"uv": [14.5, 10.5, 12.5, 11.5], "texture": "#0"}
			}
		},
		{
			"from": [4, 0, 7.5],
			"to": [5.5, 1.5, 8.5],
			"faces": {
				"north": {"uv": [11, 8, 12.5, 9.5], "texture": "#0"},
				"east": {"uv": [11, 8, 11.5, 9.5], "texture": "#0"},
				"south": {"uv": [12.5, 8, 11, 9.5], "texture": "#0"},
				"up": {"uv": [12.5, 7, 11, 8], "texture": "#0"},
				"down": {"uv": [12.5, 10.5, 11, 11.5], "texture": "#0"}
			}
		},
		{
			"from": [12.5, 2.5, 7.25],
			"to": [13, 4, 8.75],
			"faces": {
				"north": {"uv": [2.5, 3, 3, 4.5], "texture": "#0"},
				"east": {"uv": [1, 3, 2.5, 4.5], "texture": "#0"},
				"south": {"uv": [2.5, 3, 3, 4.5], "texture": "#0"},
				"west": {"uv": [2.5, 3, 1, 4.5], "texture": "#0"},
				"up": {"uv": [1, 2.5, 2.5, 3], "texture": "#0", "rotation": 90},
				"down": {"uv": [1, 2.5, 2.5, 3], "texture": "#0", "rotation": 90}
			}
		},
		{
			"from": [6, 2.5, 7.25],
			"to": [8.5, 4, 8.75],
			"faces": {
				"north": {"uv": [3, 3, 5.5, 4.5], "texture": "#0"},
				"east": {"uv": [1, 3, 2.5, 4.5], "texture": "#0"},
				"south": {"uv": [5.5, 3, 3, 4.5], "texture": "#0"},
				"west": {"uv": [3.5, 4.5, 5, 6], "texture": "#0"},
				"up": {"uv": [5.5, 3, 3, 4.5], "texture": "#0"},
				"down": {"uv": [5.5, 3, 3, 4.5], "texture": "#0"}
			}
		},
		{
			"from": [5, 2.75, 7.5],
			"to": [6, 3.75, 8.5],
			"faces": {
				"north": {"uv": [5.5, 3.5, 6.5, 4.5], "texture": "#0"},
				"east": {"uv": [5.5, 3.5, 6.5, 4.5], "texture": "#0"},
				"south": {"uv": [6.5, 3.5, 5.5, 4.5], "texture": "#0"},
				"west": {"uv": [6, 4.5, 5, 5.5], "texture": "#0"},
				"up": {"uv": [6.5, 3.5, 5.5, 4.5], "texture": "#0"},
				"down": {"uv": [6.5, 3.5, 5.5, 4.5], "texture": "#0"}
			}
		},
		{
			"from": [6, 0.5, 7.25],
			"to": [14, 1.5, 8.75],
			"faces": {
				"north": {"uv": [6.5, 2, 14.5, 3], "texture": "#0"},
				"east": {"uv": [6.5, 2, 8, 3], "texture": "#0"},
				"south": {"uv": [14.5, 2, 6.5, 3], "texture": "#0"},
				"west": {"uv": [13, 2, 14.5, 3], "texture": "#0"},
				"up": {"uv": [6.5, 3.5, 14.5, 5], "texture": "#0"},
				"down": {"uv": [6.5, 5, 14.5, 6.5], "texture": "#0"}
			}
		},
		{
			"from": [14, 0.5, 7.75],
			"to": [15.5, 1, 8.25],
			"faces": {
				"north": {"uv": [5, 2.5, 6.5, 3], "texture": "#0"},
				"east": {"uv": [5, 2.5, 5.5, 3], "texture": "#0"},
				"south": {"uv": [6.5, 2.5, 5, 3], "texture": "#0"},
				"up": {"uv": [5, 2.5, 6.5, 3], "texture": "#0"},
				"down": {"uv": [6.5, 2.5, 5, 3], "texture": "#0"}
			}
		},
		{
			"from": [18.5, 2, 8],
			"to": [19, 3, 8],
			"faces": {
				"north": {"uv": [0, 4, 0.5, 5], "texture": "#0"},
				"south": {"uv": [0, 4, 0.5, 5], "texture": "#0"}
			}
		},
		{
			"from": [8, 0.5, 7],
			"to": [8.5, 1.5, 7.5],
			"faces": {
				"north": {"uv": [6.5, 9.5, 7, 10.5], "texture": "#0"},
				"east": {"uv": [6.5, 9.5, 7, 10.5], "texture": "#0"},
				"west": {"uv": [6.5, 9.5, 7, 10.5], "texture": "#0"},
				"down": {"uv": [6.5, 10, 7, 10.5], "texture": "#0"}
			}
		},
		{
			"from": [8, 1.5, 6.9999],
			"to": [8.5, 3, 7.4999],
			"rotation": {"angle": -22.5, "axis": "z", "origin": [8, 1.5, 7.2499]},
			"faces": {
				"north": {"uv": [6.5, 8, 7, 9.5], "texture": "#0"},
				"east": {"uv": [6.5, 8, 7, 9.5], "texture": "#0"},
				"south": {"uv": [6.5, 8, 7, 9.5], "texture": "#0"},
				"west": {"uv": [6.5, 8, 7, 9.5], "texture": "#0"},
				"up": {"uv": [6.5, 8, 7, 9.5], "texture": "#0"}
			}
		},
		{
			"from": [8.19068, 2.214, 7.2499],
			"to": [10.19068, 2.714, 7.2499],
			"rotation": {"angle": -22.5, "axis": "z", "origin": [8.94068, 2.464, 7.2499]},
			"faces": {
				"north": {"uv": [5.5, 7.5, 7.5, 8], "texture": "#0"},
				"south": {"uv": [7.5, 7.5, 5.5, 8], "texture": "#0"}
			}
		},
		{
			"from": [8.19068, 2.464, 6.9999],
			"to": [10.19068, 2.464, 7.4999],
			"rotation": {"angle": -22.5, "axis": "z", "origin": [8.94068, 2.464, 7.2499]},
			"faces": {
				"up": {"uv": [7.5, 7.5, 5.5, 8], "texture": "#0"},
				"down": {"uv": [7.5, 7.5, 5.5, 8], "texture": "#0"}
			}
		},
		{
			"from": [6.5, 1.001, 7],
			"to": [7, 1.501, 7.5],
			"faces": {
				"north": {"uv": [8, 9.5, 8.5, 10], "texture": "#0"},
				"east": {"uv": [8, 9.5, 8.5, 10], "texture": "#0"},
				"west": {"uv": [8, 9.5, 8.5, 10], "texture": "#0"},
				"up": {"uv": [8, 9, 8.5, 9.5], "texture": "#0"},
				"down": {"uv": [8, 9.5, 8.5, 10], "texture": "#0"}
			}
		},
		{
			"from": [6.5, 2, 7.75],
			"to": [8, 2.5, 8.25],
			"faces": {
				"north": {"uv": [12.5, 1, 14, 1.5], "texture": "#0"},
				"east": {"uv": [12.5, 1, 13, 1.5], "texture": "#0"},
				"south": {"uv": [12.5, 1, 14, 1.5], "texture": "#0"},
				"west": {"uv": [13.5, 1, 14, 1.5], "texture": "#0"}
			}
		},
		{
			"from": [12.5, 2, 7.75],
			"to": [13, 2.5, 8.25],
			"faces": {
				"north": {"uv": [1.5, 4.5, 2, 5], "texture": "#0"},
				"east": {"uv": [1.5, 4.5, 2, 5], "texture": "#0"},
				"south": {"uv": [1.5, 4.5, 2, 5], "texture": "#0"},
				"west": {"uv": [1.5, 4.5, 2, 5], "texture": "#0"}
			}
		},
		{
			"from": [5.5, 0.5, 7.5],
			"to": [6, 2, 8.5],
			"faces": {
				"north": {"uv": [14.5, 1.5, 15, 3], "texture": "#0"},
				"east": {"uv": [14.5, 1.5, 15, 3], "texture": "#0"},
				"south": {"uv": [14.5, 1.5, 15, 3], "texture": "#0"},
				"west": {"uv": [14.5, 1.5, 15, 3], "texture": "#0"},
				"up": {"uv": [14.5, 1.5, 15, 2], "texture": "#0"},
				"down": {"uv": [14.5, 1.5, 15, 3], "texture": "#0"}
			}
		},
		{
			"from": [7.5, 0, 7.75],
			"to": [8, 0.5, 8.25],
			"rotation": {"angle": 0, "axis": "z", "origin": [8, 0.75, 8]},
			"faces": {
				"north": {"uv": [1, 6.5, 1.5, 7], "texture": "#0"},
				"east": {"uv": [1, 6.5, 1.5, 7], "texture": "#0"},
				"south": {"uv": [1, 6.5, 1.5, 7], "texture": "#0"},
				"west": {"uv": [1, 6.5, 1.5, 7], "texture": "#0"},
				"up": {"uv": [1, 6.5, 1.5, 7], "texture": "#0"},
				"down": {"uv": [1, 6.5, 1.5, 7], "texture": "#0"}
			}
		},
		{
			"from": [7, -0.5, 7.7499],
			"to": [8, 0, 8.2501],
			"rotation": {"angle": 0, "axis": "z", "origin": [8, 0, 7.9999]},
			"faces": {
				"north": {"uv": [1, 7, 2, 7.5], "texture": "#0"},
				"east": {"uv": [1, 7, 1.5, 7.5], "texture": "#0"},
				"south": {"uv": [2, 7, 1, 7.5], "texture": "#0"},
				"west": {"uv": [1, 7, 2, 7.5], "texture": "#0"},
				"up": {"uv": [2, 7, 1, 7.5], "texture": "#0"},
				"down": {"uv": [2, 7, 1, 7.5], "texture": "#0"}
			}
		},
		{
			"from": [4.5, -0.5, 7.7499],
			"to": [7, 0, 8.2501],
			"rotation": {"angle": 22.5, "axis": "z", "origin": [7, 0, 8]},
			"faces": {
				"north": {"uv": [1.5, 7, 4, 7.5], "texture": "#0"},
				"east": {"uv": [1.5, 7, 4, 7.5], "texture": "#0"},
				"south": {"uv": [4, 7, 1.5, 7.5], "texture": "#0"},
				"west": {"uv": [3.5, 7, 4, 7.5], "texture": "#0"},
				"up": {"uv": [4, 7, 1.5, 7.5], "texture": "#0"},
				"down": {"uv": [4, 7, 1.5, 7.5], "texture": "#0"}
			}
		},
		{
			"from": [11, 2, 7.75],
			"to": [11.5, 2.5, 8.25],
			"faces": {
				"north": {"uv": [1.5, 4.5, 2, 5], "texture": "#0"},
				"east": {"uv": [1.5, 4.5, 2, 5], "texture": "#0"},
				"south": {"uv": [1.5, 4.5, 2, 5], "texture": "#0"},
				"west": {"uv": [1.5, 4.5, 2, 5], "texture": "#0"}
			}
		},
		{
			"from": [11, 2.5, 7.25],
			"to": [11.5, 4, 8.75],
			"faces": {
				"north": {"uv": [2.5, 3, 3, 4.5], "texture": "#0"},
				"east": {"uv": [1, 3, 2.5, 4.5], "texture": "#0"},
				"south": {"uv": [2.5, 3, 3, 4.5], "texture": "#0"},
				"west": {"uv": [2.5, 3, 1, 4.5], "texture": "#0"},
				"up": {"uv": [1, 2.5, 2.5, 3], "texture": "#0", "rotation": 90},
				"down": {"uv": [1, 2.5, 2.5, 3], "texture": "#0", "rotation": 90}
			}
		}
	],
	"display": {
		"thirdperson_righthand": {
			"scale": [1.5, 1.5, 1.5],
			"rotation": [0, 90, 0],
			"translation": [-1, 11, -2]
		},
		"thirdperson_lefthand": {
			"scale": [1.5, 1.5, 1.5],
			"rotation": [0, -90, 0],
			"translation": [-1, 11, -2]
		},
		"firstperson_righthand": {
			"rotation": [0, 90, 0],
			"translation": [-4, 12, 3]
		},
		"firstperson_lefthand": {
			"rotation": [0, -90, 0],
			"translation": [-4, 12, 3]
		},
		"ground": {
			"rotation": [0, 0, 22.5],
			"translation": [-4.5, 4.5, 0]
		},
		"fixed": {
			"scale": [1.5, 1.5, 1.5],
			"translation": [-3.5, 9.5, 0]
		},
		"gui": {
			"rotation": [-35, -22, -45],
			"translation": [3, 6, 0]
		}
	}
}