{
	"credit": "by Katniss",
	"textures": {
		"0": "_weapon/arming_sword"
	},
	"elements": [
		{
			"from": [7.5, 0, 7.5],
			"to": [8.5, 4, 8.5],
			"faces": {
				"north": {"uv": [3.5, 1.5, 4.5, 5.5], "texture": "#0"},
				"east": {"uv": [4.5, 1.5, 5.5, 5.5], "texture": "#0"},
				"south": {"uv": [3.5, 1.5, 4.5, 5.5], "texture": "#0"},
				"west": {"uv": [4.5, 1.5, 5.5, 5.5], "texture": "#0"},
				"down": {"uv": [3.5, 5.5, 4.5, 6.5], "texture": "#0"}
			}
		},
		{
			"from": [6, 4, 7.5],
			"to": [10, 4.5, 8.5],
			"faces": {
				"north": {"uv": [2, 1, 6, 1.5], "texture": "#0"},
				"east": {"uv": [6.5, 0.5, 7.5, 1], "texture": "#0"},
				"south": {"uv": [6, 1, 2, 1.5], "texture": "#0"},
				"west": {"uv": [6.5, 0, 7.5, 0.5], "texture": "#0"},
				"up": {"uv": [6, 0, 2, 1], "texture": "#0"},
				"down": {"uv": [6, 0, 2, 1], "texture": "#0"}
			}
		},
		{
			"from": [7, 4.5, 7.75],
			"to": [9, 11, 8.25],
			"faces": {
				"north": {"uv": [0, 3.5, 2, 10], "texture": "#0"},
				"east": {"uv": [0, 3.5, 0.5, 10], "texture": "#0"},
				"south": {"uv": [2, 3.5, 0, 10], "texture": "#0"},
				"west": {"uv": [1.5, 3.5, 2, 10], "texture": "#0"},
				"up": {"uv": [2, 3.5, 0, 4], "texture": "#0"}
			}
		},
		{
			"from": [7.5, 11, 7.75],
			"to": [8.5, 14.5, 8.25],
			"faces": {
				"north": {"uv": [0.5, 0, 1.5, 3.5], "texture": "#0"},
				"east": {"uv": [0.5, 0, 1, 3.5], "texture": "#0"},
				"south": {"uv": [1.5, 0, 0.5, 3.5], "texture": "#0"},
				"west": {"uv": [1, 0, 1.5, 3.5], "texture": "#0"},
				"up": {"uv": [1.5, 0, 0.5, 0.5], "texture": "#0"}
			}
		}
	],
	"display": {
		"thirdperson_righthand": {
			"scale": [1.5, 1.5, 1.5],
			"rotation": [0, 90, 0],
			"translation": [0, 6.5, 2]
		},
		"thirdperson_lefthand": {
			"scale": [1.5, 1.5, 1.5],
			"rotation": [0, -90, 0],
			"translation": [0, 6.5, 2]
		},
		"firstperson_righthand": {
			"rotation": [5, 90, 0],
			"translation": [0, 5.5, 2]
		},
		"firstperson_lefthand": {
			"rotation": [5, -90, 0],
			"translation": [0, 5.5, 2]
		},
		"ground": {
			"rotation": [-60, 90, 0],
			"translation": [0, 1, -0.5],
			"scale": [0.75, 0.75, 0.75]
		},
		"fixed": {
			"rotation": [0, 0, 0],
			"translation": [0, 1, 0],
			"scale": [1.5, 1.5, 1.5]
		},
		"gui": {
			"scale": [0.9, 0.9, 0.9],
			"rotation": [22.5, 0, -45],
			"translation": [0.5, 0.5, 0]
		}
	}
}