{
	"credit": "by Katniss",
	"textures": {
		"0": "_weapon/obsidian_sword"
	},
	"elements": [
		{
			"from": [7.25, 0.5, 7.5],
			"to": [8.75, 1, 8.5],
			"faces": {
				"north": {"uv": [6.5, 4.5, 8, 5], "texture": "#0"},
				"east": {"uv": [8, 4.5, 9, 5], "texture": "#0"},
				"south": {"uv": [6.5, 4.5, 8, 5], "texture": "#0"},
				"west": {"uv": [8, 4.5, 9, 5], "texture": "#0"},
				"up": {"uv": [6.5, 4.5, 5, 5.5], "texture": "#0"},
				"down": {"uv": [6.5, 4.5, 5, 5.5], "texture": "#0"}
			}
		},
		{
			"from": [7.5, 1, 7.5],
			"to": [8.5, 4, 8.5],
			"faces": {
				"north": {"uv": [6.5, 1.5, 7.5, 4.5], "texture": "#0"},
				"east": {"uv": [8, 1.5, 9, 4.5], "texture": "#0"},
				"south": {"uv": [6.5, 1.5, 7.5, 4.5], "texture": "#0"},
				"west": {"uv": [8, 1.5, 9, 4.5], "texture": "#0"}
			}
		},
		{
			"from": [7, 6.5, 7.75],
			"to": [9, 13, 8.25],
			"faces": {
				"north": {"uv": [0, 3.5, 2, 10], "texture": "#0"},
				"east": {"uv": [0, 3.5, 0.5, 10], "texture": "#0"},
				"south": {"uv": [2, 3.5, 0, 10], "texture": "#0"},
				"west": {"uv": [1.5, 3.5, 2, 10], "texture": "#0"},
				"up": {"uv": [2, 3.5, 0, 4], "texture": "#0"},
				"down": {"uv": [2, 9.5, 0, 10], "texture": "#0"}
			}
		},
		{
			"from": [7.5, 13, 7.75],
			"to": [8.5, 16.5, 8.25],
			"faces": {
				"north": {"uv": [0.5, 0, 1.5, 3.5], "texture": "#0"},
				"east": {"uv": [0.5, 0, 1, 3.5], "texture": "#0"},
				"south": {"uv": [1.5, 0, 0.5, 3.5], "texture": "#0"},
				"west": {"uv": [1, 0, 1.5, 3.5], "texture": "#0"},
				"up": {"uv": [1.5, 0, 0.5, 0.5], "texture": "#0"}
			}
		},
		{
			"from": [7.75, 5, 7.5],
			"to": [8.25, 7, 8.5],
			"faces": {
				"north": {"uv": [3.5, 0, 4, 2], "texture": "#0"},
				"east": {"uv": [3.5, 0, 4, 2], "texture": "#0"},
				"south": {"uv": [4, 0, 3.5, 2], "texture": "#0"},
				"west": {"uv": [3.5, 0, 4, 2], "texture": "#0"},
				"up": {"uv": [3.5, 0, 4, 0.5], "texture": "#0"}
			}
		},
		{
			"from": [7.25, 6, 7.75],
			"to": [8.75, 6.5, 8.25],
			"faces": {
				"north": {"uv": [3, 0.5, 4.5, 1], "texture": "#0"},
				"east": {"uv": [3, 0.5, 3.5, 1], "texture": "#0"},
				"south": {"uv": [4.5, 0.5, 3, 1], "texture": "#0"},
				"west": {"uv": [4, 0.5, 4.5, 1], "texture": "#0"}
			}
		},
		{
			"from": [6.75, 5.5, 7.75],
			"to": [9.25, 6, 8.25],
			"faces": {
				"north": {"uv": [2.5, 1, 5, 1.5], "texture": "#0"},
				"east": {"uv": [2.5, 1, 3, 1.5], "texture": "#0"},
				"south": {"uv": [5, 1, 2.5, 1.5], "texture": "#0"},
				"west": {"uv": [4.5, 1, 5, 1.5], "texture": "#0"},
				"up": {"uv": [5, 1, 2.5, 1.5], "texture": "#0"},
				"down": {"uv": [5, 1, 2.5, 1.5], "texture": "#0"}
			}
		},
		{
			"from": [7.25, 5, 7.75],
			"to": [8.75, 5.5, 8.25],
			"faces": {
				"north": {"uv": [3, 1.5, 4.5, 2], "texture": "#0"},
				"east": {"uv": [3, 1.5, 3.5, 2], "texture": "#0"},
				"south": {"uv": [4.5, 1.5, 3, 2], "texture": "#0"},
				"west": {"uv": [4, 1.5, 4.5, 2], "texture": "#0"}
			}
		},
		{
			"from": [6.25, 4.5, 7.5],
			"to": [9.75, 5, 8.5],
			"faces": {
				"north": {"uv": [2, 2, 5.5, 2.5], "texture": "#0"},
				"east": {"uv": [9, 0.5, 10, 1], "texture": "#0"},
				"south": {"uv": [5.5, 2, 2, 2.5], "texture": "#0"},
				"west": {"uv": [9, 0, 10, 0.5], "texture": "#0"},
				"up": {"uv": [5.5, 2.5, 2, 3.5], "texture": "#0"},
				"down": {"uv": [5.5, 2.5, 2, 3.5], "texture": "#0"}
			}
		},
		{
			"from": [7.25, 0, 7.5],
			"to": [8.25, 0.5, 8.5],
			"faces": {
				"north": {"uv": [7, 5, 8, 5.5], "texture": "#0"},
				"east": {"uv": [8, 5, 9, 5.5], "texture": "#0"},
				"south": {"uv": [7, 5, 8, 5.5], "texture": "#0"},
				"west": {"uv": [8, 5, 9, 5.5], "texture": "#0"},
				"down": {"uv": [6.5, 5.5, 5.5, 6.5], "texture": "#0"}
			}
		},
		{
			"from": [7, 4, 7.5],
			"to": [9, 4.5, 8.5],
			"faces": {
				"north": {"uv": [6, 1, 8, 1.5], "texture": "#0"},
				"east": {"uv": [9, 1.5, 10, 2], "texture": "#0"},
				"south": {"uv": [8, 1, 6, 1.5], "texture": "#0"},
				"west": {"uv": [9, 1, 10, 1.5], "texture": "#0"},
				"down": {"uv": [8, 0, 6, 1], "texture": "#0"}
			}
		}
	],
	"display": {
		"thirdperson_righthand": {
			"scale": [1.5, 1.5, 1.5],
			"rotation": [0, 90, 0],
			"translation": [0, 6, 2]
		},
		"thirdperson_lefthand": {
			"scale": [1.5, 1.5, 1.5],
			"rotation": [0, -90, 0],
			"translation": [0, 6, 2]
		},
		"firstperson_righthand": {
			"rotation": [5, 90, 0],
			"translation": [0, 5, 2]
		},
		"firstperson_lefthand": {
			"rotation": [5, -90, 0],
			"translation": [0, 5, 2]
		},
		"ground": {
			"rotation": [-60, 90, 0],
			"translation": [0, 1, 0.5],
			"scale": [0.75, 0.75, 0.75]
		},
		"fixed": {
			"rotation": [0, 0, 0],
			"translation": [0, -0.5, 0],
			"scale": [1.5, 1.5, 1.5]
		},
		"gui": {
			"scale": [0.9, 0.9, 0.9],
			"rotation": [22.5, 0, -45],
			"translation": [-0.5, -0.5, 0]
		}
	}
}