{
	"credit": "by Katniss",
	"textures": {
		"0": "_weapon/steel_guisarme",
		"particle": "_weapon/steel_guisarme"
	},
	"elements": [
		{
			"from": [7.5, -3, 7.5],
			"to": [8.5, 13, 8.5],
			"faces": {
				"north": {"uv": [0, 0, 1, 16], "texture": "#0"},
				"east": {"uv": [1, 0, 2, 16], "texture": "#0"},
				"south": {"uv": [0, 0, 1, 16], "texture": "#0"},
				"west": {"uv": [1, 0, 2, 16], "texture": "#0"},
				"down": {"uv": [2, 6.5, 3, 7.5], "texture": "#0"}
			}
		},
		{
			"from": [7.5, 13, 7.5],
			"to": [8.5, 17, 8.5],
			"faces": {
				"north": {"uv": [5, 7, 6, 11], "texture": "#0"},
				"east": {"uv": [6, 7, 7, 11], "texture": "#0"},
				"south": {"uv": [5, 7, 6, 11], "texture": "#0"},
				"west": {"uv": [6, 7, 7, 11], "texture": "#0"},
				"up": {"uv": [3, 5.5, 2, 6.5], "texture": "#0"}
			}
		},
		{
			"from": [7.5, 17, 7.75],
			"to": [9.5, 17.5, 8.25],
			"faces": {
				"north": {"uv": [4, 6.5, 6, 7], "texture": "#0"},
				"east": {"uv": [4, 6.5, 4.5, 7], "texture": "#0"},
				"south": {"uv": [6, 6.5, 4, 7], "texture": "#0"},
				"west": {"uv": [5.5, 6.5, 6, 7], "texture": "#0"},
				"down": {"uv": [6, 6.5, 4, 7], "texture": "#0"}
			}
		},
		{
			"from": [8.5, 16, 7.75],
			"to": [9, 17, 8.25],
			"faces": {
				"north": {"uv": [4.5, 7, 5, 8], "texture": "#0"},
				"east": {"uv": [4.5, 7, 5, 8], "texture": "#0"},
				"south": {"uv": [5, 7, 4.5, 8], "texture": "#0"},
				"west": {"uv": [4.5, 7, 5, 8], "texture": "#0"},
				"down": {"uv": [5, 7.5, 4.5, 8], "texture": "#0"}
			}
		},
		{
			"from": [7, 17.5, 7.75],
			"to": [9.5, 18, 8.25],
			"faces": {
				"north": {"uv": [4, 6, 6.5, 6.5], "texture": "#0"},
				"east": {"uv": [4, 6, 4.5, 6.5], "texture": "#0"},
				"south": {"uv": [6.5, 6, 4, 6.5], "texture": "#0"},
				"west": {"uv": [6, 6, 6.5, 6.5], "texture": "#0"},
				"down": {"uv": [4, 6, 6.5, 6.5], "texture": "#0"}
			}
		},
		{
			"from": [6.5, 18, 7.75],
			"to": [10, 18.5, 8.25],
			"faces": {
				"north": {"uv": [3.5, 5.5, 7, 6], "texture": "#0"},
				"east": {"uv": [3.5, 5.5, 4, 6], "texture": "#0"},
				"south": {"uv": [7, 5.5, 3.5, 6], "texture": "#0"},
				"west": {"uv": [6.5, 5.5, 7, 6], "texture": "#0"},
				"up": {"uv": [7, 5.5, 3.5, 6], "texture": "#0"},
				"down": {"uv": [7, 5.5, 3.5, 6], "texture": "#0"}
			}
		},
		{
			"from": [5.5, 18.5, 7.75],
			"to": [9.5, 19, 8.25],
			"faces": {
				"north": {"uv": [4, 5, 8, 5.5], "texture": "#0"},
				"east": {"uv": [4, 5, 4.5, 5.5], "texture": "#0"},
				"south": {"uv": [8, 5, 4, 5.5], "texture": "#0"},
				"west": {"uv": [7.5, 5, 8, 5.5], "texture": "#0"},
				"up": {"uv": [8, 5, 4, 5.5], "texture": "#0"},
				"down": {"uv": [8, 5, 4, 5.5], "texture": "#0"}
			}
		},
		{
			"from": [7.5, 19, 7.75],
			"to": [9.5, 19.5, 8.25],
			"faces": {
				"north": {"uv": [4, 4.5, 6, 5], "texture": "#0"},
				"east": {"uv": [4, 4.5, 4.5, 5], "texture": "#0"},
				"south": {"uv": [6, 4.5, 4, 5], "texture": "#0"},
				"west": {"uv": [5.5, 4.5, 6, 5], "texture": "#0"},
				"up": {"uv": [6, 4.5, 4, 5], "texture": "#0"}
			}
		},
		{
			"from": [7.5, 19.5, 7.75],
			"to": [9, 20.5, 8.25],
			"faces": {
				"north": {"uv": [4.5, 3.5, 6, 4.5], "texture": "#0"},
				"east": {"uv": [4.5, 3.5, 5, 4.5], "texture": "#0"},
				"south": {"uv": [6, 3.5, 4.5, 4.5], "texture": "#0"},
				"west": {"uv": [5.5, 3.5, 6, 4.5], "texture": "#0"}
			}
		},
		{
			"from": [7.5, 20.5, 7.75],
			"to": [9.5, 21, 8.25],
			"faces": {
				"north": {"uv": [4, 3, 6, 3.5], "texture": "#0"},
				"east": {"uv": [4, 3, 4.5, 3.5], "texture": "#0"},
				"south": {"uv": [6, 3, 4, 3.5], "texture": "#0"},
				"west": {"uv": [5.5, 3, 6, 3.5], "texture": "#0"},
				"up": {"uv": [6, 3, 4, 3.5], "texture": "#0"},
				"down": {"uv": [6, 3, 4, 3.5], "texture": "#0"}
			}
		},
		{
			"from": [7.5, 21, 7.75],
			"to": [8.5, 22, 8.25],
			"faces": {
				"north": {"uv": [5, 2, 6, 3], "texture": "#0"},
				"east": {"uv": [5, 2, 5.5, 3], "texture": "#0"},
				"south": {"uv": [6, 2, 5, 3], "texture": "#0"},
				"west": {"uv": [5.5, 2, 6, 3], "texture": "#0"},
				"up": {"uv": [6, 2, 5, 2.5], "texture": "#0"}
			}
		},
		{
			"from": [9, 21, 7.75],
			"to": [10, 21.5, 8.25],
			"faces": {
				"north": {"uv": [3.5, 2.5, 4.5, 3], "texture": "#0"},
				"east": {"uv": [3.5, 2.5, 4, 3], "texture": "#0"},
				"south": {"uv": [4.5, 2.5, 3.5, 3], "texture": "#0"},
				"west": {"uv": [4, 2.5, 4.5, 3], "texture": "#0"},
				"up": {"uv": [4.5, 2.5, 3.5, 3], "texture": "#0"},
				"down": {"uv": [4.5, 2.5, 3.5, 3], "texture": "#0"}
			}
		},
		{
			"from": [7.5, 22, 7.75],
			"to": [8, 24, 8.25],
			"faces": {
				"north": {"uv": [5.5, 0, 6, 2], "texture": "#0"},
				"east": {"uv": [5.5, 0, 6, 2], "texture": "#0"},
				"south": {"uv": [6, 0, 5.5, 2], "texture": "#0"},
				"west": {"uv": [5.5, 0, 6, 2], "texture": "#0"},
				"up": {"uv": [6, 0, 5.5, 0.5], "texture": "#0"}
			}
		}
	],
	"display": {
		"thirdperson_righthand": {
			"scale": [1.5, 1.5, 1.5],
			"rotation": [0, 90, 0],
			"translation": [0, 2.5, 2]
		},
		"thirdperson_lefthand": {
			"scale": [1.5, 1.5, 1.5],
			"rotation": [0, -90, 0],
			"translation": [0, 2.5, 2]
		},
		"firstperson_righthand": {
			"rotation": [-35, 90, 0],
			"translation": [0, 4, 2.5]
		},
		"firstperson_lefthand": {
			"rotation": [-35, -90, 0],
			"translation": [0, 4, 2.5]
		},
		"ground": {
			"rotation": [-60, 90, 0],
			"translation": [0, 1, 1.5],
			"scale": [0.75, 0.75, 0.75]
		},
		"fixed": {
			"rotation": [0, 0, 0],
			"translation": [0, -3.5, 0],
			"scale": [1.5, 1.5, 1.5]
		},
		"gui": {
			"scale": [0.9, 0.9, 0.9],
			"rotation": [22.5, 0, -45],
			"translation": [-1.5, -1.5, 0]
		}
	}
}