{
	"credit": "by Katniss",
	"textures": {
		"0": "_weapon/two_handed_sword"
	},
	"elements": [
		{
			"from": [7.25, 5, 7.75],
			"to": [8.75, 7, 8.25],
			"faces": {
				"north": {"uv": [2.5, 0.5, 4, 2.5], "texture": "#0"},
				"east": {"uv": [2.5, 0.5, 3, 2.5], "texture": "#0"},
				"south": {"uv": [4, 0.5, 2.5, 2.5], "texture": "#0"},
				"west": {"uv": [3.5, 0.5, 4, 2.5], "texture": "#0"}
			}
		},
		{
			"from": [6.75, 7, 7.75],
			"to": [9.25, 7.5, 8.25],
			"faces": {
				"north": {"uv": [2, 0, 4.5, 0.5], "texture": "#0"},
				"east": {"uv": [2, 0, 2.5, 0.5], "texture": "#0"},
				"south": {"uv": [4.5, 0, 2, 0.5], "texture": "#0"},
				"west": {"uv": [4, 0, 4.5, 0.5], "texture": "#0"},
				"up": {"uv": [4.5, 0, 2, 0.5], "texture": "#0"},
				"down": {"uv": [4.5, 0, 2, 0.5], "texture": "#0"}
			}
		},
		{
			"from": [7, 7.5, 7.75],
			"to": [9, 16, 8.25],
			"faces": {
				"north": {"uv": [0, 5.5, 2, 14], "texture": "#0"},
				"east": {"uv": [0, 5.5, 0.5, 14], "texture": "#0"},
				"south": {"uv": [2, 5.5, 0, 14], "texture": "#0"},
				"west": {"uv": [1.5, 5.5, 2, 14], "texture": "#0"},
				"up": {"uv": [2, 5.5, 0, 6], "texture": "#0"}
			}
		},
		{
			"from": [7.5, 16, 7.75],
			"to": [8.5, 21.5, 8.25],
			"faces": {
				"north": {"uv": [0.5, 0, 1.5, 5.5], "texture": "#0"},
				"east": {"uv": [0.5, 0, 1, 5.5], "texture": "#0"},
				"south": {"uv": [1.5, 0, 0.5, 5.5], "texture": "#0"},
				"west": {"uv": [1, 0, 1.5, 5.5], "texture": "#0"},
				"up": {"uv": [1.5, 0, 0.5, 0.5], "texture": "#0"}
			}
		},
		{
			"from": [5.5, 4.5, 7.5],
			"to": [10.5, 5, 8.5],
			"faces": {
				"north": {"uv": [4.5, 1, 9.5, 1.5], "texture": "#0"},
				"east": {"uv": [10, 0.5, 11, 1], "texture": "#0"},
				"south": {"uv": [9.5, 1, 4.5, 1.5], "texture": "#0"},
				"west": {"uv": [10, 0, 11, 0.5], "texture": "#0"},
				"up": {"uv": [9.5, 0, 4.5, 1], "texture": "#0"},
				"down": {"uv": [9.5, 0, 4.5, 1], "texture": "#0"}
			}
		},
		{
			"from": [6.5, 4, 7.75],
			"to": [9.5, 4.5, 8.25],
			"faces": {
				"north": {"uv": [5.5, 1.5, 8.5, 2], "texture": "#0"},
				"east": {"uv": [5.5, 1.5, 6, 2], "texture": "#0"},
				"south": {"uv": [8.5, 1.5, 5.5, 2], "texture": "#0"},
				"west": {"uv": [8, 1.5, 8.5, 2], "texture": "#0"},
				"down": {"uv": [8.5, 1.5, 5.5, 2], "texture": "#0"}
			}
		},
		{
			"from": [7.5, -0.5, 7.5],
			"to": [8.5, 4.5, 8.5],
			"faces": {
				"north": {"uv": [6.5, 1.5, 7.5, 6.5], "texture": "#0"},
				"east": {"uv": [8.5, 1.5, 9.5, 6.5], "texture": "#0"},
				"south": {"uv": [6.5, 1.5, 7.5, 6.5], "texture": "#0"},
				"west": {"uv": [8.5, 1.5, 9.5, 6.5], "texture": "#0"}
			}
		},
		{
			"from": [7.25, -1, 7.5],
			"to": [8.75, -0.5, 8.5],
			"faces": {
				"north": {"uv": [6.5, 6.5, 8, 7], "texture": "#0"},
				"east": {"uv": [8.5, 6.5, 9.5, 7], "texture": "#0"},
				"south": {"uv": [6.5, 6.5, 8, 7], "texture": "#0"},
				"west": {"uv": [8.5, 6.5, 9.5, 7], "texture": "#0"},
				"up": {"uv": [8, 7, 6.5, 8], "texture": "#0"},
				"down": {"uv": [8, 7, 6.5, 8], "texture": "#0"}
			}
		},
		{
			"from": [7, 3.5, 7.5],
			"to": [7.5, 4, 8.5],
			"faces": {
				"north": {"uv": [7.5, 2, 8, 2.5], "texture": "#0"},
				"south": {"uv": [7.5, 2, 8, 2.5], "texture": "#0"},
				"west": {"uv": [7.5, 2, 8, 2.5], "texture": "#0"},
				"up": {"uv": [8, 2, 7.5, 2.5], "texture": "#0"},
				"down": {"uv": [8, 2, 7.5, 2.5], "texture": "#0"}
			}
		},
		{
			"from": [8.5, 3.5, 7.5],
			"to": [9, 4, 8.5],
			"faces": {
				"north": {"uv": [6, 2, 6.5, 2.5], "texture": "#0"},
				"east": {"uv": [6, 2, 6.5, 2.5], "texture": "#0"},
				"south": {"uv": [6, 2, 6.5, 2.5], "texture": "#0"},
				"up": {"uv": [6.5, 2, 6, 2.5], "texture": "#0"},
				"down": {"uv": [6.5, 2, 6, 2.5], "texture": "#0"}
			}
		}
	],
	"display": {
		"thirdperson_righthand": {
			"scale": [1.5, 1.5, 1.5],
			"rotation": [0, 90, 0],
			"translation": [0, 7, 2]
		},
		"thirdperson_lefthand": {
			"scale": [1.5, 1.5, 1.5],
			"rotation": [0, -90, 0],
			"translation": [0, 7, 2]
		},
		"firstperson_righthand": {
			"rotation": [5, 90, 0],
			"translation": [0, 5, 2]
		},
		"firstperson_lefthand": {
			"rotation": [5, -90, 0],
			"translation": [0, 5, 2]
		},
		"ground": {
			"rotation": [-60, 90, 0],
			"translation": [0, 1, 1.5],
			"scale": [0.75, 0.75, 0.75]
		},
		"fixed": {
			"rotation": [0, 0, 0],
			"translation": [0, -3.5, 0],
			"scale": [1.5, 1.5, 1.5]
		},
		"gui": {
			"scale": [0.9, 0.9, 0.9],
			"rotation": [22.5, 0, -45],
			"translation": [-1, -1, 0]
		}
	}
}