{
"__comment": "Designed by MasterianoX",
"textures": {
    "particle": "wynn/weapons/sets/holy_set/holy_dagger",
    "texture": "wynn/weapons/sets/holy_set/holy_dagger"
},
"elements": [ 
{
    "from": [ 4.75, 14.5, 7 ],
    "to": [ 6.75, 16.5, 9 ],
    "faces": {
        "down":  { "uv": [ 1.5, 8, 3.5, 7.5 ], "texture": "#texture" },
        "up":    { "uv": [ 1.5, 6, 3.5, 6.5 ], "texture": "#texture" },
        "north": { "uv": [ 3.5, 6, 1.5, 8 ], "texture": "#texture" },
        "south": { "uv": [ 1.5, 6, 3.5, 8 ], "texture": "#texture" },
        "west":  { "uv": [ 1.5, 6, 2, 8 ], "texture": "#texture" },
        "east":  { "uv": [ 3.5, 6, 3, 8 ], "texture": "#texture" }
    }
},
{
    "from": [ 5.25, 3.5, 7 ],
    "to": [ 5.75, 6.5, 9 ],
    "faces": {
        "down":  { "uv": [ 9, 5.5, 9.5, 5 ], "texture": "#texture" },
        "up":    { "uv": [ 9, 2.5, 9.5, 3 ], "texture": "#texture" },
        "north": { "uv": [ 9.5, 2.5, 9, 5.5 ], "texture": "#texture" },
        "south": { "uv": [ 9, 2.5, 9.5, 5.5 ], "texture": "#texture" },
        "west":  { "uv": [ 9, 2.5, 9.5, 5.5 ], "texture": "#texture" },
        "east":  { "uv": [ 9.5, 2.5, 9, 5.5 ], "texture": "#texture" }
    }
},
{
    "from": [ 5.75, 5.5, 7 ],
    "to": [ 6.75, 6, 9 ],
    "faces": {
        "down":  { "uv": [ 9.5, 3.5, 10.5, 3 ], "texture": "#texture" },
        "up":    { "uv": [ 9.5, 3, 10.5, 3.5 ], "texture": "#texture" },
        "north": { "uv": [ 10.5, 3, 9.5, 3.5 ], "texture": "#texture" },
        "south": { "uv": [ 9.5, 3, 10.5, 3.5 ], "texture": "#texture" },
        "west":  { "uv": [ 9.5, 3, 10, 3.5 ], "texture": "#texture" },
        "east":  { "uv": [ 10.5, 3, 10, 3.5 ], "texture": "#texture" }
    }
},
{
    "from": [ 5.75, 4, 7 ],
    "to": [ 9.75, 4.5, 9 ],
    "faces": {
        "down":  { "uv": [ 9.5, 5, 13.5, 4.5 ], "texture": "#texture" },
        "up":    { "uv": [ 9.5, 4.5, 13.5, 5 ], "texture": "#texture" },
        "north": { "uv": [ 13.5, 4.5, 9.5, 5 ], "texture": "#texture" },
        "south": { "uv": [ 9.5, 4.5, 13.5, 5 ], "texture": "#texture" },
        "west":  { "uv": [ 9.5, 4.5, 10, 5 ], "texture": "#texture" },
        "east":  { "uv": [ 13.5, 4.5, 13, 5 ], "texture": "#texture" }
    }
},
{
    "from": [ 6.75, 3.5, 7 ],
    "to": [ 8.75, 4, 9 ],
    "faces": {
        "down":  { "uv": [ 10.5, 5.5, 12.5, 5 ], "texture": "#texture" },
        "up":    { "uv": [ 10.5, 5, 12.5, 5.5 ], "texture": "#texture" },
        "north": { "uv": [ 12.5, 5, 10.5, 5.5 ], "texture": "#texture" },
        "south": { "uv": [ 10.5, 5, 12.5, 5.5 ], "texture": "#texture" },
        "west":  { "uv": [ 10.5, 5, 11, 5.5 ], "texture": "#texture" },
        "east":  { "uv": [ 12.5, 5, 12, 5.5 ], "texture": "#texture" }
    }
},
{
    "from": [ 7.25, 4.5, 7 ],
    "to": [ 7.75, 5.5, 9 ],
    "faces": {
        "down":  { "uv": [ 11, 4.5, 11.5, 4 ], "texture": "#texture" },
        "up":    { "uv": [ 11, 3.5, 11.5, 4 ], "texture": "#texture" },
        "north": { "uv": [ 11.5, 3.5, 11, 4.5 ], "texture": "#texture" },
        "south": { "uv": [ 11, 3.5, 11.5, 4.5 ], "texture": "#texture" },
        "west":  { "uv": [ 11, 3.5, 11.5, 4.5 ], "texture": "#texture" },
        "east":  { "uv": [ 11.5, 3.5, 11, 4.5 ], "texture": "#texture" }
    }
},
{
    "from": [ 7.25, 3, 7 ],
    "to": [ 8.25, 3.5, 9 ],
    "faces": {
        "down":  { "uv": [ 11, 6, 12, 5.5 ], "texture": "#texture" },
        "up":    { "uv": [ 11, 5.5, 12, 6 ], "texture": "#texture" },
        "north": { "uv": [ 12, 5.5, 11, 6 ], "texture": "#texture" },
        "south": { "uv": [ 11, 5.5, 12, 6 ], "texture": "#texture" },
        "west":  { "uv": [ 11, 5.5, 11.5, 6 ], "texture": "#texture" },
        "east":  { "uv": [ 12, 5.5, 11.5, 6 ], "texture": "#texture" }
    }
},
{
    "from": [ 7.25, -1, 7 ],
    "to": [ 8.25, 0, 9 ],
    "faces": {
        "down":  { "uv": [ 11, 10, 12, 9.5 ], "texture": "#texture" },
        "up":    { "uv": [ 11, 9, 12, 9.5 ], "texture": "#texture" },
        "north": { "uv": [ 12, 9, 11, 10 ], "texture": "#texture" },
        "south": { "uv": [ 11, 9, 12, 10 ], "texture": "#texture" },
        "west":  { "uv": [ 11, 9, 11.5, 10 ], "texture": "#texture" },
        "east":  { "uv": [ 12, 9, 11.5, 10 ], "texture": "#texture" }
    }
},
{
    "from": [ 7.25, -5.5, 7 ],
    "to": [ 8.25, -4, 9 ],
    "faces": {
        "down":  { "uv": [ 11, 14.5, 12, 14 ], "texture": "#texture" },
        "up":    { "uv": [ 11, 13, 12, 13.5 ], "texture": "#texture" },
        "north": { "uv": [ 12, 13, 11, 14.5 ], "texture": "#texture" },
        "south": { "uv": [ 11, 13, 12, 14.5 ], "texture": "#texture" },
        "west":  { "uv": [ 11, 13, 11.5, 14.5 ], "texture": "#texture" },
        "east":  { "uv": [ 12, 13, 11.5, 14.5 ], "texture": "#texture" }
    }
},
{
    "from": [ 7.75, 4.5, 7 ],
    "to": [ 10.25, 5, 9 ],
    "faces": {
        "down":  { "uv": [ 11.5, 4.5, 14, 4 ], "texture": "#texture" },
        "up":    { "uv": [ 11.5, 4, 14, 4.5 ], "texture": "#texture" },
        "north": { "uv": [ 14, 4, 11.5, 4.5 ], "texture": "#texture" },
        "south": { "uv": [ 11.5, 4, 14, 4.5 ], "texture": "#texture" },
        "west":  { "uv": [ 11.5, 4, 12, 4.5 ], "texture": "#texture" },
        "east":  { "uv": [ 14, 4, 13.5, 4.5 ], "texture": "#texture" }
    }
},
{
    "from": [ 9.75, 5, 7 ],
    "to": [ 10.25, 6.5, 9 ],
    "faces": {
        "down":  { "uv": [ 13.5, 4, 14, 3.5 ], "texture": "#texture" },
        "up":    { "uv": [ 13.5, 2.5, 14, 3 ], "texture": "#texture" },
        "north": { "uv": [ 14, 2.5, 13.5, 4 ], "texture": "#texture" },
        "south": { "uv": [ 13.5, 2.5, 14, 4 ], "texture": "#texture" },
        "west":  { "uv": [ 13.5, 2.5, 14, 4 ], "texture": "#texture" },
        "east":  { "uv": [ 14, 2.5, 13.5, 4 ], "texture": "#texture" }
    }
},
{
    "from": [ 6.75, 4.5, 7.75 ],
    "to": [ 7.25, 5.5, 8.25 ],
    "faces": {
        "down":  { "uv": [ 0, 16, 0.5, 15.5 ], "texture": "#texture" },
        "up":    { "uv": [ 0, 15, 0.5, 15.5 ], "texture": "#texture" },
        "north": { "uv": [ 0.5, 15, 0, 16 ], "texture": "#texture" },
        "south": { "uv": [ 0, 15, 0.5, 16 ], "texture": "#texture" },
        "west":  { "uv": [ 0, 15, 0.5, 16 ], "texture": "#texture" },
        "east":  { "uv": [ 0.5, 15, 0, 16 ], "texture": "#texture" }
    }
},
{
    "from": [ 4.25, 21.5, 7.75 ],
    "to": [ 5.75, 22.5, 8.25 ],
    "faces": {
        "down":  { "uv": [ 0.5, 1, 2, 0.5 ], "texture": "#texture" },
        "up":    { "uv": [ 0.5, 0, 2, 0.5 ], "texture": "#texture" },
        "north": { "uv": [ 2, 0, 0.5, 1 ], "texture": "#texture" },
        "south": { "uv": [ 0.5, 0, 2, 1 ], "texture": "#texture" },
        "west":  { "uv": [ 0.5, 0, 1, 1 ], "texture": "#texture" },
        "east":  { "uv": [ 2, 0, 1.5, 1 ], "texture": "#texture" }
    }
},
{
    "from": [ 7.25, 5.5, 7.75 ],
    "to": [ 8.75, 6.5, 8.25 ],
    "faces": {
        "down":  { "uv": [ 0.5, 15, 2, 14.5 ], "texture": "#texture" },
        "up":    { "uv": [ 0.5, 14, 2, 14.5 ], "texture": "#texture" },
        "north": { "uv": [ 2, 14, 0.5, 15 ], "texture": "#texture" },
        "south": { "uv": [ 0.5, 14, 2, 15 ], "texture": "#texture" },
        "west":  { "uv": [ 0.5, 14, 1, 15 ], "texture": "#texture" },
        "east":  { "uv": [ 2, 14, 1.5, 15 ], "texture": "#texture" }
    }
},
{
    "from": [ 4.75, 20, 7.75 ],
    "to": [ 7.75, 21.5, 8.25 ],
    "faces": {
        "down":  { "uv": [ 1, 2.5, 4, 2 ], "texture": "#texture" },
        "up":    { "uv": [ 1, 1, 4, 1.5 ], "texture": "#texture" },
        "north": { "uv": [ 4, 1, 1, 2.5 ], "texture": "#texture" },
        "south": { "uv": [ 1, 1, 4, 2.5 ], "texture": "#texture" },
        "west":  { "uv": [ 1, 1, 1.5, 2.5 ], "texture": "#texture" },
        "east":  { "uv": [ 4, 1, 3.5, 2.5 ], "texture": "#texture" }
    }
},
{
    "from": [ 7.75, 5, 7.75 ],
    "to": [ 8.75, 5.5, 8.25 ],
    "faces": {
        "down":  { "uv": [ 1, 15.5, 2, 15 ], "texture": "#texture" },
        "up":    { "uv": [ 1, 15, 2, 15.5 ], "texture": "#texture" },
        "north": { "uv": [ 2, 15, 1, 15.5 ], "texture": "#texture" },
        "south": { "uv": [ 1, 15, 2, 15.5 ], "texture": "#texture" },
        "west":  { "uv": [ 1, 15, 1.5, 15.5 ], "texture": "#texture" },
        "east":  { "uv": [ 2, 15, 1.5, 15.5 ], "texture": "#texture" }
    }
},
{
    "from": [ 5.25, 18.5, 7.75 ],
    "to": [ 10.25, 20, 8.25 ],
    "faces": {
        "down":  { "uv": [ 1.5, 4, 6.5, 3.5 ], "texture": "#texture" },
        "up":    { "uv": [ 1.5, 2.5, 6.5, 3 ], "texture": "#texture" },
        "north": { "uv": [ 6.5, 2.5, 1.5, 4 ], "texture": "#texture" },
        "south": { "uv": [ 1.5, 2.5, 6.5, 4 ], "texture": "#texture" },
        "west":  { "uv": [ 1.5, 2.5, 2, 4 ], "texture": "#texture" },
        "east":  { "uv": [ 6.5, 2.5, 6, 4 ], "texture": "#texture" }
    }
},
{
    "from": [ 5.75, 21.5, 7.75 ],
    "to": [ 7.25, 22, 8.25 ],
    "faces": {
        "down":  { "uv": [ 2, 1, 3.5, 0.5 ], "texture": "#texture" },
        "up":    { "uv": [ 2, 0.5, 3.5, 1 ], "texture": "#texture" },
        "north": { "uv": [ 3.5, 0.5, 2, 1 ], "texture": "#texture" },
        "south": { "uv": [ 2, 0.5, 3.5, 1 ], "texture": "#texture" },
        "west":  { "uv": [ 2, 0.5, 2.5, 1 ], "texture": "#texture" },
        "east":  { "uv": [ 3.5, 0.5, 3, 1 ], "texture": "#texture" }
    }
},
{
    "from": [ 5.75, 18, 7.75 ],
    "to": [ 10.75, 18.5, 8.25 ],
    "faces": {
        "down":  { "uv": [ 2, 4.5, 7, 4 ], "texture": "#texture" },
        "up":    { "uv": [ 2, 4, 7, 4.5 ], "texture": "#texture" },
        "north": { "uv": [ 7, 4, 2, 4.5 ], "texture": "#texture" },
        "south": { "uv": [ 2, 4, 7, 4.5 ], "texture": "#texture" },
        "west":  { "uv": [ 2, 4, 2.5, 4.5 ], "texture": "#texture" },
        "east":  { "uv": [ 7, 4, 6.5, 4.5 ], "texture": "#texture" }
    }
},
{
    "from": [ 6.25, 6.5, 7.75 ],
    "to": [ 8.75, 13, 8.25 ],
    "faces": {
        "down":  { "uv": [ 2.5, 16, 5, 15.5 ], "texture": "#texture" },
        "up":    { "uv": [ 2.5, 9.5, 5, 10 ], "texture": "#texture" },
        "north": { "uv": [ 5, 9.5, 2.5, 16 ], "texture": "#texture" },
        "south": { "uv": [ 2.5, 9.5, 5, 16 ], "texture": "#texture" },
        "west":  { "uv": [ 2.5, 9.5, 3, 16 ], "texture": "#texture" },
        "east":  { "uv": [ 5, 9.5, 4.5, 16 ], "texture": "#texture" }
    }
},
{
    "from": [ 6.75, 17.5, 7.75 ],
    "to": [ 10.25, 18, 8.25 ],
    "faces": {
        "down":  { "uv": [ 3, 5, 6.5, 4.5 ], "texture": "#texture" },
        "up":    { "uv": [ 3, 4.5, 6.5, 5 ], "texture": "#texture" },
        "north": { "uv": [ 6.5, 4.5, 3, 5 ], "texture": "#texture" },
        "south": { "uv": [ 3, 4.5, 6.5, 5 ], "texture": "#texture" },
        "west":  { "uv": [ 3, 4.5, 3.5, 5 ], "texture": "#texture" },
        "east":  { "uv": [ 6.5, 4.5, 6, 5 ], "texture": "#texture" }
    }
},
{
    "from": [ 7.25, 13, 7.75 ],
    "to": [ 10.25, 13.5, 8.25 ],
    "faces": {
        "down":  { "uv": [ 3.5, 9.5, 6.5, 9 ], "texture": "#texture" },
        "up":    { "uv": [ 3.5, 9, 6.5, 9.5 ], "texture": "#texture" },
        "north": { "uv": [ 6.5, 9, 3.5, 9.5 ], "texture": "#texture" },
        "south": { "uv": [ 3.5, 9, 6.5, 9.5 ], "texture": "#texture" },
        "west":  { "uv": [ 3.5, 9, 4, 9.5 ], "texture": "#texture" },
        "east":  { "uv": [ 6.5, 9, 6, 9.5 ], "texture": "#texture" }
    }
},
{
    "from": [ 7.75, 20, 7.75 ],
    "to": [ 8.75, 21, 8.25 ],
    "faces": {
        "down":  { "uv": [ 4, 2.5, 5, 2 ], "texture": "#texture" },
        "up":    { "uv": [ 4, 1.5, 5, 2 ], "texture": "#texture" },
        "north": { "uv": [ 5, 1.5, 4, 2.5 ], "texture": "#texture" },
        "south": { "uv": [ 4, 1.5, 5, 2.5 ], "texture": "#texture" },
        "west":  { "uv": [ 4, 1.5, 4.5, 2.5 ], "texture": "#texture" },
        "east":  { "uv": [ 5, 1.5, 4.5, 2.5 ], "texture": "#texture" }
    }
},
{
    "from": [ 7.75, 17, 7.75 ],
    "to": [ 10.25, 17.5, 8.25 ],
    "faces": {
        "down":  { "uv": [ 4, 5.5, 6.5, 5 ], "texture": "#texture" },
        "up":    { "uv": [ 4, 5, 6.5, 5.5 ], "texture": "#texture" },
        "north": { "uv": [ 6.5, 5, 4, 5.5 ], "texture": "#texture" },
        "south": { "uv": [ 4, 5, 6.5, 5.5 ], "texture": "#texture" },
        "west":  { "uv": [ 4, 5, 4.5, 5.5 ], "texture": "#texture" },
        "east":  { "uv": [ 6.5, 5, 6, 5.5 ], "texture": "#texture" }
    }
},
{
    "from": [ 7.75, 13.5, 7.75 ],
    "to": [ 10.25, 14, 8.25 ],
    "faces": {
        "down":  { "uv": [ 4, 9, 6.5, 8.5 ], "texture": "#texture" },
        "up":    { "uv": [ 4, 8.5, 6.5, 9 ], "texture": "#texture" },
        "north": { "uv": [ 6.5, 8.5, 4, 9 ], "texture": "#texture" },
        "south": { "uv": [ 4, 8.5, 6.5, 9 ], "texture": "#texture" },
        "west":  { "uv": [ 4, 8.5, 4.5, 9 ], "texture": "#texture" },
        "east":  { "uv": [ 6.5, 8.5, 6, 9 ], "texture": "#texture" }
    }
},
{
    "from": [ 8.25, 14, 7.75 ],
    "to": [ 10.25, 17, 8.25 ],
    "faces": {
        "down":  { "uv": [ 4.5, 8.5, 6.5, 8 ], "texture": "#texture" },
        "up":    { "uv": [ 4.5, 5.5, 6.5, 6 ], "texture": "#texture" },
        "north": { "uv": [ 6.5, 5.5, 4.5, 8.5 ], "texture": "#texture" },
        "south": { "uv": [ 4.5, 5.5, 6.5, 8.5 ], "texture": "#texture" },
        "west":  { "uv": [ 4.5, 5.5, 5, 8.5 ], "texture": "#texture" },
        "east":  { "uv": [ 6.5, 5.5, 6, 8.5 ], "texture": "#texture" }
    }
},
{
    "from": [ 8.75, 20, 7.75 ],
    "to": [ 9.75, 20.5, 8.25 ],
    "faces": {
        "down":  { "uv": [ 5, 2.5, 6, 2 ], "texture": "#texture" },
        "up":    { "uv": [ 5, 2, 6, 2.5 ], "texture": "#texture" },
        "north": { "uv": [ 6, 2, 5, 2.5 ], "texture": "#texture" },
        "south": { "uv": [ 5, 2, 6, 2.5 ], "texture": "#texture" },
        "west":  { "uv": [ 5, 2, 5.5, 2.5 ], "texture": "#texture" },
        "east":  { "uv": [ 6, 2, 5.5, 2.5 ], "texture": "#texture" }
    }
},
{
    "from": [ 8.75, 7.5, 7.75 ],
    "to": [ 9.25, 13, 8.25 ],
    "faces": {
        "down":  { "uv": [ 5, 15, 5.5, 14.5 ], "texture": "#texture" },
        "up":    { "uv": [ 5, 9.5, 5.5, 10 ], "texture": "#texture" },
        "north": { "uv": [ 5.5, 9.5, 5, 15 ], "texture": "#texture" },
        "south": { "uv": [ 5, 9.5, 5.5, 15 ], "texture": "#texture" },
        "west":  { "uv": [ 5, 9.5, 5.5, 15 ], "texture": "#texture" },
        "east":  { "uv": [ 5.5, 9.5, 5, 15 ], "texture": "#texture" }
    }
},
{
    "from": [ 9.25, 8, 7.75 ],
    "to": [ 9.75, 13, 8.25 ],
    "faces": {
        "down":  { "uv": [ 5.5, 14.5, 6, 14 ], "texture": "#texture" },
        "up":    { "uv": [ 5.5, 9.5, 6, 10 ], "texture": "#texture" },
        "north": { "uv": [ 6, 9.5, 5.5, 14.5 ], "texture": "#texture" },
        "south": { "uv": [ 5.5, 9.5, 6, 14.5 ], "texture": "#texture" },
        "west":  { "uv": [ 5.5, 9.5, 6, 14.5 ], "texture": "#texture" },
        "east":  { "uv": [ 6, 9.5, 5.5, 14.5 ], "texture": "#texture" }
    }
},
{
    "from": [ 9.75, 12.5, 7.75 ],
    "to": [ 10.25, 13, 8.25 ],
    "faces": {
        "down":  { "uv": [ 6, 10, 6.5, 9.5 ], "texture": "#texture" },
        "up":    { "uv": [ 6, 9.5, 6.5, 10 ], "texture": "#texture" },
        "north": { "uv": [ 6.5, 9.5, 6, 10 ], "texture": "#texture" },
        "south": { "uv": [ 6, 9.5, 6.5, 10 ], "texture": "#texture" },
        "west":  { "uv": [ 6, 9.5, 6.5, 10 ], "texture": "#texture" },
        "east":  { "uv": [ 6.5, 9.5, 6, 10 ], "texture": "#texture" }
    }
},
{
    "from": [ 10.25, 18.5, 7.75 ],
    "to": [ 10.75, 19.5, 8.25 ],
    "faces": {
        "down":  { "uv": [ 6.5, 4, 7, 3.5 ], "texture": "#texture" },
        "up":    { "uv": [ 6.5, 3, 7, 3.5 ], "texture": "#texture" },
        "north": { "uv": [ 7, 3, 6.5, 4 ], "texture": "#texture" },
        "south": { "uv": [ 6.5, 3, 7, 4 ], "texture": "#texture" },
        "west":  { "uv": [ 6.5, 3, 7, 4 ], "texture": "#texture" },
        "east":  { "uv": [ 7, 3, 6.5, 4 ], "texture": "#texture" }
    }
},
{
    "from": [ 4.25, 14.5, 7.5 ],
    "to": [ 7.25, 16.5, 8.5 ],
    "faces": {
        "down":  { "uv": [ 1, 8, 4, 7.5 ], "texture": "#texture" },
        "up":    { "uv": [ 1, 6, 4, 6.5 ], "texture": "#texture" },
        "north": { "uv": [ 4, 6, 1, 8 ], "texture": "#texture" },
        "south": { "uv": [ 1, 6, 4, 8 ], "texture": "#texture" },
        "west":  { "uv": [ 1, 6, 1.5, 8 ], "texture": "#texture" },
        "east":  { "uv": [ 4, 6, 3.5, 8 ], "texture": "#texture" }
    }
},
{
    "from": [ 4.75, 16.5, 7.5 ],
    "to": [ 6.75, 17, 8.5 ],
    "faces": {
        "down":  { "uv": [ 1.5, 6, 3.5, 5.5 ], "texture": "#texture" },
        "up":    { "uv": [ 1.5, 5.5, 3.5, 6 ], "texture": "#texture" },
        "north": { "uv": [ 3.5, 5.5, 1.5, 6 ], "texture": "#texture" },
        "south": { "uv": [ 1.5, 5.5, 3.5, 6 ], "texture": "#texture" },
        "west":  { "uv": [ 1.5, 5.5, 2, 6 ], "texture": "#texture" },
        "east":  { "uv": [ 3.5, 5.5, 3, 6 ], "texture": "#texture" }
    }
},
{
    "from": [ 4.75, 14, 7.5 ],
    "to": [ 6.75, 14.5, 8.5 ],
    "faces": {
        "down":  { "uv": [ 1.5, 8.5, 3.5, 8 ], "texture": "#texture" },
        "up":    { "uv": [ 1.5, 8, 3.5, 8.5 ], "texture": "#texture" },
        "north": { "uv": [ 3.5, 8, 1.5, 8.5 ], "texture": "#texture" },
        "south": { "uv": [ 1.5, 8, 3.5, 8.5 ], "texture": "#texture" },
        "west":  { "uv": [ 1.5, 8, 2, 8.5 ], "texture": "#texture" },
        "east":  { "uv": [ 3.5, 8, 3, 8.5 ], "texture": "#texture" }
    }
},
{
    "from": [ 4.75, 3, 7.5 ],
    "to": [ 5.75, 6.5, 8.5 ],
    "faces": {
        "down":  { "uv": [ 8.5, 6, 9.5, 5.5 ], "texture": "#texture" },
        "up":    { "uv": [ 8.5, 2.5, 9.5, 3 ], "texture": "#texture" },
        "north": { "uv": [ 9.5, 2.5, 8.5, 6 ], "texture": "#texture" },
        "south": { "uv": [ 8.5, 2.5, 9.5, 6 ], "texture": "#texture" },
        "west":  { "uv": [ 8.5, 2.5, 9, 6 ], "texture": "#texture" },
        "east":  { "uv": [ 9.5, 2.5, 9, 6 ], "texture": "#texture" }
    }
},
{
    "from": [ 5.25, 6.5, 7.5 ],
    "to": [ 5.75, 7, 8.5 ],
    "faces": {
        "down":  { "uv": [ 9, 2.5, 9.5, 2 ], "texture": "#texture" },
        "up":    { "uv": [ 9, 2, 9.5, 2.5 ], "texture": "#texture" },
        "north": { "uv": [ 9.5, 2, 9, 2.5 ], "texture": "#texture" },
        "south": { "uv": [ 9, 2, 9.5, 2.5 ], "texture": "#texture" },
        "west":  { "uv": [ 9, 2, 9.5, 2.5 ], "texture": "#texture" },
        "east":  { "uv": [ 9.5, 2, 9, 2.5 ], "texture": "#texture" }
    }
},
{
    "from": [ 5.25, 2.5, 7.5 ],
    "to": [ 5.75, 3, 8.5 ],
    "faces": {
        "down":  { "uv": [ 9, 6.5, 9.5, 6 ], "texture": "#texture" },
        "up":    { "uv": [ 9, 6, 9.5, 6.5 ], "texture": "#texture" },
        "north": { "uv": [ 9.5, 6, 9, 6.5 ], "texture": "#texture" },
        "south": { "uv": [ 9, 6, 9.5, 6.5 ], "texture": "#texture" },
        "west":  { "uv": [ 9, 6, 9.5, 6.5 ], "texture": "#texture" },
        "east":  { "uv": [ 9.5, 6, 9, 6.5 ], "texture": "#texture" }
    }
},
{
    "from": [ 5.75, 3.5, 7.5 ],
    "to": [ 6.25, 6.5, 8.5 ],
    "faces": {
        "down":  { "uv": [ 9.5, 5.5, 10, 5 ], "texture": "#texture" },
        "up":    { "uv": [ 9.5, 2.5, 10, 3 ], "texture": "#texture" },
        "north": { "uv": [ 10, 2.5, 9.5, 5.5 ], "texture": "#texture" },
        "south": { "uv": [ 9.5, 2.5, 10, 5.5 ], "texture": "#texture" },
        "west":  { "uv": [ 9.5, 2.5, 10, 5.5 ], "texture": "#texture" },
        "east":  { "uv": [ 10, 2.5, 9.5, 5.5 ], "texture": "#texture" }
    }
},
{
    "from": [ 6.25, 5.5, 7.5 ],
    "to": [ 7.25, 6.5, 8.5 ],
    "faces": {
        "down":  { "uv": [ 10, 3.5, 11, 3 ], "texture": "#texture" },
        "up":    { "uv": [ 10, 2.5, 11, 3 ], "texture": "#texture" },
        "north": { "uv": [ 11, 2.5, 10, 3.5 ], "texture": "#texture" },
        "south": { "uv": [ 10, 2.5, 11, 3.5 ], "texture": "#texture" },
        "west":  { "uv": [ 10, 2.5, 10.5, 3.5 ], "texture": "#texture" },
        "east":  { "uv": [ 11, 2.5, 10.5, 3.5 ], "texture": "#texture" }
    }
},
{
    "from": [ 6.25, 3.5, 7.5 ],
    "to": [ 10.25, 4.5, 8.5 ],
    "faces": {
        "down":  { "uv": [ 10, 5.5, 14, 5 ], "texture": "#texture" },
        "up":    { "uv": [ 10, 4.5, 14, 5 ], "texture": "#texture" },
        "north": { "uv": [ 14, 4.5, 10, 5.5 ], "texture": "#texture" },
        "south": { "uv": [ 10, 4.5, 14, 5.5 ], "texture": "#texture" },
        "west":  { "uv": [ 10, 4.5, 10.5, 5.5 ], "texture": "#texture" },
        "east":  { "uv": [ 14, 4.5, 13.5, 5.5 ], "texture": "#texture" }
    }
},
{
    "from": [ 6.75, 3, 7.5 ],
    "to": [ 8.75, 3.5, 8.5 ],
    "faces": {
        "down":  { "uv": [ 10.5, 6, 12.5, 5.5 ], "texture": "#texture" },
        "up":    { "uv": [ 10.5, 5.5, 12.5, 6 ], "texture": "#texture" },
        "north": { "uv": [ 12.5, 5.5, 10.5, 6 ], "texture": "#texture" },
        "south": { "uv": [ 10.5, 5.5, 12.5, 6 ], "texture": "#texture" },
        "west":  { "uv": [ 10.5, 5.5, 11, 6 ], "texture": "#texture" },
        "east":  { "uv": [ 12.5, 5.5, 12, 6 ], "texture": "#texture" }
    }
},
{
    "from": [ 6.75, -1, 7.5 ],
    "to": [ 8.75, 0, 8.5 ],
    "faces": {
        "down":  { "uv": [ 10.5, 10, 12.5, 9.5 ], "texture": "#texture" },
        "up":    { "uv": [ 10.5, 9, 12.5, 9.5 ], "texture": "#texture" },
        "north": { "uv": [ 12.5, 9, 10.5, 10 ], "texture": "#texture" },
        "south": { "uv": [ 10.5, 9, 12.5, 10 ], "texture": "#texture" },
        "west":  { "uv": [ 10.5, 9, 11, 10 ], "texture": "#texture" },
        "east":  { "uv": [ 12.5, 9, 12, 10 ], "texture": "#texture" }
    }
},
{
    "from": [ 6.75, -5.5, 7.5 ],
    "to": [ 8.75, -4, 8.5 ],
    "faces": {
        "down":  { "uv": [ 10.5, 14.5, 12.5, 14 ], "texture": "#texture" },
        "up":    { "uv": [ 10.5, 13, 12.5, 13.5 ], "texture": "#texture" },
        "north": { "uv": [ 12.5, 13, 10.5, 14.5 ], "texture": "#texture" },
        "south": { "uv": [ 10.5, 13, 12.5, 14.5 ], "texture": "#texture" },
        "west":  { "uv": [ 10.5, 13, 11, 14.5 ], "texture": "#texture" },
        "east":  { "uv": [ 12.5, 13, 12, 14.5 ], "texture": "#texture" }
    }
},
{
    "from": [ 7.25, 4.5, 7.5 ],
    "to": [ 7.75, 5.5, 8.5 ],
    "faces": {
        "down":  { "uv": [ 11, 4.5, 11.5, 4 ], "texture": "#texture" },
        "up":    { "uv": [ 11, 3.5, 11.5, 4 ], "texture": "#texture" },
        "north": { "uv": [ 11.5, 3.5, 11, 4.5 ], "texture": "#texture" },
        "south": { "uv": [ 11, 3.5, 11.5, 4.5 ], "texture": "#texture" },
        "west":  { "uv": [ 11, 3.5, 11.5, 4.5 ], "texture": "#texture" },
        "east":  { "uv": [ 11.5, 3.5, 11, 4.5 ], "texture": "#texture" }
    }
},
{
    "from": [ 7.25, 0, 7.5 ],
    "to": [ 8.25, 3, 8.5 ],
    "faces": {
        "down":  { "uv": [ 11, 9, 12, 8.5 ], "texture": "#texture" },
        "up":    { "uv": [ 11, 6, 12, 6.5 ], "texture": "#texture" },
        "north": { "uv": [ 12, 6, 11, 9 ], "texture": "#texture" },
        "south": { "uv": [ 11, 6, 12, 9 ], "texture": "#texture" },
        "west":  { "uv": [ 11, 6, 11.5, 9 ], "texture": "#texture" },
        "east":  { "uv": [ 12, 6, 11.5, 9 ], "texture": "#texture" }
    }
},
{
    "from": [ 7.25, -4, 7.5 ],
    "to": [ 8.25, -1, 8.5 ],
    "faces": {
        "down":  { "uv": [ 11, 13, 12, 12.5 ], "texture": "#texture" },
        "up":    { "uv": [ 11, 10, 12, 10.5 ], "texture": "#texture" },
        "north": { "uv": [ 12, 10, 11, 13 ], "texture": "#texture" },
        "south": { "uv": [ 11, 10, 12, 13 ], "texture": "#texture" },
        "west":  { "uv": [ 11, 10, 11.5, 13 ], "texture": "#texture" },
        "east":  { "uv": [ 12, 10, 11.5, 13 ], "texture": "#texture" }
    }
},
{
    "from": [ 7.25, -6, 7.5 ],
    "to": [ 8.25, -5.5, 8.5 ],
    "faces": {
        "down":  { "uv": [ 11, 15, 12, 14.5 ], "texture": "#texture" },
        "up":    { "uv": [ 11, 14.5, 12, 15 ], "texture": "#texture" },
        "north": { "uv": [ 12, 14.5, 11, 15 ], "texture": "#texture" },
        "south": { "uv": [ 11, 14.5, 12, 15 ], "texture": "#texture" },
        "west":  { "uv": [ 11, 14.5, 11.5, 15 ], "texture": "#texture" },
        "east":  { "uv": [ 12, 14.5, 11.5, 15 ], "texture": "#texture" }
    }
},
{
    "from": [ 7.75, 4.5, 7.5 ],
    "to": [ 10.75, 5, 8.5 ],
    "faces": {
        "down":  { "uv": [ 11.5, 4.5, 14.5, 4 ], "texture": "#texture" },
        "up":    { "uv": [ 11.5, 4, 14.5, 4.5 ], "texture": "#texture" },
        "north": { "uv": [ 14.5, 4, 11.5, 4.5 ], "texture": "#texture" },
        "south": { "uv": [ 11.5, 4, 14.5, 4.5 ], "texture": "#texture" },
        "west":  { "uv": [ 11.5, 4, 12, 4.5 ], "texture": "#texture" },
        "east":  { "uv": [ 14.5, 4, 14, 4.5 ], "texture": "#texture" }
    }
},
{
    "from": [ 9.25, 5, 7.5 ],
    "to": [ 10.75, 7, 8.5 ],
    "faces": {
        "down":  { "uv": [ 13, 4, 14.5, 3.5 ], "texture": "#texture" },
        "up":    { "uv": [ 13, 2, 14.5, 2.5 ], "texture": "#texture" },
        "north": { "uv": [ 14.5, 2, 13, 4 ], "texture": "#texture" },
        "south": { "uv": [ 13, 2, 14.5, 4 ], "texture": "#texture" },
        "west":  { "uv": [ 13, 2, 13.5, 4 ], "texture": "#texture" },
        "east":  { "uv": [ 14.5, 2, 14, 4 ], "texture": "#texture" }
    }
},
{
    "from": [ 9.75, 2.5, 7.5 ],
    "to": [ 10.25, 3.5, 8.5 ],
    "faces": {
        "down":  { "uv": [ 13.5, 6.5, 14, 6 ], "texture": "#texture" },
        "up":    { "uv": [ 13.5, 5.5, 14, 6 ], "texture": "#texture" },
        "north": { "uv": [ 14, 5.5, 13.5, 6.5 ], "texture": "#texture" },
        "south": { "uv": [ 13.5, 5.5, 14, 6.5 ], "texture": "#texture" },
        "west":  { "uv": [ 13.5, 5.5, 14, 6.5 ], "texture": "#texture" },
        "east":  { "uv": [ 14, 5.5, 13.5, 6.5 ], "texture": "#texture" }
    }
},
{
    "from": [ 10.25, 2.5, 7.5 ],
    "to": [ 10.75, 3, 8.5 ],
    "faces": {
        "down":  { "uv": [ 14, 6.5, 14.5, 6 ], "texture": "#texture" },
        "up":    { "uv": [ 14, 6, 14.5, 6.5 ], "texture": "#texture" },
        "north": { "uv": [ 14.5, 6, 14, 6.5 ], "texture": "#texture" },
        "south": { "uv": [ 14, 6, 14.5, 6.5 ], "texture": "#texture" },
        "west":  { "uv": [ 14, 6, 14.5, 6.5 ], "texture": "#texture" },
        "east":  { "uv": [ 14.5, 6, 14, 6.5 ], "texture": "#texture" }
    }
},
{
    "from": [ 10.75, 6.5, 7.5 ],
    "to": [ 11.25, 7.5, 8.5 ],
    "faces": {
        "down":  { "uv": [ 14.5, 2.5, 15, 2 ], "texture": "#texture" },
        "up":    { "uv": [ 14.5, 1.5, 15, 2 ], "texture": "#texture" },
        "north": { "uv": [ 15, 1.5, 14.5, 2.5 ], "texture": "#texture" },
        "south": { "uv": [ 14.5, 1.5, 15, 2.5 ], "texture": "#texture" },
        "west":  { "uv": [ 14.5, 1.5, 15, 2.5 ], "texture": "#texture" },
        "east":  { "uv": [ 15, 1.5, 14.5, 2.5 ], "texture": "#texture" }
    }
}
],
"display": {
    "thirdperson_righthand": {
        "rotation": [ 0, 90, 0 ],
        "translation": [ 0, 5.86, 0.57 ],
        "scale": [ 1, 1, 1 ]
    },
    "thirdperson_lefthand": {
        "rotation": [ 0, -90, 0 ],
        "translation": [ 0, 5.86, 0.57 ],
        "scale": [ 1, 1, 1 ]
    },
    "ground": {
        "rotation": [ 0, 0, -45 ],
        "translation": [ 0, 5.29, 0 ],
        "scale": [ 0.5, 0.5, 0.5 ]
    },
    "fixed": {
        "rotation": [ 0, 0, 45 ],
        "translation": [ 0, 0, 0 ],
        "scale": [ 0.5, 0.5, 0.5 ]
    },
    "firstperson_righthand": {
        "rotation": [ 0, 94, -6 ],
        "translation": [ 3.21, 3.97, -2.08 ],
        "scale": [ 1, 1, 1 ]
    },
    "firstperson_lefthand": {
        "rotation": [ 0, -94, 6 ],
        "translation": [ 3.21, 3.97, -2.65 ],
        "scale": [ 1, 1, 1 ]
    },
    "gui": {
        "rotation": [ 0, 0, -45 ],
        "translation": [ 0, 0, 0 ],
        "scale": [ 0.5, 0.5, 0.5 ]
    }
}
}