{
	"ambientocclusion": false,
	"parent": "block/block_head",
	"credit": "By Katniss",
	"textures": {
		"0": "block/bar_stool",
		"particle": "block/bar_stool"
	},
	"elements": [
		{
			"from": [2, 8.5, 2],
			"to": [14, 9.5, 14],
			"faces": {
				"north": {"uv": [5, 5.5, 11, 6], "texture": "#0"},
				"east": {"uv": [10.5, 0, 11, 6], "rotation": 90, "texture": "#0"},
				"south": {"uv": [5, 5.5, 11, 6], "texture": "#0"},
				"west": {"uv": [5, 0, 5.5, 6], "rotation": 270, "texture": "#0"},
				"up": {"uv": [5, 0, 11, 6], "texture": "#0"},
				"down": {"uv": [5, 0, 11, 6], "texture": "#0"}
			}
		},
		{
			"from": [2.5, 0, 7],
			"to": [4.5, 10, 9],
			"faces": {
				"north": {"uv": [0, 0, 1, 5], "texture": "#0"},
				"east": {"uv": [14, 0, 15, 5], "texture": "#0"},
				"south": {"uv": [0, 0, 1, 5], "texture": "#0"},
				"west": {"uv": [14, 0, 15, 5], "texture": "#0"},
				"up": {"uv": [13, 5, 14, 6], "texture": "#0"},
				"down": {"uv": [13, 5, 14, 6], "texture": "#0"}
			}
		},
		{
			"from": [11.5, 0, 7],
			"to": [13.5, 10, 9],
			"faces": {
				"north": {"uv": [0, 0, 1, 5], "texture": "#0"},
				"east": {"uv": [14, 0, 15, 5], "texture": "#0"},
				"south": {"uv": [4, 0, 5, 5], "texture": "#0"},
				"west": {"uv": [14, 0, 15, 5], "texture": "#0"},
				"up": {"uv": [15, 5, 16, 6], "texture": "#0"},
				"down": {"uv": [15, 5, 16, 6], "texture": "#0"}
			}
		},
		{
			"from": [7, 0, 2.5],
			"to": [9, 10, 4.5],
			"faces": {
				"north": {"uv": [0, 0, 1, 5], "texture": "#0"},
				"east": {"uv": [15, 0, 16, 5], "texture": "#0"},
				"south": {"uv": [2, 0, 3, 5], "texture": "#0"},
				"west": {"uv": [13, 0, 14, 5], "texture": "#0"},
				"up": {"uv": [14, 5, 15, 6], "texture": "#0"},
				"down": {"uv": [14, 5, 15, 6], "texture": "#0"}
			}
		},
		{
			"from": [7, 0, 11.5],
			"to": [9, 10, 13.5],
			"faces": {
				"north": {"uv": [0, 0, 1, 5], "texture": "#0"},
				"east": {"uv": [13, 0, 14, 5], "texture": "#0"},
				"south": {"uv": [2, 0, 3, 5], "texture": "#0"},
				"west": {"uv": [15, 0, 16, 5], "texture": "#0"},
				"up": {"uv": [14, 5, 15, 6], "texture": "#0"},
				"down": {"uv": [14, 5, 15, 6], "texture": "#0"}
			}
		},
		{
			"from": [7.5, 2, 2],
			"to": [8.5, 3, 14],
			"faces": {
				"north": {"uv": [10.5, 6.5, 11, 7], "texture": "#0"},
				"east": {"uv": [5, 6.5, 11, 7], "texture": "#0"},
				"south": {"uv": [5, 6.5, 5.5, 7], "texture": "#0"},
				"west": {"uv": [11, 6.5, 5, 7], "texture": "#0"},
				"up": {"uv": [5, 6.5, 11, 7], "rotation": 270, "texture": "#0"},
				"down": {"uv": [5, 6.5, 11, 7], "rotation": 90, "texture": "#0"}
			}
		},
		{
			"from": [2, 2, 7.5],
			"to": [14, 3, 8.5],
			"faces": {
				"north": {"uv": [5, 6, 11, 6.5], "texture": "#0"},
				"east": {"uv": [5, 6, 5.5, 6.5], "texture": "#0"},
				"south": {"uv": [5, 6, 11, 6.5], "texture": "#0"},
				"west": {"uv": [10.5, 6, 11, 6.5], "texture": "#0"},
				"up": {"uv": [5, 6, 11, 6.5], "rotation": 180, "texture": "#0"},
				"down": {"uv": [5, 6, 11, 6.5], "rotation": 180, "texture": "#0"}
			}
		},
		{
			"from": [2.5, 7.5, 2.5],
			"to": [13.5, 8.5, 13.5],
			"faces": {
				"north": {"uv": [5, 0, 10.5, 0.5], "texture": "#0"},
				"east": {"uv": [10, 0, 10.5, 5.5], "rotation": 90, "texture": "#0"},
				"south": {"uv": [5, 5, 10.5, 5.5], "texture": "#0"},
				"west": {"uv": [5, 0, 5.5, 5.5], "rotation": 270, "texture": "#0"},
				"up": {"uv": [5, 0, 10.5, 5.5], "texture": "#0"},
				"down": {"uv": [5, 0, 10.5, 5.5], "texture": "#0"}
			}
		}
	]
}