{
    "parent": "block/block",
	"credit": "By Katniss",
	"textures": {
		"0": "block/oak_log_sharp",
		"1": "block/oak_log_top",
		"particle": "block/oak_log_sharp"
	},
	"elements": [
		{
			"from": [1, 0, 1],
			"to": [15, 2, 15],
			"faces": {
				"north": {"uv": [1, 14, 15, 16], "texture": "#0"},
				"east": {"uv": [1, 14, 15, 16], "texture": "#0"},
				"south": {"uv": [1, 14, 15, 16], "texture": "#0"},
				"west": {"uv": [1, 14, 15, 16], "texture": "#0"},
				"up": {"uv": [1, 1, 15, 15], "texture": "#1"},
				"down": {"uv": [1, 1, 15, 15], "texture": "#1", "cullface": "down"}
			}
		},
		{
			"from": [2, 2, 2],
			"to": [14, 4, 14],
			"faces": {
				"north": {"uv": [2, 12, 14, 14], "texture": "#0"},
				"east": {"uv": [2, 12, 14, 14], "texture": "#0"},
				"south": {"uv": [2, 12, 14, 14], "texture": "#0"},
				"west": {"uv": [2, 12, 14, 14], "texture": "#0"},
				"up": {"uv": [2, 2, 14, 14], "texture": "#1"}
			}
		},
		{
			"from": [3, 4, 3],
			"to": [13, 7, 13],
			"faces": {
				"north": {"uv": [3, 9, 13, 12], "texture": "#0"},
				"east": {"uv": [3, 9, 13, 12], "texture": "#0"},
				"south": {"uv": [3, 9, 13, 12], "texture": "#0"},
				"west": {"uv": [3, 9, 13, 12], "texture": "#0"},
				"up": {"uv": [3, 3, 13, 13], "texture": "#1"}
			}
		},
		{
			"from": [4, 7, 4],
			"to": [12, 9, 12],
			"faces": {
				"north": {"uv": [4, 7, 12, 9], "texture": "#0"},
				"east": {"uv": [4, 7, 12, 9], "texture": "#0"},
				"south": {"uv": [4, 7, 12, 9], "texture": "#0"},
				"west": {"uv": [4, 7, 12, 9], "texture": "#0"},
				"up": {"uv": [4, 4, 12, 12], "texture": "#1"}
			}
		},
		{
			"from": [5, 9, 5],
			"to": [11, 12, 11],
			"faces": {
				"north": {"uv": [5, 4, 11, 7], "texture": "#0"},
				"east": {"uv": [5, 4, 11, 7], "texture": "#0"},
				"south": {"uv": [5, 4, 11, 7], "texture": "#0"},
				"west": {"uv": [5, 4, 11, 7], "texture": "#0"},
				"up": {"uv": [5, 5, 11, 11], "texture": "#1"}
			}
		},
		{
			"from": [6, 12, 6],
			"to": [10, 14, 10],
			"faces": {
				"north": {"uv": [6, 2, 10, 4], "texture": "#0"},
				"east": {"uv": [6, 2, 10, 4], "texture": "#0"},
				"south": {"uv": [6, 2, 10, 4], "texture": "#0"},
				"west": {"uv": [6, 2, 10, 4], "texture": "#0"},
				"up": {"uv": [6, 6, 10, 10], "texture": "#1"}
			}
		},
		{
			"from": [7, 14, 7],
			"to": [9, 16, 9],
			"faces": {
				"north": {"uv": [7, 0, 9, 2], "texture": "#0"},
				"east": {"uv": [7, 0, 9, 2], "texture": "#0"},
				"south": {"uv": [7, 0, 9, 2], "texture": "#0"},
				"west": {"uv": [7, 0, 9, 2], "texture": "#0"},
				"up": {"uv": [7, 7, 9, 9], "texture": "#1"}
			}
		}
	]
}