{
  "parent": "block/block",
	"credit": "By Katniss",
	"textures": {
		"0": "block/table_top",
		"particle": "block/table_top"
	},
	"elements": [
		{
			"from": [6, 0, 6],
			"to": [10, 13, 10],
			"faces": {
				"north": {"uv": [6, 3, 10, 16], "texture": "#0"},
				"east": {"uv": [6, 3, 10, 16], "texture": "#0"},
				"south": {"uv": [6, 3, 10, 16], "texture": "#0"},
				"west": {"uv": [6, 3, 10, 16], "texture": "#0"},
				"down": {"uv": [0, 0, 4, 4], "texture": "#0"}
			}
		},
		{
			"from": [0, 13, 0],
			"to": [16, 16, 16],
			"faces": {
				"north": {"uv": [0, 1, 16, 4], "texture": "#0"},
				"east": {"uv": [13, 0, 16, 16], "rotation": 90, "texture": "#0"},
				"south": {"uv": [0, 1, 16, 4], "texture": "#0"},
				"west": {"uv": [13, 0, 16, 16], "rotation": 270, "texture": "#0"},
				"up": {"uv": [0, 0, 16, 16], "texture": "#0"},
				"down": {"uv": [0, 0, 4, 4], "texture": "#0"}
			}
		},
		{
			"from": [7, 9, 5],
			"to": [9, 15, 8],
			"rotation": {"angle": -22.5, "axis": "x", "origin": [8, 11, 9]},
			"faces": {
				"north": {"uv": [0, 0, 2, 6], "texture": "#0"},
				"east": {"uv": [0, 0, 3, 6], "texture": "#0"},
				"west": {"uv": [0, 0, 3, 6], "texture": "#0"}
			}
		},
		{
			"from": [7, 9, 8],
			"to": [9, 15, 11],
			"rotation": {"angle": 22.5, "axis": "x", "origin": [8, 11, 7]},
			"faces": {
				"east": {"uv": [0, 0, 3, 6], "texture": "#0"},
				"south": {"uv": [0, 0, 2, 6], "texture": "#0"},
				"west": {"uv": [0, 0, 3, 6], "texture": "#0"}
			}
		},
		{
			"from": [8, 9, 7],
			"to": [11, 15, 9],
			"rotation": {"angle": -22.5, "axis": "z", "origin": [7, 11, 8]},
			"faces": {
				"north": {"uv": [0, 0, 3, 6], "texture": "#0"},
				"east": {"uv": [0, 0, 2, 6], "texture": "#0"},
				"south": {"uv": [0, 0, 3, 6], "texture": "#0"},
				"up": {"uv": [0, 0, 3, 2], "texture": "#missing"},
				"down": {"uv": [0, 0, 4, 4], "texture": "#missing"}
			}
		},
		{
			"from": [5, 9, 7],
			"to": [8, 15, 9],
			"rotation": {"angle": 22.5, "axis": "z", "origin": [9, 11, 8]},
			"faces": {
				"north": {"uv": [0, 0, 3, 6], "texture": "#0"},
				"south": {"uv": [0, 0, 3, 6], "texture": "#0"},
				"west": {"uv": [0, 0, 2, 6], "texture": "#0"}
			}
		}
	]
}