{
"__comment": "Designed by FirecatHD",
"textures": {
    "particle": "wynn/weaponskins/spear/scifi_spear_texture",
    "texture": "wynn/weaponskins/spear/scifi_spear_texture",
    "scifi_dagger_glow_animation_texture": "wynn/weaponskins/spear/scifi_spear_glow_animation_texture"
},
"elements": [ 
{
    "from": [ -7.375, 2.625, 8.25 ],
    "to": [ 0.25, 3.625, 8.75 ],
    "faces": {
        "down":  { "uv": [ 4.25, 0.875, 10, 2.375 ], "texture": "#texture" },
        "up":    { "uv": [ 4.25, 0.875, 10, 2.25 ], "texture": "#texture" },
        "north": { "uv": [ 5.25, 0.375, 11.25, 2.875 ], "texture": "#texture" },
        "south": { "uv": [ 5.25, 0.375, 11.25, 2.875 ], "texture": "#texture" },
        "west":  { "uv": [ 9.375, 0.25, 11.375, 2.875 ], "texture": "#texture" },
        "east":  { "uv": [ 9.375, 0.25, 11.375, 2.875 ], "texture": "#texture" }
    }
},
{
    "from": [ -6.625, 3.875, 8.125 ],
    "to": [ 2.25, 4.625, 8.875 ],
    "faces": {
        "down":  { "uv": [ 4.25, 0.875, 10, 2.375 ], "texture": "#texture" },
        "up":    { "uv": [ 4.25, 0.875, 10, 2.25 ], "texture": "#texture" },
        "north": { "uv": [ 5.25, 0.375, 11.25, 2.875 ], "texture": "#texture" },
        "south": { "uv": [ 5.25, 0.375, 11.25, 2.875 ], "texture": "#texture" },
        "west":  { "uv": [ 9.375, 0.25, 11.375, 2.875 ], "texture": "#texture" },
        "east":  { "uv": [ 9.375, 0.25, 11.375, 2.875 ], "texture": "#texture" }
    }
},
{
    "from": [ -7.25, 3.125, 8.25 ],
    "to": [ -6.25, 4, 8.75 ],
    "rotation": { "origin": [ -7.25, 4, 8.25 ], "axis": "z", "angle": -22.5 },
    "faces": {
        "down":  { "uv": [ 4.25, 0.875, 10, 2.375 ], "texture": "#texture" },
        "up":    { "uv": [ 4.25, 0.875, 10, 2.25 ], "texture": "#texture" },
        "north": { "uv": [ 5.25, 0.375, 11.25, 2.875 ], "texture": "#texture" },
        "south": { "uv": [ 5.25, 0.375, 11.25, 2.875 ], "texture": "#texture" },
        "west":  { "uv": [ 9.375, 0.25, 11.375, 2.875 ], "texture": "#texture" },
        "east":  { "uv": [ 9.375, 0.25, 11.375, 2.875 ], "texture": "#texture" }
    }
},
{
    "from": [ -8.625, 2.625, 8.25 ],
    "to": [ -7.25, 4, 8.75 ],
    "faces": {
        "down":  { "uv": [ 4.25, 0.875, 10, 2.375 ], "texture": "#texture" },
        "up":    { "uv": [ 4.25, 0.875, 10, 2.25 ], "texture": "#texture" },
        "north": { "uv": [ 5.25, 0.375, 11.25, 2.875 ], "texture": "#texture" },
        "south": { "uv": [ 5.25, 0.375, 11.25, 2.875 ], "texture": "#texture" },
        "west":  { "uv": [ 9.375, 0.25, 11.375, 2.875 ], "texture": "#texture" },
        "east":  { "uv": [ 9.375, 0.25, 11.375, 2.875 ], "texture": "#texture" }
    }
},
{
    "from": [ -9.8125, 1.8125, 8.25 ],
    "to": [ -8.125, 2.8125, 8.75 ],
    "rotation": { "origin": [ -9.8125, 2.8125, 8.25 ], "axis": "z", "angle": 45 },
    "faces": {
        "down":  { "uv": [ 4.25, 0.875, 10, 2.375 ], "texture": "#texture" },
        "up":    { "uv": [ 4.25, 0.875, 10, 2.25 ], "texture": "#texture" },
        "north": { "uv": [ 5.25, 0.375, 11.25, 2.875 ], "texture": "#texture" },
        "south": { "uv": [ 5.25, 0.375, 11.25, 2.875 ], "texture": "#texture" },
        "west":  { "uv": [ 9.375, 0.25, 11.375, 2.875 ], "texture": "#texture" },
        "east":  { "uv": [ 9.375, 0.25, 11.375, 2.875 ], "texture": "#texture" }
    }
},
{
    "from": [ -9.125, 1.875, 8.375 ],
    "to": [ 0.25, 2.625, 8.625 ],
    "faces": {
        "down":  { "uv": [ 0, 0, 16, 16 ], "texture": "#scifi_dagger_glow_animation_texture" },
        "up":    { "uv": [ 0, 0, 16, 16 ], "texture": "#scifi_dagger_glow_animation_texture" },
        "north": { "uv": [ 0, 0, 16, 16 ], "texture": "#scifi_dagger_glow_animation_texture" },
        "south": { "uv": [ 0, 0, 16, 16 ], "texture": "#scifi_dagger_glow_animation_texture" },
        "west":  { "uv": [ 0, 0, 16, 16 ], "texture": "#scifi_dagger_glow_animation_texture" },
        "east":  { "uv": [ 0, 0, 16, 16 ], "texture": "#scifi_dagger_glow_animation_texture" }
    }
},
{
    "from": [ 0.125, 1.8125, 8.375 ],
    "to": [ 1, 2.1875, 8.625 ],
    "rotation": { "origin": [ 0.125, 2.1875, 8.375 ], "axis": "z", "angle": 22.5 },
    "faces": {
        "down":  { "uv": [ 0, 0, 16, 16 ], "texture": "#scifi_dagger_glow_animation_texture" },
        "up":    { "uv": [ 0, 0, 16, 16 ], "texture": "#scifi_dagger_glow_animation_texture" },
        "north": { "uv": [ 0, 0, 16, 16 ], "texture": "#scifi_dagger_glow_animation_texture" },
        "south": { "uv": [ 0, 0, 16, 16 ], "texture": "#scifi_dagger_glow_animation_texture" },
        "west":  { "uv": [ 0, 0, 16, 16 ], "texture": "#scifi_dagger_glow_animation_texture" },
        "east":  { "uv": [ 0, 0, 16, 16 ], "texture": "#scifi_dagger_glow_animation_texture" }
    }
},
{
    "from": [ 0.25, 2.1875, 8.375 ],
    "to": [ 1.125, 3.625, 8.625 ],
    "faces": {
        "down":  { "uv": [ 0, 0, 16, 16 ], "texture": "#scifi_dagger_glow_animation_texture" },
        "up":    { "uv": [ 0, 0, 16, 16 ], "texture": "#scifi_dagger_glow_animation_texture" },
        "north": { "uv": [ 0, 0, 16, 16 ], "texture": "#scifi_dagger_glow_animation_texture" },
        "south": { "uv": [ 0, 0, 16, 16 ], "texture": "#scifi_dagger_glow_animation_texture" },
        "west":  { "uv": [ 0, 0, 16, 16 ], "texture": "#scifi_dagger_glow_animation_texture" },
        "east":  { "uv": [ 0, 0, 16, 16 ], "texture": "#scifi_dagger_glow_animation_texture" }
    }
},
{
    "from": [ -4.75, 3.5625, 8.125 ],
    "to": [ -4, 3.9375, 8.875 ],
    "faces": {
        "down":  { "uv": [ 2.625, 4.25, 4.125, 5.75 ], "texture": "#texture" },
        "up":    { "uv": [ 2.625, 4.25, 4.125, 5.75 ], "texture": "#texture" },
        "north": { "uv": [ 3.125, 4.125, 5.625, 4.75 ], "texture": "#texture" },
        "south": { "uv": [ 3.125, 4.125, 5.625, 4.75 ], "texture": "#texture" },
        "west":  { "uv": [ 6.875, 4.125, 9.125, 4.875 ], "texture": "#texture" },
        "east":  { "uv": [ 6.875, 4.125, 9.125, 4.875 ], "texture": "#texture" }
    }
},
{
    "from": [ -3.25, 3.5625, 8.125 ],
    "to": [ -2.5, 3.9375, 8.875 ],
    "faces": {
        "down":  { "uv": [ 2.625, 4.25, 4.125, 5.75 ], "texture": "#texture" },
        "up":    { "uv": [ 2.625, 4.25, 4.125, 5.75 ], "texture": "#texture" },
        "north": { "uv": [ 3.125, 4.125, 5.625, 4.75 ], "texture": "#texture" },
        "south": { "uv": [ 3.125, 4.125, 5.625, 4.75 ], "texture": "#texture" },
        "west":  { "uv": [ 6.875, 4.125, 9.125, 4.875 ], "texture": "#texture" },
        "east":  { "uv": [ 6.875, 4.125, 9.125, 4.875 ], "texture": "#texture" }
    }
},
{
    "from": [ -1.75, 3.5625, 8.125 ],
    "to": [ -1, 3.9375, 8.875 ],
    "faces": {
        "down":  { "uv": [ 2.625, 4.25, 4.125, 5.75 ], "texture": "#texture" },
        "up":    { "uv": [ 2.625, 4.25, 4.125, 5.75 ], "texture": "#texture" },
        "north": { "uv": [ 3.125, 4.125, 5.625, 4.75 ], "texture": "#texture" },
        "south": { "uv": [ 3.125, 4.125, 5.625, 4.75 ], "texture": "#texture" },
        "west":  { "uv": [ 6.875, 4.125, 9.125, 4.875 ], "texture": "#texture" },
        "east":  { "uv": [ 6.875, 4.125, 9.125, 4.875 ], "texture": "#texture" }
    }
},
{
    "from": [ -6.125, 3.5625, 8.125 ],
    "to": [ -5.375, 3.9375, 8.875 ],
    "faces": {
        "down":  { "uv": [ 2.625, 4.25, 4.125, 5.75 ], "texture": "#texture" },
        "up":    { "uv": [ 2.625, 4.25, 4.125, 5.75 ], "texture": "#texture" },
        "north": { "uv": [ 3.125, 4.125, 5.625, 4.75 ], "texture": "#texture" },
        "south": { "uv": [ 3.125, 4.125, 5.625, 4.75 ], "texture": "#texture" },
        "west":  { "uv": [ 6.875, 4.125, 9.125, 4.875 ], "texture": "#texture" },
        "east":  { "uv": [ 6.875, 4.125, 9.125, 4.875 ], "texture": "#texture" }
    }
},
{
    "from": [ -0.3125, 3.5625, 8.125 ],
    "to": [ 0.4375, 3.9375, 8.875 ],
    "faces": {
        "down":  { "uv": [ 2.625, 4.25, 4.125, 5.75 ], "texture": "#texture" },
        "up":    { "uv": [ 2.625, 4.25, 4.125, 5.75 ], "texture": "#texture" },
        "north": { "uv": [ 3.125, 4.125, 5.625, 4.75 ], "texture": "#texture" },
        "south": { "uv": [ 3.125, 4.125, 5.625, 4.75 ], "texture": "#texture" },
        "west":  { "uv": [ 6.875, 4.125, 9.125, 4.875 ], "texture": "#texture" },
        "east":  { "uv": [ 6.875, 4.125, 9.125, 4.875 ], "texture": "#texture" }
    }
},
{
    "from": [ 1.25, 3.75, 8 ],
    "to": [ 9.875, 4.75, 9 ],
    "faces": {
        "down":  { "uv": [ 4.25, 0.875, 10, 2.375 ], "texture": "#texture" },
        "up":    { "uv": [ 4.25, 0.875, 10, 2.25 ], "texture": "#texture" },
        "north": { "uv": [ 5.25, 0.375, 11.25, 2.875 ], "texture": "#texture" },
        "south": { "uv": [ 5.25, 0.375, 11.25, 2.875 ], "texture": "#texture" },
        "west":  { "uv": [ 9.375, 0.25, 11.375, 2.875 ], "texture": "#texture" },
        "east":  { "uv": [ 9.375, 0.25, 11.375, 2.875 ], "texture": "#texture" }
    }
},
{
    "from": [ 9.875, 3.875, 8.125 ],
    "to": [ 14.5, 4.625, 8.875 ],
    "faces": {
        "down":  { "uv": [ 4.25, 0.875, 10, 2.375 ], "texture": "#texture" },
        "up":    { "uv": [ 4.25, 0.875, 10, 2.25 ], "texture": "#texture" },
        "north": { "uv": [ 5.25, 0.375, 11.25, 2.875 ], "texture": "#texture" },
        "south": { "uv": [ 5.25, 0.375, 11.25, 2.875 ], "texture": "#texture" },
        "west":  { "uv": [ 9.375, 0.25, 11.375, 2.875 ], "texture": "#texture" },
        "east":  { "uv": [ 9.375, 0.25, 11.375, 2.875 ], "texture": "#texture" }
    }
},
{
    "from": [ 4.5, 3.625, 7.875 ],
    "to": [ 4.875, 4.875, 9.125 ],
    "faces": {
        "down":  { "uv": [ 0, 0, 16, 16 ], "texture": "#scifi_dagger_glow_animation_texture" },
        "up":    { "uv": [ 0, 0, 16, 16 ], "texture": "#scifi_dagger_glow_animation_texture" },
        "north": { "uv": [ 0, 0, 16, 16 ], "texture": "#scifi_dagger_glow_animation_texture" },
        "south": { "uv": [ 0, 0, 16, 16 ], "texture": "#scifi_dagger_glow_animation_texture" },
        "west":  { "uv": [ 0, 0, 16, 16 ], "texture": "#scifi_dagger_glow_animation_texture" },
        "east":  { "uv": [ 0, 0, 16, 16 ], "texture": "#scifi_dagger_glow_animation_texture" }
    }
},
{
    "from": [ 14.5, 3.75, 8 ],
    "to": [ 23.125, 4.75, 9 ],
    "faces": {
        "down":  { "uv": [ 4.25, 0.875, 10, 2.375 ], "texture": "#texture" },
        "up":    { "uv": [ 4.25, 0.875, 10, 2.25 ], "texture": "#texture" },
        "north": { "uv": [ 5.25, 0.375, 11.25, 2.875 ], "texture": "#texture" },
        "south": { "uv": [ 5.25, 0.375, 11.25, 2.875 ], "texture": "#texture" },
        "west":  { "uv": [ 9.375, 0.25, 11.375, 2.875 ], "texture": "#texture" },
        "east":  { "uv": [ 9.375, 0.25, 11.375, 2.875 ], "texture": "#texture" }
    }
},
{
    "from": [ 5, 3.625, 7.875 ],
    "to": [ 5.375, 4.875, 9.125 ],
    "faces": {
        "down":  { "uv": [ 0, 0, 16, 16 ], "texture": "#scifi_dagger_glow_animation_texture" },
        "up":    { "uv": [ 0, 0, 16, 16 ], "texture": "#scifi_dagger_glow_animation_texture" },
        "north": { "uv": [ 0, 0, 16, 16 ], "texture": "#scifi_dagger_glow_animation_texture" },
        "south": { "uv": [ 0, 0, 16, 16 ], "texture": "#scifi_dagger_glow_animation_texture" },
        "west":  { "uv": [ 0, 0, 16, 16 ], "texture": "#scifi_dagger_glow_animation_texture" },
        "east":  { "uv": [ 0, 0, 16, 16 ], "texture": "#scifi_dagger_glow_animation_texture" }
    }
},
{
    "from": [ 5.5, 3.625, 7.875 ],
    "to": [ 5.875, 4.875, 9.125 ],
    "faces": {
        "down":  { "uv": [ 0, 0, 16, 16 ], "texture": "#scifi_dagger_glow_animation_texture" },
        "up":    { "uv": [ 0, 0, 16, 16 ], "texture": "#scifi_dagger_glow_animation_texture" },
        "north": { "uv": [ 0, 0, 16, 16 ], "texture": "#scifi_dagger_glow_animation_texture" },
        "south": { "uv": [ 0, 0, 16, 16 ], "texture": "#scifi_dagger_glow_animation_texture" },
        "west":  { "uv": [ 0, 0, 16, 16 ], "texture": "#scifi_dagger_glow_animation_texture" },
        "east":  { "uv": [ 0, 0, 16, 16 ], "texture": "#scifi_dagger_glow_animation_texture" }
    }
},
{
    "from": [ 6, 3.625, 7.875 ],
    "to": [ 6.375, 4.875, 9.125 ],
    "faces": {
        "down":  { "uv": [ 0, 0, 16, 16 ], "texture": "#scifi_dagger_glow_animation_texture" },
        "up":    { "uv": [ 0, 0, 16, 16 ], "texture": "#scifi_dagger_glow_animation_texture" },
        "north": { "uv": [ 0, 0, 16, 16 ], "texture": "#scifi_dagger_glow_animation_texture" },
        "south": { "uv": [ 0, 0, 16, 16 ], "texture": "#scifi_dagger_glow_animation_texture" },
        "west":  { "uv": [ 0, 0, 16, 16 ], "texture": "#scifi_dagger_glow_animation_texture" },
        "east":  { "uv": [ 0, 0, 16, 16 ], "texture": "#scifi_dagger_glow_animation_texture" }
    }
},
{
    "from": [ 6.5, 3.625, 7.875 ],
    "to": [ 6.875, 4.875, 9.125 ],
    "faces": {
        "down":  { "uv": [ 0, 0, 16, 16 ], "texture": "#scifi_dagger_glow_animation_texture" },
        "up":    { "uv": [ 0, 0, 16, 16 ], "texture": "#scifi_dagger_glow_animation_texture" },
        "north": { "uv": [ 0, 0, 16, 16 ], "texture": "#scifi_dagger_glow_animation_texture" },
        "south": { "uv": [ 0, 0, 16, 16 ], "texture": "#scifi_dagger_glow_animation_texture" },
        "west":  { "uv": [ 0, 0, 16, 16 ], "texture": "#scifi_dagger_glow_animation_texture" },
        "east":  { "uv": [ 0, 0, 16, 16 ], "texture": "#scifi_dagger_glow_animation_texture" }
    }
},
{
    "from": [ 9.625, 3.625, 7.875 ],
    "to": [ 10, 4.875, 9.125 ],
    "faces": {
        "down":  { "uv": [ 2.125, 8.375, 2.75, 10.125 ], "texture": "#texture" },
        "up":    { "uv": [ 2.125, 8.375, 2.75, 10.125 ], "texture": "#texture" },
        "north": { "uv": [ 1.375, 8.25, 2, 10 ], "texture": "#texture" },
        "south": { "uv": [ 1.375, 8.25, 2, 10 ], "texture": "#texture" },
        "west":  { "uv": [ 0.5, 8.5, 1.75, 10 ], "texture": "#texture" },
        "east":  { "uv": [ 0.5, 8.5, 1.75, 10 ], "texture": "#texture" }
    }
},
{
    "from": [ 14.375, 3.625, 7.875 ],
    "to": [ 14.75, 4.875, 9.125 ],
    "faces": {
        "down":  { "uv": [ 2.125, 8.375, 2.75, 10.125 ], "texture": "#texture" },
        "up":    { "uv": [ 2.125, 8.375, 2.75, 10.125 ], "texture": "#texture" },
        "north": { "uv": [ 1.375, 8.25, 2, 10 ], "texture": "#texture" },
        "south": { "uv": [ 1.375, 8.25, 2, 10 ], "texture": "#texture" },
        "west":  { "uv": [ 0.5, 8.5, 1.75, 10 ], "texture": "#texture" },
        "east":  { "uv": [ 0.5, 8.5, 1.75, 10 ], "texture": "#texture" }
    }
},
{
    "from": [ 18, 3.625, 7.875 ],
    "to": [ 18.375, 4.875, 9.125 ],
    "faces": {
        "down":  { "uv": [ 0, 0, 16, 16 ], "texture": "#scifi_dagger_glow_animation_texture" },
        "up":    { "uv": [ 0, 0, 16, 16 ], "texture": "#scifi_dagger_glow_animation_texture" },
        "north": { "uv": [ 0, 0, 16, 16 ], "texture": "#scifi_dagger_glow_animation_texture" },
        "south": { "uv": [ 0, 0, 16, 16 ], "texture": "#scifi_dagger_glow_animation_texture" },
        "west":  { "uv": [ 0, 0, 16, 16 ], "texture": "#scifi_dagger_glow_animation_texture" },
        "east":  { "uv": [ 0, 0, 16, 16 ], "texture": "#scifi_dagger_glow_animation_texture" }
    }
},
{
    "from": [ 18.5, 3.625, 7.875 ],
    "to": [ 18.875, 4.875, 9.125 ],
    "faces": {
        "down":  { "uv": [ 0, 0, 16, 16 ], "texture": "#scifi_dagger_glow_animation_texture" },
        "up":    { "uv": [ 0, 0, 16, 16 ], "texture": "#scifi_dagger_glow_animation_texture" },
        "north": { "uv": [ 0, 0, 16, 16 ], "texture": "#scifi_dagger_glow_animation_texture" },
        "south": { "uv": [ 0, 0, 16, 16 ], "texture": "#scifi_dagger_glow_animation_texture" },
        "west":  { "uv": [ 0, 0, 16, 16 ], "texture": "#scifi_dagger_glow_animation_texture" },
        "east":  { "uv": [ 0, 0, 16, 16 ], "texture": "#scifi_dagger_glow_animation_texture" }
    }
},
{
    "from": [ 19, 3.625, 7.875 ],
    "to": [ 19.375, 4.875, 9.125 ],
    "faces": {
        "down":  { "uv": [ 0, 0, 16, 16 ], "texture": "#scifi_dagger_glow_animation_texture" },
        "up":    { "uv": [ 0, 0, 16, 16 ], "texture": "#scifi_dagger_glow_animation_texture" },
        "north": { "uv": [ 0, 0, 16, 16 ], "texture": "#scifi_dagger_glow_animation_texture" },
        "south": { "uv": [ 0, 0, 16, 16 ], "texture": "#scifi_dagger_glow_animation_texture" },
        "west":  { "uv": [ 0, 0, 16, 16 ], "texture": "#scifi_dagger_glow_animation_texture" },
        "east":  { "uv": [ 0, 0, 16, 16 ], "texture": "#scifi_dagger_glow_animation_texture" }
    }
},
{
    "from": [ 19.5, 3.625, 7.875 ],
    "to": [ 19.875, 4.875, 9.125 ],
    "faces": {
        "down":  { "uv": [ 0, 0, 16, 16 ], "texture": "#scifi_dagger_glow_animation_texture" },
        "up":    { "uv": [ 0, 0, 16, 16 ], "texture": "#scifi_dagger_glow_animation_texture" },
        "north": { "uv": [ 0, 0, 16, 16 ], "texture": "#scifi_dagger_glow_animation_texture" },
        "south": { "uv": [ 0, 0, 16, 16 ], "texture": "#scifi_dagger_glow_animation_texture" },
        "west":  { "uv": [ 0, 0, 16, 16 ], "texture": "#scifi_dagger_glow_animation_texture" },
        "east":  { "uv": [ 0, 0, 16, 16 ], "texture": "#scifi_dagger_glow_animation_texture" }
    }
},
{
    "from": [ 20, 3.625, 7.875 ],
    "to": [ 20.375, 4.875, 9.125 ],
    "faces": {
        "down":  { "uv": [ 0, 0, 16, 16 ], "texture": "#scifi_dagger_glow_animation_texture" },
        "up":    { "uv": [ 0, 0, 16, 16 ], "texture": "#scifi_dagger_glow_animation_texture" },
        "north": { "uv": [ 0, 0, 16, 16 ], "texture": "#scifi_dagger_glow_animation_texture" },
        "south": { "uv": [ 0, 0, 16, 16 ], "texture": "#scifi_dagger_glow_animation_texture" },
        "west":  { "uv": [ 0, 0, 16, 16 ], "texture": "#scifi_dagger_glow_animation_texture" },
        "east":  { "uv": [ 0, 0, 16, 16 ], "texture": "#scifi_dagger_glow_animation_texture" }
    }
},
{
    "from": [ 23.125, 3.875, 8.125 ],
    "to": [ 23.75, 4.625, 8.875 ],
    "faces": {
        "down":  { "uv": [ 4.25, 0.875, 10, 2.375 ], "texture": "#texture" },
        "up":    { "uv": [ 4.25, 0.875, 10, 2.25 ], "texture": "#texture" },
        "north": { "uv": [ 5.25, 0.375, 11.25, 2.875 ], "texture": "#texture" },
        "south": { "uv": [ 5.25, 0.375, 11.25, 2.875 ], "texture": "#texture" },
        "west":  { "uv": [ 9.375, 0.25, 11.375, 2.875 ], "texture": "#texture" },
        "east":  { "uv": [ 9.375, 0.25, 11.375, 2.875 ], "texture": "#texture" }
    }
},
{
    "from": [ 23.125, 3.8125, 8.0625 ],
    "to": [ 23.5, 4.6875, 8.9375 ],
    "faces": {
        "down":  { "uv": [ 4.25, 0.875, 10, 2.375 ], "texture": "#texture" },
        "up":    { "uv": [ 4.25, 0.875, 10, 2.25 ], "texture": "#texture" },
        "north": { "uv": [ 5.25, 0.375, 11.25, 2.875 ], "texture": "#texture" },
        "south": { "uv": [ 5.25, 0.375, 11.25, 2.875 ], "texture": "#texture" },
        "west":  { "uv": [ 9.375, 0.25, 11.375, 2.875 ], "texture": "#texture" },
        "east":  { "uv": [ 9.375, 0.25, 11.375, 2.875 ], "texture": "#texture" }
    }
},
{
    "from": [ 23.75, 3.9375, 8.1875 ],
    "to": [ 23.875, 4.5625, 8.8125 ],
    "faces": {
        "down":  { "uv": [ 4.25, 0.875, 10, 2.375 ], "texture": "#texture" },
        "up":    { "uv": [ 4.25, 0.875, 10, 2.25 ], "texture": "#texture" },
        "north": { "uv": [ 5.25, 0.375, 11.25, 2.875 ], "texture": "#texture" },
        "south": { "uv": [ 5.25, 0.375, 11.25, 2.875 ], "texture": "#texture" },
        "west":  { "uv": [ 9.375, 0.25, 11.375, 2.875 ], "texture": "#texture" },
        "east":  { "uv": [ 9.375, 0.25, 11.375, 2.875 ], "texture": "#texture" }
    }
},
{
    "from": [ 10.125, 3.75, 8 ],
    "to": [ 10.5, 4.75, 9 ],
    "faces": {
        "down":  { "uv": [ 4.625, 4.5, 10.375, 5.875 ], "texture": "#texture" },
        "up":    { "uv": [ 4.625, 4.5, 10.375, 5.875 ], "texture": "#texture" },
        "north": { "uv": [ 5.125, 4.625, 11.125, 7.125 ], "texture": "#texture" },
        "south": { "uv": [ 5.125, 4.625, 11.125, 7.125 ], "texture": "#texture" },
        "west":  { "uv": [ 5.25, 4.5, 7.25, 7.125 ], "texture": "#texture" },
        "east":  { "uv": [ 5.25, 4.5, 7.25, 7.125 ], "texture": "#texture" }
    }
},
{
    "from": [ 10.75, 3.75, 8 ],
    "to": [ 11.125, 4.75, 9 ],
    "faces": {
        "down":  { "uv": [ 4.625, 4.5, 10.375, 5.875 ], "texture": "#texture" },
        "up":    { "uv": [ 4.625, 4.5, 10.375, 5.875 ], "texture": "#texture" },
        "north": { "uv": [ 5.125, 4.625, 11.125, 7.125 ], "texture": "#texture" },
        "south": { "uv": [ 5.125, 4.625, 11.125, 7.125 ], "texture": "#texture" },
        "west":  { "uv": [ 5.25, 4.5, 7.25, 7.125 ], "texture": "#texture" },
        "east":  { "uv": [ 5.25, 4.5, 7.25, 7.125 ], "texture": "#texture" }
    }
},
{
    "from": [ 11.375, 3.75, 8 ],
    "to": [ 11.75, 4.75, 9 ],
    "faces": {
        "down":  { "uv": [ 4.625, 4.5, 10.375, 5.875 ], "texture": "#texture" },
        "up":    { "uv": [ 4.625, 4.5, 10.375, 5.875 ], "texture": "#texture" },
        "north": { "uv": [ 5.125, 4.625, 11.125, 7.125 ], "texture": "#texture" },
        "south": { "uv": [ 5.125, 4.625, 11.125, 7.125 ], "texture": "#texture" },
        "west":  { "uv": [ 5.25, 4.5, 7.25, 7.125 ], "texture": "#texture" },
        "east":  { "uv": [ 5.25, 4.5, 7.25, 7.125 ], "texture": "#texture" }
    }
},
{
    "from": [ 12, 3.75, 8 ],
    "to": [ 12.375, 4.75, 9 ],
    "faces": {
        "down":  { "uv": [ 4.625, 4.5, 10.375, 5.875 ], "texture": "#texture" },
        "up":    { "uv": [ 4.625, 4.5, 10.375, 5.875 ], "texture": "#texture" },
        "north": { "uv": [ 5.125, 4.625, 11.125, 7.125 ], "texture": "#texture" },
        "south": { "uv": [ 5.125, 4.625, 11.125, 7.125 ], "texture": "#texture" },
        "west":  { "uv": [ 5.25, 4.5, 7.25, 7.125 ], "texture": "#texture" },
        "east":  { "uv": [ 5.25, 4.5, 7.25, 7.125 ], "texture": "#texture" }
    }
},
{
    "from": [ 12.625, 3.75, 8 ],
    "to": [ 13, 4.75, 9 ],
    "faces": {
        "down":  { "uv": [ 4.625, 4.5, 10.375, 5.875 ], "texture": "#texture" },
        "up":    { "uv": [ 4.625, 4.5, 10.375, 5.875 ], "texture": "#texture" },
        "north": { "uv": [ 5.125, 4.625, 11.125, 7.125 ], "texture": "#texture" },
        "south": { "uv": [ 5.125, 4.625, 11.125, 7.125 ], "texture": "#texture" },
        "west":  { "uv": [ 5.25, 4.5, 7.25, 7.125 ], "texture": "#texture" },
        "east":  { "uv": [ 5.25, 4.5, 7.25, 7.125 ], "texture": "#texture" }
    }
},
{
    "from": [ 13.25, 3.75, 8 ],
    "to": [ 13.625, 4.75, 9 ],
    "faces": {
        "down":  { "uv": [ 4.625, 4.5, 10.375, 5.875 ], "texture": "#texture" },
        "up":    { "uv": [ 4.625, 4.5, 10.375, 5.875 ], "texture": "#texture" },
        "north": { "uv": [ 5.125, 4.625, 11.125, 7.125 ], "texture": "#texture" },
        "south": { "uv": [ 5.125, 4.625, 11.125, 7.125 ], "texture": "#texture" },
        "west":  { "uv": [ 5.25, 4.5, 7.25, 7.125 ], "texture": "#texture" },
        "east":  { "uv": [ 5.25, 4.5, 7.25, 7.125 ], "texture": "#texture" }
    }
},
{
    "from": [ 13.875, 3.75, 8 ],
    "to": [ 14.25, 4.75, 9 ],
    "faces": {
        "down":  { "uv": [ 4.625, 4.5, 10.375, 5.875 ], "texture": "#texture" },
        "up":    { "uv": [ 4.625, 4.5, 10.375, 5.875 ], "texture": "#texture" },
        "north": { "uv": [ 5.125, 4.625, 11.125, 7.125 ], "texture": "#texture" },
        "south": { "uv": [ 5.125, 4.625, 11.125, 7.125 ], "texture": "#texture" },
        "west":  { "uv": [ 5.25, 4.5, 7.25, 7.125 ], "texture": "#texture" },
        "east":  { "uv": [ 5.25, 4.5, 7.25, 7.125 ], "texture": "#texture" }
    }
},
{
    "from": [ 21.625, 4, 8.25 ],
    "to": [ 23.375, 4.5, 8.75 ],
    "rotation": { "origin": [ 21.625, 4.5, 8.25 ], "axis": "z", "angle": 45 },
    "faces": {
        "down":  { "uv": [ 10.625, 14.25, 13.75, 15.375 ], "texture": "#texture" },
        "up":    { "uv": [ 10.625, 14.25, 13.75, 15.375 ], "texture": "#texture" },
        "north": { "uv": [ 4.5, 14.25, 8, 15.5 ], "texture": "#texture" },
        "south": { "uv": [ 4.5, 14.25, 8, 15.5 ], "texture": "#texture" },
        "west":  { "uv": [ 6, 14, 7.5, 15.375 ], "texture": "#texture" },
        "east":  { "uv": [ 6, 14, 7.5, 15.375 ], "texture": "#texture" }
    }
},
{
    "from": [ 22, 3.875, 8.25 ],
    "to": [ 23.75, 4.375, 8.75 ],
    "rotation": { "origin": [ 22, 4.375, 8.25 ], "axis": "z", "angle": -45 },
    "faces": {
        "down":  { "uv": [ 10.625, 14.25, 13.75, 15.375 ], "texture": "#texture" },
        "up":    { "uv": [ 10.625, 14.25, 13.75, 15.375 ], "texture": "#texture" },
        "north": { "uv": [ 4.5, 14.25, 8, 15.5 ], "texture": "#texture" },
        "south": { "uv": [ 4.5, 14.25, 8, 15.5 ], "texture": "#texture" },
        "west":  { "uv": [ 6, 14, 7.5, 15.375 ], "texture": "#texture" },
        "east":  { "uv": [ 6, 14, 7.5, 15.375 ], "texture": "#texture" }
    }
},
{
    "from": [ 22.875, 5.25, 8.25 ],
    "to": [ 24.375, 5.75, 8.75 ],
    "faces": {
        "down":  { "uv": [ 10.625, 14.25, 13.75, 15.375 ], "texture": "#texture" },
        "up":    { "uv": [ 10.625, 14.25, 13.75, 15.375 ], "texture": "#texture" },
        "north": { "uv": [ 4.5, 14.25, 8, 15.5 ], "texture": "#texture" },
        "south": { "uv": [ 4.5, 14.25, 8, 15.5 ], "texture": "#texture" },
        "west":  { "uv": [ 6, 14, 7.5, 15.375 ], "texture": "#texture" },
        "east":  { "uv": [ 6, 14, 7.5, 15.375 ], "texture": "#texture" }
    }
},
{
    "from": [ 24.375, 5.25, 8.25 ],
    "to": [ 25.25, 5.75, 8.75 ],
    "rotation": { "origin": [ 24.375, 5.75, 8.25 ], "axis": "z", "angle": -22.5 },
    "faces": {
        "down":  { "uv": [ 10.625, 14.25, 13.75, 15.375 ], "texture": "#texture" },
        "up":    { "uv": [ 10.625, 14.25, 13.75, 15.375 ], "texture": "#texture" },
        "north": { "uv": [ 4.5, 14.25, 8, 15.5 ], "texture": "#texture" },
        "south": { "uv": [ 4.5, 14.25, 8, 15.5 ], "texture": "#texture" },
        "west":  { "uv": [ 6, 14, 7.5, 15.375 ], "texture": "#texture" },
        "east":  { "uv": [ 6, 14, 7.5, 15.375 ], "texture": "#texture" }
    }
},
{
    "from": [ 22.875, 2.75, 8.25 ],
    "to": [ 24.375, 3.25, 8.75 ],
    "faces": {
        "down":  { "uv": [ 10.625, 14.25, 13.75, 15.375 ], "texture": "#texture" },
        "up":    { "uv": [ 10.625, 14.25, 13.75, 15.375 ], "texture": "#texture" },
        "north": { "uv": [ 4.5, 14.25, 8, 15.5 ], "texture": "#texture" },
        "south": { "uv": [ 4.5, 14.25, 8, 15.5 ], "texture": "#texture" },
        "west":  { "uv": [ 6, 14, 7.5, 15.375 ], "texture": "#texture" },
        "east":  { "uv": [ 6, 14, 7.5, 15.375 ], "texture": "#texture" }
    }
},
{
    "from": [ 24.1875, 2.6875, 8.25 ],
    "to": [ 25.0625, 3.1875, 8.75 ],
    "rotation": { "origin": [ 24.1875, 3.1875, 8.25 ], "axis": "z", "angle": 22.5 },
    "faces": {
        "down":  { "uv": [ 10.625, 14.25, 13.75, 15.375 ], "texture": "#texture" },
        "up":    { "uv": [ 10.625, 14.25, 13.75, 15.375 ], "texture": "#texture" },
        "north": { "uv": [ 4.5, 14.25, 8, 15.5 ], "texture": "#texture" },
        "south": { "uv": [ 4.5, 14.25, 8, 15.5 ], "texture": "#texture" },
        "west":  { "uv": [ 6, 14, 7.5, 15.375 ], "texture": "#texture" },
        "east":  { "uv": [ 6, 14, 7.5, 15.375 ], "texture": "#texture" }
    }
},
{
    "from": [ 21, 4, 8.125 ],
    "to": [ 23.25, 4.5, 8.5 ],
    "rotation": { "origin": [ 21, 4, 8.125 ], "axis": "y", "angle": 22.5 },
    "faces": {
        "down":  { "uv": [ 10.625, 14.25, 13.75, 15.375 ], "texture": "#texture" },
        "up":    { "uv": [ 10.625, 14.25, 13.75, 15.375 ], "texture": "#texture" },
        "north": { "uv": [ 4.5, 14.25, 8, 15.5 ], "texture": "#texture" },
        "south": { "uv": [ 4.5, 14.25, 8, 15.5 ], "texture": "#texture" },
        "west":  { "uv": [ 6, 14, 7.5, 15.375 ], "texture": "#texture" },
        "east":  { "uv": [ 6, 14, 7.5, 15.375 ], "texture": "#texture" }
    }
},
{
    "from": [ 21.0625, 4, 8.5625 ],
    "to": [ 23.3125, 4.5, 8.9375 ],
    "rotation": { "origin": [ 21.0625, 4, 8.5625 ], "axis": "y", "angle": -22.5 },
    "faces": {
        "down":  { "uv": [ 10.625, 14.25, 13.75, 15.375 ], "texture": "#texture" },
        "up":    { "uv": [ 10.625, 14.25, 13.75, 15.375 ], "texture": "#texture" },
        "north": { "uv": [ 4.5, 14.25, 8, 15.5 ], "texture": "#texture" },
        "south": { "uv": [ 4.5, 14.25, 8, 15.5 ], "texture": "#texture" },
        "west":  { "uv": [ 6, 14, 7.5, 15.375 ], "texture": "#texture" },
        "east":  { "uv": [ 6, 14, 7.5, 15.375 ], "texture": "#texture" }
    }
},
{
    "from": [ -8.6875, 5.0625, 8.25 ],
    "to": [ -4.5625, 6.1875, 8.75 ],
    "faces": {
        "down":  { "uv": [ 2.125, 8.375, 6.875, 10 ], "texture": "#texture" },
        "up":    { "uv": [ 2.125, 8.375, 6.875, 10 ], "texture": "#texture" },
        "north": { "uv": [ 4.875, 8.375, 8.5, 10.375 ], "texture": "#texture" },
        "south": { "uv": [ 4.875, 8.375, 8.5, 10.375 ], "texture": "#texture" },
        "west":  { "uv": [ 0.5, 8.5, 2.5, 10.5 ], "texture": "#texture" },
        "east":  { "uv": [ 0.5, 8.5, 2.5, 10.5 ], "texture": "#texture" }
    }
},
{
    "from": [ -11, 2.625, 8.25 ],
    "to": [ -7.75, 3.875, 8.75 ],
    "rotation": { "origin": [ -11, 3.875, 8.25 ], "axis": "z", "angle": 45 },
    "faces": {
        "down":  { "uv": [ 2.125, 8.375, 6.875, 10 ], "texture": "#texture" },
        "up":    { "uv": [ 2.125, 8.375, 6.875, 10 ], "texture": "#texture" },
        "north": { "uv": [ 4.875, 8.375, 8.5, 10.375 ], "texture": "#texture" },
        "south": { "uv": [ 4.875, 8.375, 8.5, 10.375 ], "texture": "#texture" },
        "west":  { "uv": [ 0.5, 8.5, 2.5, 10.5 ], "texture": "#texture" },
        "east":  { "uv": [ 0.5, 8.5, 2.5, 10.5 ], "texture": "#texture" }
    }
},
{
    "from": [ -4.625, 5.125, 8.25 ],
    "to": [ 1.875, 6.125, 8.75 ],
    "faces": {
        "down":  { "uv": [ 2.125, 8.375, 6.875, 10 ], "texture": "#texture" },
        "up":    { "uv": [ 2.125, 8.375, 6.875, 10 ], "texture": "#texture" },
        "north": { "uv": [ 4.875, 8.375, 8.5, 10.375 ], "texture": "#texture" },
        "south": { "uv": [ 4.875, 8.375, 8.5, 10.375 ], "texture": "#texture" },
        "west":  { "uv": [ 0.5, 8.5, 2.5, 10.5 ], "texture": "#texture" },
        "east":  { "uv": [ 0.5, 8.5, 2.5, 10.5 ], "texture": "#texture" }
    }
},
{
    "from": [ 1.875, 5.125, 8.25 ],
    "to": [ 4, 6.125, 8.75 ],
    "rotation": { "origin": [ 1.875, 6.125, 8.25 ], "axis": "z", "angle": -45 },
    "faces": {
        "down":  { "uv": [ 2.125, 8.375, 6.875, 10 ], "texture": "#texture" },
        "up":    { "uv": [ 2.125, 8.375, 6.875, 10 ], "texture": "#texture" },
        "north": { "uv": [ 4.875, 8.375, 8.5, 10.375 ], "texture": "#texture" },
        "south": { "uv": [ 4.875, 8.375, 8.5, 10.375 ], "texture": "#texture" },
        "west":  { "uv": [ 0.5, 8.5, 2.5, 10.5 ], "texture": "#texture" },
        "east":  { "uv": [ 0.5, 8.5, 2.5, 10.5 ], "texture": "#texture" }
    }
},
{
    "from": [ -7.375, 4.25, 8.125 ],
    "to": [ -6.375, 4.75, 8.875 ],
    "rotation": { "origin": [ -7.375, 4.75, 8.125 ], "axis": "z", "angle": -22.5 },
    "faces": {
        "down":  { "uv": [ 4.25, 0.875, 10, 2.375 ], "texture": "#texture" },
        "up":    { "uv": [ 4.25, 0.875, 10, 2.25 ], "texture": "#texture" },
        "north": { "uv": [ 5.25, 0.375, 11.25, 2.875 ], "texture": "#texture" },
        "south": { "uv": [ 5.25, 0.375, 11.25, 2.875 ], "texture": "#texture" },
        "west":  { "uv": [ 9.375, 0.25, 11.375, 2.875 ], "texture": "#texture" },
        "east":  { "uv": [ 9.375, 0.25, 11.375, 2.875 ], "texture": "#texture" }
    }
},
{
    "from": [ -7.375, 4.25, 8.125 ],
    "to": [ -5.5, 4.75, 8.875 ],
    "faces": {
        "down":  { "uv": [ 4.25, 0.875, 10, 2.375 ], "texture": "#texture" },
        "up":    { "uv": [ 4.25, 0.875, 10, 2.25 ], "texture": "#texture" },
        "north": { "uv": [ 5.25, 0.375, 11.25, 2.875 ], "texture": "#texture" },
        "south": { "uv": [ 5.25, 0.375, 11.25, 2.875 ], "texture": "#texture" },
        "west":  { "uv": [ 9.375, 0.25, 11.375, 2.875 ], "texture": "#texture" },
        "east":  { "uv": [ 9.375, 0.25, 11.375, 2.875 ], "texture": "#texture" }
    }
}
],
"display": {
    "thirdperson_righthand": {
        "rotation": [ 90, -90, 0 ],
        "translation": [ 0.94, 5.29, 8.88 ],
        "scale": [ 1.8, 1.8, 1.8 ]
    },
    "thirdperson_lefthand": {
        "rotation": [ -90, 90, 180 ],
        "translation": [ -2.46, 5.29, 8.88 ],
        "scale": [ 1.8, 1.8, 1.8 ]
    },
    "head": {
        "rotation": [ 0, 0, -57 ],
        "translation": [ -0.94, 10.96, 1.51 ],
        "scale": [ 1, 1, 1 ]
    },
    "ground": {
        "rotation": [ -34, -30, 0 ],
        "translation": [ 0, 3.21, 0 ],
        "scale": [ 0.66, 0.66, 0.66 ]
    },
    "fixed": {
        "rotation": [ 0, 0, -48 ],
        "translation": [ 2.46, 1.7, -0.57 ],
        "scale": [ 0.63, 0.76, 0.76 ]
    },
    "firstperson_righthand": {
        "rotation": [ 10, -86, -62 ],
        "translation": [ 5.48, 1.7, -1.51 ],
        "scale": [ 1.39, 1.51, 1.39 ]
    },
    "firstperson_lefthand": {
        "rotation": [ -48, 95, 122 ],
        "translation": [ 4.72, 1.7, -1.51 ],
        "scale": [ 1.39, 1.51, 1.39 ]
    },
    "gui": {
        "rotation": [ -11, -26, -44 ],
        "translation": [ 1.89, 1.7, -6.24 ],
        "scale": [ 0.57, 0.57, 0.57 ]
    }
}
}