{
"__comment": "Designed by Kingmarnik with BDcraft Cubik PRO 0.96 Beta - http://bdcraft.net",
"textures": {
    "corrupted_spear": "wynn/weapons/spear/corrupted_spear",
    "corrupted_spear_dark": "wynn/weapons/spear/corrupted_spear_dark"
},
"elements": [ 
{
    "from": [ 7.5, -3, 7.625 ],
    "to": [ 8.25, 5, 8.375 ],
    "faces": {
        "down":  { "uv": [ 9, 8.75, 7.5, 7.25 ], "texture": "#corrupted_spear" },
        "up":    { "uv": [ 7, 7.25, 8.5, 8.75 ], "texture": "#corrupted_spear" },
        "north": { "uv": [ 11, 0, 14, 16 ], "texture": "#corrupted_spear" },
        "south": { "uv": [ 11, 0, 14, 16 ], "texture": "#corrupted_spear" },
        "west":  { "uv": [ 8, 0, 11, 16 ], "texture": "#corrupted_spear" },
        "east":  { "uv": [ 8, 0, 11, 16 ], "texture": "#corrupted_spear" }
    }
},
{
    "from": [ 7.5, 5, 7.25 ],
    "to": [ 8.5, 5.25, 8.75 ],
    "faces": {
        "down":  { "uv": [ 8, 8, 14, 9 ], "texture": "#corrupted_spear_dark" },
        "up":    { "uv": [ 8, 8, 14, 9 ], "texture": "#corrupted_spear_dark" },
        "north": { "uv": [ 10, 9, 14, 10 ], "texture": "#corrupted_spear_dark" },
        "south": { "uv": [ 10, 9, 14, 10 ], "texture": "#corrupted_spear_dark" },
        "west":  { "uv": [ 8, 7, 14, 8 ], "texture": "#corrupted_spear_dark" },
        "east":  { "uv": [ 8, 7, 14, 8 ], "texture": "#corrupted_spear_dark" }
    }
},
{
    "from": [ 7.25, 5.25, 7.5 ],
    "to": [ 8.5, 5.75, 8.5 ],
    "faces": {
        "down":  { "uv": [ 11, 10, 16, 14 ], "texture": "#corrupted_spear_dark" },
        "up":    { "uv": [ 11, 10, 16, 14 ], "texture": "#corrupted_spear_dark" },
        "north": { "uv": [ 9, 6, 14, 8 ], "texture": "#corrupted_spear_dark" },
        "south": { "uv": [ 9, 6, 14, 8 ], "texture": "#corrupted_spear_dark" },
        "west":  { "uv": [ 10, 9, 14, 11 ], "texture": "#corrupted_spear_dark" },
        "east":  { "uv": [ 10, 9, 14, 11 ], "texture": "#corrupted_spear_dark" }
    }
},
{
    "from": [ 8.25, 4.5, 7.5 ],
    "to": [ 8.5, 5, 8.5 ],
    "faces": {
        "down":  { "uv": [ 10, 7, 11, 11 ], "texture": "#corrupted_spear_dark" },
        "up":    { "uv": [ 10, 7, 11, 11 ], "texture": "#corrupted_spear_dark" },
        "north": { "uv": [ 9, 6, 10, 8 ], "texture": "#corrupted_spear_dark" },
        "south": { "uv": [ 9, 6, 10, 8 ], "texture": "#corrupted_spear_dark" },
        "west":  { "uv": [ 9, 6, 13, 8 ], "texture": "#corrupted_spear_dark" },
        "east":  { "uv": [ 9, 6, 13, 8 ], "texture": "#corrupted_spear_dark" }
    }
},
{
    "from": [ 8.5, 4.5, 7.25 ],
    "to": [ 8.75, 4.75, 8.75 ],
    "faces": {
        "down":  { "uv": [ 11, 4, 12, 10 ], "texture": "#corrupted_spear_dark" },
        "up":    { "uv": [ 11, 4, 12, 10 ], "texture": "#corrupted_spear_dark" },
        "north": { "uv": [ 11, 7, 12, 8 ], "texture": "#corrupted_spear_dark" },
        "south": { "uv": [ 11, 7, 12, 8 ], "texture": "#corrupted_spear_dark" },
        "west":  { "uv": [ 8, 8, 14, 9 ], "texture": "#corrupted_spear_dark" },
        "east":  { "uv": [ 8, 8, 14, 9 ], "texture": "#corrupted_spear_dark" }
    }
},
{
    "from": [ 8.75, 4.5, 7.5 ],
    "to": [ 9, 4.75, 8.5 ],
    "faces": {
        "down":  { "uv": [ 10, 7, 11, 11 ], "texture": "#corrupted_spear_dark" },
        "up":    { "uv": [ 10, 7, 11, 11 ], "texture": "#corrupted_spear_dark" },
        "north": { "uv": [ 9, 7, 10, 8 ], "texture": "#corrupted_spear_dark" },
        "south": { "uv": [ 12, 7, 13, 8 ], "texture": "#corrupted_spear_dark" },
        "west":  { "uv": [ 9, 6, 13, 7 ], "texture": "#corrupted_spear_dark" },
        "east":  { "uv": [ 9, 6, 13, 7 ], "texture": "#corrupted_spear_dark" }
    }
},
{
    "from": [ 8.25, 4.25, 7.5 ],
    "to": [ 8.75, 4.5, 8.5 ],
    "faces": {
        "down":  { "uv": [ 9, 7, 11, 11 ], "texture": "#corrupted_spear_dark" },
        "up":    { "uv": [ 9, 7, 11, 11 ], "texture": "#corrupted_spear_dark" },
        "north": { "uv": [ 8, 7, 10, 8 ], "texture": "#corrupted_spear_dark" },
        "south": { "uv": [ 8, 7, 10, 8 ], "texture": "#corrupted_spear_dark" },
        "west":  { "uv": [ 11, 4, 15, 5 ], "texture": "#corrupted_spear_dark" },
        "east":  { "uv": [ 11, 4, 15, 5 ], "texture": "#corrupted_spear_dark" }
    }
},
{
    "from": [ 8.25, 4.75, 7.25 ],
    "to": [ 8.75, 5, 7.5 ],
    "faces": {
        "down":  { "uv": [ 8, 9, 9, 10 ], "texture": "#corrupted_spear_dark" },
        "up":    { "uv": [ 8, 9, 9, 10 ], "texture": "#corrupted_spear_dark" },
        "north": { "uv": [ 7, 9, 9, 10 ], "texture": "#corrupted_spear_dark" },
        "south": { "uv": [ 7, 9, 9, 10 ], "texture": "#corrupted_spear_dark" },
        "west":  { "uv": [ 8, 9, 9, 10 ], "texture": "#corrupted_spear_dark" },
        "east":  { "uv": [ 8, 9, 9, 10 ], "texture": "#corrupted_spear_dark" }
    }
},
{
    "from": [ 8.75, 4.75, 7.625 ],
    "to": [ 9, 5, 7.875 ],
    "faces": {
        "down":  { "uv": [ 8, 9, 9, 10 ], "texture": "#corrupted_spear_dark" },
        "up":    { "uv": [ 8, 9, 9, 10 ], "texture": "#corrupted_spear_dark" },
        "north": { "uv": [ 8, 9, 9, 10 ], "texture": "#corrupted_spear_dark" },
        "south": { "uv": [ 8, 9, 9, 10 ], "texture": "#corrupted_spear_dark" },
        "west":  { "uv": [ 8, 9, 9, 10 ], "texture": "#corrupted_spear_dark" },
        "east":  { "uv": [ 8, 9, 9, 10 ], "texture": "#corrupted_spear_dark" }
    }
},
{
    "from": [ 8.25, 4.75, 8.5 ],
    "to": [ 8.75, 5, 8.75 ],
    "faces": {
        "down":  { "uv": [ 8, 9, 9, 10 ], "texture": "#corrupted_spear_dark" },
        "up":    { "uv": [ 8, 9, 9, 10 ], "texture": "#corrupted_spear_dark" },
        "north": { "uv": [ 7, 9, 9, 10 ], "texture": "#corrupted_spear_dark" },
        "south": { "uv": [ 7, 9, 9, 10 ], "texture": "#corrupted_spear_dark" },
        "west":  { "uv": [ 8, 9, 9, 10 ], "texture": "#corrupted_spear_dark" },
        "east":  { "uv": [ 8, 9, 9, 10 ], "texture": "#corrupted_spear_dark" }
    }
},
{
    "from": [ 8.75, 4.75, 8.125 ],
    "to": [ 9, 5, 8.375 ],
    "faces": {
        "down":  { "uv": [ 0, 10, 1, 11 ], "texture": "#corrupted_spear_dark" },
        "up":    { "uv": [ 0, 10, 1, 11 ], "texture": "#corrupted_spear_dark" },
        "north": { "uv": [ 0, 10, 1, 11 ], "texture": "#corrupted_spear_dark" },
        "south": { "uv": [ 0, 10, 1, 11 ], "texture": "#corrupted_spear_dark" },
        "west":  { "uv": [ 0, 10, 1, 11 ], "texture": "#corrupted_spear_dark" },
        "east":  { "uv": [ 0, 10, 1, 11 ], "texture": "#corrupted_spear_dark" }
    }
},
{
    "from": [ 8.75, 5.5, 7.5 ],
    "to": [ 9, 5.75, 8.5 ],
    "faces": {
        "down":  { "uv": [ 11, 6, 12, 10 ], "texture": "#corrupted_spear_dark" },
        "up":    { "uv": [ 11, 6, 12, 10 ], "texture": "#corrupted_spear_dark" },
        "north": { "uv": [ 10, 4, 11, 5 ], "texture": "#corrupted_spear_dark" },
        "south": { "uv": [ 13, 4, 14, 5 ], "texture": "#corrupted_spear_dark" },
        "west":  { "uv": [ 10, 4, 14, 5 ], "texture": "#corrupted_spear_dark" },
        "east":  { "uv": [ 10, 4, 14, 5 ], "texture": "#corrupted_spear_dark" }
    }
},
{
    "from": [ 7.5, 5.5, 7.25 ],
    "to": [ 8.75, 5.75, 8.75 ],
    "faces": {
        "down":  { "uv": [ 10, 8, 15, 14 ], "texture": "#corrupted_spear_dark" },
        "up":    { "uv": [ 10, 8, 15, 14 ], "texture": "#corrupted_spear_dark" },
        "north": { "uv": [ 9, 6, 14, 7 ], "texture": "#corrupted_spear_dark" },
        "south": { "uv": [ 9, 6, 14, 7 ], "texture": "#corrupted_spear_dark" },
        "west":  { "uv": [ 9, 4, 15, 5 ], "texture": "#corrupted_spear_dark" },
        "east":  { "uv": [ 9, 4, 15, 5 ], "texture": "#corrupted_spear_dark" }
    }
},
{
    "from": [ 8.75, 5.25, 7.5 ],
    "to": [ 9, 5.5, 7.75 ],
    "faces": {
        "down":  { "uv": [ 8, 9, 9, 10 ], "texture": "#corrupted_spear_dark" },
        "up":    { "uv": [ 8, 9, 9, 10 ], "texture": "#corrupted_spear_dark" },
        "north": { "uv": [ 8, 9, 9, 10 ], "texture": "#corrupted_spear_dark" },
        "south": { "uv": [ 8, 9, 9, 10 ], "texture": "#corrupted_spear_dark" },
        "west":  { "uv": [ 8, 9, 9, 10 ], "texture": "#corrupted_spear_dark" },
        "east":  { "uv": [ 8, 9, 9, 10 ], "texture": "#corrupted_spear_dark" }
    }
},
{
    "from": [ 8.75, 5.25, 8.25 ],
    "to": [ 9, 5.5, 8.5 ],
    "faces": {
        "down":  { "uv": [ 8, 9, 9, 10 ], "texture": "#corrupted_spear_dark" },
        "up":    { "uv": [ 8, 9, 9, 10 ], "texture": "#corrupted_spear_dark" },
        "north": { "uv": [ 8, 9, 9, 10 ], "texture": "#corrupted_spear_dark" },
        "south": { "uv": [ 8, 9, 9, 10 ], "texture": "#corrupted_spear_dark" },
        "west":  { "uv": [ 8, 9, 9, 10 ], "texture": "#corrupted_spear_dark" },
        "east":  { "uv": [ 8, 9, 9, 10 ], "texture": "#corrupted_spear_dark" }
    }
},
{
    "from": [ 8.75, 5.25, 7.875 ],
    "to": [ 9, 5.5, 8.125 ],
    "faces": {
        "down":  { "uv": [ 8, 9, 9, 10 ], "texture": "#corrupted_spear_dark" },
        "up":    { "uv": [ 8, 9, 9, 10 ], "texture": "#corrupted_spear_dark" },
        "north": { "uv": [ 8, 9, 9, 10 ], "texture": "#corrupted_spear_dark" },
        "south": { "uv": [ 8, 9, 9, 10 ], "texture": "#corrupted_spear_dark" },
        "west":  { "uv": [ 8, 9, 9, 10 ], "texture": "#corrupted_spear_dark" },
        "east":  { "uv": [ 8, 9, 9, 10 ], "texture": "#corrupted_spear_dark" }
    }
},
{
    "from": [ 7.5, 5.25, 7.25 ],
    "to": [ 8.5, 5.5, 8.75 ],
    "faces": {
        "down":  { "uv": [ 11, 7, 15, 13 ], "texture": "#corrupted_spear_dark" },
        "up":    { "uv": [ 11, 7, 15, 13 ], "texture": "#corrupted_spear_dark" },
        "north": { "uv": [ 10, 8, 14, 9 ], "texture": "#corrupted_spear_dark" },
        "south": { "uv": [ 10, 8, 14, 9 ], "texture": "#corrupted_spear_dark" },
        "west":  { "uv": [ 8, 4, 14, 5 ], "texture": "#corrupted_spear_dark" },
        "east":  { "uv": [ 8, 4, 14, 5 ], "texture": "#corrupted_spear_dark" }
    }
},
{
    "from": [ 7.25, 5.75, 7.5 ],
    "to": [ 8.75, 6.25, 8.5 ],
    "faces": {
        "down":  { "uv": [ 9, 7, 15, 11 ], "texture": "#corrupted_spear_dark" },
        "up":    { "uv": [ 9, 7, 15, 11 ], "texture": "#corrupted_spear_dark" },
        "north": { "uv": [ 10, 3, 16, 5 ], "texture": "#corrupted_spear_dark" },
        "south": { "uv": [ 10, 3, 16, 5 ], "texture": "#corrupted_spear_dark" },
        "west":  { "uv": [ 11, 2, 15, 4 ], "texture": "#corrupted_spear_dark" },
        "east":  { "uv": [ 0, 9, 1, 10 ], "texture": "#corrupted_spear_dark" }
    }
},
{
    "from": [ 8.75, 5.75, 7.5 ],
    "to": [ 9, 6, 7.75 ],
    "faces": {
        "down":  { "uv": [ 9, 4, 10, 5 ], "texture": "#corrupted_spear_dark" },
        "up":    { "uv": [ 9, 4, 10, 5 ], "texture": "#corrupted_spear_dark" },
        "north": { "uv": [ 9, 4, 10, 5 ], "texture": "#corrupted_spear_dark" },
        "south": { "uv": [ 9, 4, 10, 5 ], "texture": "#corrupted_spear_dark" },
        "west":  { "uv": [ 9, 4, 10, 5 ], "texture": "#corrupted_spear_dark" },
        "east":  { "uv": [ 9, 4, 10, 5 ], "texture": "#corrupted_spear_dark" }
    }
},
{
    "from": [ 8.75, 5.75, 8.25 ],
    "to": [ 9, 6, 8.5 ],
    "faces": {
        "down":  { "uv": [ 9, 4, 10, 5 ], "texture": "#corrupted_spear_dark" },
        "up":    { "uv": [ 9, 4, 10, 5 ], "texture": "#corrupted_spear_dark" },
        "north": { "uv": [ 9, 4, 10, 5 ], "texture": "#corrupted_spear_dark" },
        "south": { "uv": [ 9, 4, 10, 5 ], "texture": "#corrupted_spear_dark" },
        "west":  { "uv": [ 9, 4, 10, 5 ], "texture": "#corrupted_spear_dark" },
        "east":  { "uv": [ 9, 4, 10, 5 ], "texture": "#corrupted_spear_dark" }
    }
},
{
    "from": [ 8.75, 6, 7.5 ],
    "to": [ 9, 6.25, 7.875 ],
    "faces": {
        "down":  { "uv": [ 8.5, 3, 10, 4 ], "texture": "#corrupted_spear_dark" },
        "up":    { "uv": [ 8.5, 3, 10, 4 ], "rotation": 270, "texture": "#corrupted_spear_dark" },
        "north": { "uv": [ 9, 3, 10, 4 ], "texture": "#corrupted_spear_dark" },
        "south": { "uv": [ 8, 3, 9, 4 ], "texture": "#corrupted_spear_dark" },
        "west":  { "uv": [ 8.5, 3, 10, 4 ], "texture": "#corrupted_spear_dark" },
        "east":  { "uv": [ 8.5, 3, 10, 4 ], "texture": "#corrupted_spear_dark" }
    }
},
{
    "from": [ 8.75, 6, 8.125 ],
    "to": [ 9, 6.25, 8.5 ],
    "faces": {
        "down":  { "uv": [ 8, 3, 9.5, 4 ], "texture": "#corrupted_spear_dark" },
        "up":    { "uv": [ 8, 3, 9.5, 4 ], "rotation": 270, "texture": "#corrupted_spear_dark" },
        "north": { "uv": [ 9, 3, 10, 4 ], "texture": "#corrupted_spear_dark" },
        "south": { "uv": [ 8, 3, 9, 4 ], "texture": "#corrupted_spear_dark" },
        "west":  { "uv": [ 8, 3, 9.5, 4 ], "texture": "#corrupted_spear_dark" },
        "east":  { "uv": [ 8, 3, 9.5, 4 ], "texture": "#corrupted_spear_dark" }
    }
},
{
    "from": [ 7.5, 5.75, 7.25 ],
    "to": [ 8.75, 6.25, 7.5 ],
    "faces": {
        "down":  { "uv": [ 9, 6, 14, 7 ], "texture": "#corrupted_spear_dark" },
        "up":    { "uv": [ 9, 6, 14, 7 ], "texture": "#corrupted_spear_dark" },
        "north": { "uv": [ 9, 4, 14, 6 ], "texture": "#corrupted_spear_dark" },
        "south": { "uv": [ 9, 4, 14, 6 ], "texture": "#corrupted_spear_dark" },
        "west":  { "uv": [ 10, 3, 11, 5 ], "texture": "#corrupted_spear_dark" },
        "east":  { "uv": [ 10, 3, 11, 5 ], "texture": "#corrupted_spear_dark" }
    }
},
{
    "from": [ 7.5, 5.75, 8.5 ],
    "to": [ 8.75, 6.25, 8.75 ],
    "faces": {
        "down":  { "uv": [ 7, 9, 12, 10 ], "texture": "#corrupted_spear_dark" },
        "up":    { "uv": [ 7, 9, 12, 10 ], "texture": "#corrupted_spear_dark" },
        "north": { "uv": [ 9, 9, 14, 11 ], "texture": "#corrupted_spear_dark" },
        "south": { "uv": [ 9, 9, 14, 11 ], "texture": "#corrupted_spear_dark" },
        "west":  { "uv": [ 10, 3, 11, 5 ], "texture": "#corrupted_spear_dark" },
        "east":  { "uv": [ 10, 3, 11, 5 ], "texture": "#corrupted_spear_dark" }
    }
},
{
    "from": [ 7.75, 5.75, 7 ],
    "to": [ 8.5, 6, 7.25 ],
    "faces": {
        "down":  { "uv": [ 10, 6, 13, 7 ], "texture": "#corrupted_spear_dark" },
        "up":    { "uv": [ 10, 6, 13, 7 ], "texture": "#corrupted_spear_dark" },
        "north": { "uv": [ 10, 6, 13, 7 ], "texture": "#corrupted_spear_dark" },
        "south": { "uv": [ 10, 6, 13, 7 ], "texture": "#corrupted_spear_dark" },
        "west":  { "uv": [ 11, 5, 12, 6 ], "texture": "#corrupted_spear_dark" },
        "east":  { "uv": [ 11, 5, 12, 6 ], "texture": "#corrupted_spear_dark" }
    }
},
{
    "from": [ 7.75, 5.5, 7 ],
    "to": [ 8.25, 5.75, 7.25 ],
    "faces": {
        "down":  { "uv": [ 9, 7, 11, 8 ], "texture": "#corrupted_spear_dark" },
        "up":    { "uv": [ 9, 7, 11, 8 ], "texture": "#corrupted_spear_dark" },
        "north": { "uv": [ 9, 7.5, 11, 8.5 ], "texture": "#corrupted_spear_dark" },
        "south": { "uv": [ 9, 7.5, 11, 8.5 ], "texture": "#corrupted_spear_dark" },
        "west":  { "uv": [ 9, 5, 10, 6 ], "texture": "#corrupted_spear_dark" },
        "east":  { "uv": [ 9, 5, 10, 6 ], "texture": "#corrupted_spear_dark" }
    }
},
{
    "from": [ 7.75, 5.75, 8.75 ],
    "to": [ 8.5, 6, 9 ],
    "faces": {
        "down":  { "uv": [ 9, 14, 12, 15 ], "texture": "#corrupted_spear_dark" },
        "up":    { "uv": [ 9, 14, 12, 15 ], "texture": "#corrupted_spear_dark" },
        "north": { "uv": [ 9, 14, 12, 15 ], "texture": "#corrupted_spear_dark" },
        "south": { "uv": [ 9, 14, 12, 15 ], "texture": "#corrupted_spear_dark" },
        "west":  { "uv": [ 11, 14, 12, 15 ], "texture": "#corrupted_spear_dark" },
        "east":  { "uv": [ 9, 14, 10, 15 ], "texture": "#corrupted_spear_dark" }
    }
},
{
    "from": [ 8.5, 7, 7.5 ],
    "to": [ 8.75, 7.25, 8.5 ],
    "faces": {
        "down":  { "uv": [ 10, 6, 11, 10 ], "texture": "#corrupted_spear_dark" },
        "up":    { "uv": [ 10, 6, 11, 10 ], "texture": "#corrupted_spear_dark" },
        "north": { "uv": [ 9, 9, 10, 10 ], "texture": "#corrupted_spear_dark" },
        "south": { "uv": [ 9, 9, 10, 10 ], "texture": "#corrupted_spear_dark" },
        "west":  { "uv": [ 9, 8, 13, 9 ], "texture": "#corrupted_spear_dark" },
        "east":  { "uv": [ 9, 8, 13, 9 ], "texture": "#corrupted_spear_dark" }
    }
},
{
    "from": [ 8.75, 6.25, 7.75 ],
    "to": [ 9, 7, 8.25 ],
    "faces": {
        "down":  { "uv": [ 9, 7, 10, 9 ], "texture": "#corrupted_spear_dark" },
        "up":    { "uv": [ 9, 7, 10, 9 ], "texture": "#corrupted_spear_dark" },
        "north": { "uv": [ 10, 2, 11, 5 ], "texture": "#corrupted_spear_dark" },
        "south": { "uv": [ 10, 2, 11, 5 ], "texture": "#corrupted_spear_dark" },
        "west":  { "uv": [ 10, 2, 12, 5 ], "texture": "#corrupted_spear_dark" },
        "east":  { "uv": [ 10, 2, 12, 5 ], "texture": "#corrupted_spear_dark" }
    }
},
{
    "from": [ 8.5, 6.75, 7.25 ],
    "to": [ 8.75, 7, 8.75 ],
    "faces": {
        "down":  { "uv": [ 11, 6, 12, 12 ], "texture": "#corrupted_spear_dark" },
        "up":    { "uv": [ 11, 6, 12, 12 ], "texture": "#corrupted_spear_dark" },
        "north": { "uv": [ 8, 2, 9, 3 ], "texture": "#corrupted_spear_dark" },
        "south": { "uv": [ 13, 2, 14, 3 ], "texture": "#corrupted_spear_dark" },
        "west":  { "uv": [ 8, 2, 14, 3 ], "texture": "#corrupted_spear_dark" },
        "east":  { "uv": [ 8, 2, 14, 3 ], "texture": "#corrupted_spear_dark" }
    }
},
{
    "from": [ 7.25, 7, 7.25 ],
    "to": [ 8.5, 7.25, 8.75 ],
    "faces": {
        "down":  { "uv": [ 8, 7, 13, 13 ], "texture": "#corrupted_spear_dark" },
        "up":    { "uv": [ 8, 7, 13, 13 ], "texture": "#corrupted_spear_dark" },
        "north": { "uv": [ 8, 7, 13, 8 ], "texture": "#corrupted_spear_dark" },
        "south": { "uv": [ 8, 7, 13, 8 ], "texture": "#corrupted_spear_dark" },
        "west":  { "uv": [ 8, 8, 14, 9 ], "texture": "#corrupted_spear_dark" },
        "east":  { "uv": [ 8, 8, 14, 9 ], "texture": "#corrupted_spear_dark" }
    }
},
{
    "from": [ 7.75, 6, 8.75 ],
    "to": [ 8.5, 6.25, 9 ],
    "faces": {
        "down":  { "uv": [ 7, 9, 10, 10 ], "texture": "#corrupted_spear_dark" },
        "up":    { "uv": [ 7, 9, 10, 10 ], "texture": "#corrupted_spear_dark" },
        "north": { "uv": [ 8, 3, 11, 4 ], "texture": "#corrupted_spear_dark" },
        "south": { "uv": [ 8, 3, 11, 4 ], "texture": "#corrupted_spear_dark" },
        "west":  { "uv": [ 8, 3, 9, 4 ], "texture": "#corrupted_spear_dark" },
        "east":  { "uv": [ 8, 3, 9, 4 ], "texture": "#corrupted_spear_dark" }
    }
},
{
    "from": [ 7.5, 6, 7 ],
    "to": [ 8.5, 6.25, 7.25 ],
    "faces": {
        "down":  { "uv": [ 8, 6, 12, 7 ], "texture": "#corrupted_spear_dark" },
        "up":    { "uv": [ 8, 6, 12, 7 ], "texture": "#corrupted_spear_dark" },
        "north": { "uv": [ 8, 3, 12, 4 ], "texture": "#corrupted_spear_dark" },
        "south": { "uv": [ 8, 3, 12, 4 ], "texture": "#corrupted_spear_dark" },
        "west":  { "uv": [ 8, 3, 9, 4 ], "texture": "#corrupted_spear_dark" },
        "east":  { "uv": [ 8, 3, 9, 4 ], "texture": "#corrupted_spear_dark" }
    }
},
{
    "from": [ 7.75, 4.75, 7.5 ],
    "to": [ 8.25, 5, 8.5 ],
    "faces": {
        "down":  { "uv": [ 8, 7, 10, 11 ], "texture": "#corrupted_spear_dark" },
        "up":    { "uv": [ 8, 7, 10, 11 ], "texture": "#corrupted_spear_dark" },
        "north": { "uv": [ 8, 6, 10, 7 ], "texture": "#corrupted_spear_dark" },
        "south": { "uv": [ 8, 6, 10, 7 ], "texture": "#corrupted_spear_dark" },
        "west":  { "uv": [ 8, 6, 12, 7 ], "texture": "#corrupted_spear_dark" },
        "east":  { "uv": [ 8, 6, 12, 7 ], "texture": "#corrupted_spear_dark" }
    }
},
{
    "from": [ 7.5, 4.75, 7.75 ],
    "to": [ 7.75, 5, 8.25 ],
    "faces": {
        "down":  { "uv": [ 8, 7, 9, 9 ], "texture": "#corrupted_spear_dark" },
        "up":    { "uv": [ 8, 7, 9, 9 ], "texture": "#corrupted_spear_dark" },
        "north": { "uv": [ 9, 6, 10, 7 ], "texture": "#corrupted_spear_dark" },
        "south": { "uv": [ 9, 6, 10, 7 ], "texture": "#corrupted_spear_dark" },
        "west":  { "uv": [ 9, 6, 11, 7 ], "texture": "#corrupted_spear_dark" },
        "east":  { "uv": [ 9, 6, 11, 7 ], "texture": "#corrupted_spear_dark" }
    }
},
{
    "from": [ 7, 6.25, 7.25 ],
    "to": [ 7.25, 7, 8.75 ],
    "faces": {
        "down":  { "uv": [ 9, 8, 10, 14 ], "texture": "#corrupted_spear_dark" },
        "up":    { "uv": [ 9, 8, 10, 14 ], "texture": "#corrupted_spear_dark" },
        "north": { "uv": [ 10, 2, 11, 5 ], "texture": "#corrupted_spear_dark" },
        "south": { "uv": [ 13, 2, 14, 5 ], "texture": "#corrupted_spear_dark" },
        "west":  { "uv": [ 8, 2, 14, 5 ], "texture": "#corrupted_spear_dark" },
        "east":  { "uv": [ 8, 2, 14, 5 ], "texture": "#corrupted_spear_dark" }
    }
},
{
    "from": [ 7.25, 5.75, 7.25 ],
    "to": [ 7.5, 7, 7.5 ],
    "faces": {
        "down":  { "uv": [ 8, 6, 9, 7 ], "texture": "#corrupted_spear_dark" },
        "up":    { "uv": [ 8, 6, 9, 7 ], "texture": "#corrupted_spear_dark" },
        "north": { "uv": [ 9, 2, 10, 7 ], "texture": "#corrupted_spear_dark" },
        "south": { "uv": [ 9, 2, 10, 7 ], "texture": "#corrupted_spear_dark" },
        "west":  { "uv": [ 10, 1, 11, 6 ], "texture": "#corrupted_spear_dark" },
        "east":  { "uv": [ 10, 1, 11, 6 ], "texture": "#corrupted_spear_dark" }
    }
},
{
    "from": [ 7.25, 6.25, 7 ],
    "to": [ 8.5, 7, 7.25 ],
    "faces": {
        "down":  { "uv": [ 9, 5, 14, 6 ], "texture": "#corrupted_spear_dark" },
        "up":    { "uv": [ 9, 5, 14, 6 ], "texture": "#corrupted_spear_dark" },
        "north": { "uv": [ 8, 2, 13, 5 ], "texture": "#corrupted_spear_dark" },
        "south": { "uv": [ 8, 2, 13, 5 ], "texture": "#corrupted_spear_dark" },
        "west":  { "uv": [ 10, 2, 11, 5 ], "texture": "#corrupted_spear_dark" },
        "east":  { "uv": [ 10, 2, 11, 5 ], "texture": "#corrupted_spear_dark" }
    }
},
{
    "from": [ 7.25, 6.25, 8.75 ],
    "to": [ 8.5, 7, 9 ],
    "faces": {
        "down":  { "uv": [ 7, 9, 12, 10 ], "texture": "#corrupted_spear_dark" },
        "up":    { "uv": [ 7, 9, 12, 10 ], "texture": "#corrupted_spear_dark" },
        "north": { "uv": [ 8, 1, 13, 4 ], "texture": "#corrupted_spear_dark" },
        "south": { "uv": [ 8, 1, 13, 4 ], "texture": "#corrupted_spear_dark" },
        "west":  { "uv": [ 10, 2, 11, 5 ], "texture": "#corrupted_spear_dark" },
        "east":  { "uv": [ 10, 2, 11, 5 ], "texture": "#corrupted_spear_dark" }
    }
},
{
    "from": [ 7.75, 6, 6.75 ],
    "to": [ 8.25, 6.75, 7 ],
    "faces": {
        "down":  { "uv": [ 8, 5, 10, 6 ], "texture": "#corrupted_spear_dark" },
        "up":    { "uv": [ 8, 5, 10, 6 ], "texture": "#corrupted_spear_dark" },
        "north": { "uv": [ 10, 2, 12, 5 ], "texture": "#corrupted_spear_dark" },
        "south": { "uv": [ 10, 2, 12, 5 ], "texture": "#corrupted_spear_dark" },
        "west":  { "uv": [ 10, 1, 11, 4 ], "texture": "#corrupted_spear_dark" },
        "east":  { "uv": [ 10, 1, 11, 4 ], "texture": "#corrupted_spear_dark" }
    }
},
{
    "from": [ 7.5, 6.5, 6.75 ],
    "to": [ 7.75, 6.75, 7 ],
    "faces": {
        "down":  { "uv": [ 8, 3, 9, 4 ], "texture": "#corrupted_spear_dark" },
        "up":    { "uv": [ 8, 3, 9, 4 ], "texture": "#corrupted_spear_dark" },
        "north": { "uv": [ 8, 2, 9, 3 ], "texture": "#corrupted_spear_dark" },
        "south": { "uv": [ 8, 2, 9, 3 ], "texture": "#corrupted_spear_dark" },
        "west":  { "uv": [ 8, 1, 9, 2 ], "texture": "#corrupted_spear_dark" },
        "east":  { "uv": [ 8, 1, 9, 2 ], "texture": "#corrupted_spear_dark" }
    }
},
{
    "from": [ 7.25, 5.75, 8.5 ],
    "to": [ 7.5, 7, 8.75 ],
    "faces": {
        "down":  { "uv": [ 6, 9, 7, 10 ], "texture": "#corrupted_spear_dark" },
        "up":    { "uv": [ 6, 9, 7, 10 ], "texture": "#corrupted_spear_dark" },
        "north": { "uv": [ 10, 2, 11, 7 ], "texture": "#corrupted_spear_dark" },
        "south": { "uv": [ 10, 2, 11, 7 ], "texture": "#corrupted_spear_dark" },
        "west":  { "uv": [ 10, 2, 11, 7 ], "texture": "#corrupted_spear_dark" },
        "east":  { "uv": [ 10, 2, 11, 7 ], "texture": "#corrupted_spear_dark" }
    }
},
{
    "from": [ 7, 5.75, 7.5 ],
    "to": [ 7.25, 6.25, 8.5 ],
    "faces": {
        "down":  { "uv": [ 10, 5, 11, 9 ], "texture": "#corrupted_spear_dark" },
        "up":    { "uv": [ 10, 5, 11, 9 ], "texture": "#corrupted_spear_dark" },
        "north": { "uv": [ 9, 3, 10, 5 ], "texture": "#corrupted_spear_dark" },
        "south": { "uv": [ 9, 3, 10, 5 ], "texture": "#corrupted_spear_dark" },
        "west":  { "uv": [ 8, 3, 12, 5 ], "texture": "#corrupted_spear_dark" },
        "east":  { "uv": [ 8, 3, 12, 5 ], "texture": "#corrupted_spear_dark" }
    }
},
{
    "from": [ 6.75, 6.25, 7.5 ],
    "to": [ 7, 7, 8.5 ],
    "faces": {
        "down":  { "uv": [ 10, 3, 11, 7 ], "texture": "#corrupted_spear_dark" },
        "up":    { "uv": [ 10, 3, 11, 7 ], "texture": "#corrupted_spear_dark" },
        "north": { "uv": [ 10, 2, 11, 5 ], "texture": "#corrupted_spear_dark" },
        "south": { "uv": [ 10, 2, 11, 5 ], "texture": "#corrupted_spear_dark" },
        "west":  { "uv": [ 8, 2, 12, 5 ], "texture": "#corrupted_spear_dark" },
        "east":  { "uv": [ 8, 2, 12, 5 ], "texture": "#corrupted_spear_dark" }
    }
},
{
    "from": [ 7, 7.25, 7.5 ],
    "to": [ 8.25, 7.5, 8.5 ],
    "faces": {
        "down":  { "uv": [ 8, 7, 13, 11 ], "texture": "#corrupted_spear_dark" },
        "up":    { "uv": [ 8, 7, 13, 11 ], "texture": "#corrupted_spear_dark" },
        "north": { "uv": [ 8, 1, 13, 2 ], "texture": "#corrupted_spear_dark" },
        "south": { "uv": [ 8, 1, 13, 2 ], "texture": "#corrupted_spear_dark" },
        "west":  { "uv": [ 8, 1, 12, 2 ], "texture": "#corrupted_spear_dark" },
        "east":  { "uv": [ 8, 1, 12, 2 ], "texture": "#corrupted_spear_dark" }
    }
},
{
    "from": [ 6.75, 7, 7.75 ],
    "to": [ 7, 7.25, 8.25 ],
    "faces": {
        "down":  { "uv": [ 5, 8, 6, 10 ], "texture": "#corrupted_spear_dark" },
        "up":    { "uv": [ 5, 8, 6, 10 ], "texture": "#corrupted_spear_dark" },
        "north": { "uv": [ 10, 1, 11, 2 ], "texture": "#corrupted_spear_dark" },
        "south": { "uv": [ 10, 1, 11, 2 ], "texture": "#corrupted_spear_dark" },
        "west":  { "uv": [ 8, 1, 10, 2 ], "texture": "#corrupted_spear_dark" },
        "east":  { "uv": [ 8, 1, 10, 2 ], "texture": "#corrupted_spear_dark" }
    }
},
{
    "from": [ 7, 7, 7.5 ],
    "to": [ 7.25, 7.25, 8.5 ],
    "faces": {
        "down":  { "uv": [ 11, 2, 12, 6 ], "texture": "#corrupted_spear_dark" },
        "up":    { "uv": [ 11, 2, 12, 6 ], "texture": "#corrupted_spear_dark" },
        "north": { "uv": [ 9, 1, 10, 2 ], "texture": "#corrupted_spear_dark" },
        "south": { "uv": [ 9, 1, 10, 2 ], "texture": "#corrupted_spear_dark" },
        "west":  { "uv": [ 8, 1, 12, 2 ], "texture": "#corrupted_spear_dark" },
        "east":  { "uv": [ 8, 1, 12, 2 ], "texture": "#corrupted_spear_dark" }
    }
},
{
    "from": [ 8.25, 6.625, 7.25 ],
    "to": [ 8.5, 6.75, 8.75 ],
    "faces": {
        "down":  { "uv": [ 0, 9, 1, 10 ], "texture": "#corrupted_spear_dark" },
        "up":    { "uv": [ 0, 9, 1, 10 ], "texture": "#corrupted_spear_dark" },
        "north": { "uv": [ 0, 9, 1, 10 ], "texture": "#corrupted_spear_dark" },
        "south": { "uv": [ 0, 9, 1, 10 ], "texture": "#corrupted_spear_dark" },
        "west":  { "uv": [ 0, 9, 1, 10 ], "texture": "#corrupted_spear_dark" },
        "east":  { "uv": [ 0, 9, 1, 10 ], "texture": "#corrupted_spear_dark" }
    }
},
{
    "from": [ 8.5, 6.25, 7.75 ],
    "to": [ 8.75, 6.75, 8.25 ],
    "faces": {
        "down":  { "uv": [ 8, 7, 9, 9 ], "texture": "#corrupted_spear_dark" },
        "up":    { "uv": [ 8, 7, 9, 9 ], "texture": "#corrupted_spear_dark" },
        "north": { "uv": [ 10, 2, 11, 4 ], "texture": "#corrupted_spear_dark" },
        "south": { "uv": [ 10, 2, 11, 4 ], "texture": "#corrupted_spear_dark" },
        "west":  { "uv": [ 8, 2, 10, 4 ], "texture": "#corrupted_spear_dark" },
        "east":  { "uv": [ 8, 2, 10, 4 ], "texture": "#corrupted_spear_dark" }
    }
},
{
    "from": [ 8.25, 6.25, 7.25 ],
    "to": [ 8.5, 6.375, 8.75 ],
    "faces": {
        "down":  { "uv": [ 0, 9, 1, 10 ], "texture": "#corrupted_spear_dark" },
        "up":    { "uv": [ 0, 9, 1, 10 ], "texture": "#corrupted_spear_dark" },
        "north": { "uv": [ 0, 9, 1, 10 ], "texture": "#corrupted_spear_dark" },
        "south": { "uv": [ 0, 9, 1, 10 ], "texture": "#corrupted_spear_dark" },
        "west":  { "uv": [ 0, 9, 1, 10 ], "texture": "#corrupted_spear_dark" },
        "east":  { "uv": [ 0, 9, 1, 10 ], "texture": "#corrupted_spear_dark" }
    }
},
{
    "from": [ 8.25, 6.375, 7.25 ],
    "to": [ 8.5, 6.625, 7.5 ],
    "faces": {
        "down":  { "uv": [ 0, 9, 1, 10 ], "texture": "#corrupted_spear_dark" },
        "up":    { "uv": [ 0, 9, 1, 10 ], "texture": "#corrupted_spear_dark" },
        "north": { "uv": [ 0, 9, 1, 10 ], "texture": "#corrupted_spear_dark" },
        "south": { "uv": [ 0, 9, 1, 10 ], "texture": "#corrupted_spear_dark" },
        "west":  { "uv": [ 0, 9, 1, 10 ], "texture": "#corrupted_spear_dark" },
        "east":  { "uv": [ 0, 9, 1, 10 ], "texture": "#corrupted_spear_dark" }
    }
},
{
    "from": [ 8.25, 6.375, 8.5 ],
    "to": [ 8.5, 6.625, 8.75 ],
    "faces": {
        "down":  { "uv": [ 0, 9, 1, 10 ], "texture": "#corrupted_spear_dark" },
        "up":    { "uv": [ 0, 9, 1, 10 ], "texture": "#corrupted_spear_dark" },
        "north": { "uv": [ 0, 9, 1, 10 ], "texture": "#corrupted_spear_dark" },
        "south": { "uv": [ 0, 9, 1, 10 ], "texture": "#corrupted_spear_dark" },
        "west":  { "uv": [ 0, 9, 1, 10 ], "texture": "#corrupted_spear_dark" },
        "east":  { "uv": [ 0, 9, 1, 10 ], "texture": "#corrupted_spear_dark" }
    }
},
{
    "from": [ 7.5, 5, 8.75 ],
    "to": [ 8.25, 7.25, 9.25 ],
    "faces": {
        "down":  { "uv": [ 5, 6, 6.5, 7 ], "texture": "#corrupted_spear" },
        "up":    { "uv": [ 5, 6, 6.5, 7 ], "texture": "#corrupted_spear" },
        "north": { "uv": [ 3, 0, 4.5, 4.5 ], "texture": "#corrupted_spear" },
        "south": { "uv": [ 3, 0, 4.5, 4.5 ], "texture": "#corrupted_spear" },
        "west":  { "uv": [ 6.5, 2, 7.5, 6.5 ], "texture": "#corrupted_spear" },
        "east":  { "uv": [ 6.5, 2, 7.5, 6.5 ], "texture": "#corrupted_spear" }
    }
},
{
    "from": [ 7.75, 5.5, 9.25 ],
    "to": [ 8, 7, 11 ],
    "faces": {
        "down":  { "uv": [ 3, 1.5, 3.5, 5 ], "texture": "#corrupted_spear" },
        "up":    { "uv": [ 3, 1.5, 3.5, 5 ], "texture": "#corrupted_spear" },
        "north": { "uv": [ 6.5, 2, 7, 5 ], "texture": "#corrupted_spear" },
        "south": { "uv": [ 6.5, 2, 7, 5 ], "texture": "#corrupted_spear" },
        "west":  { "uv": [ 2, 2, 5.5, 5 ], "texture": "#corrupted_spear" },
        "east":  { "uv": [ 2, 2, 5.5, 5 ], "texture": "#corrupted_spear" }
    }
},
{
    "from": [ 7.75, 5.5, 11 ],
    "to": [ 8, 6.75, 11.75 ],
    "faces": {
        "down":  { "uv": [ 4, 3, 4.5, 6 ], "texture": "#corrupted_spear" },
        "up":    { "uv": [ 4, 3, 4.5, 6 ], "texture": "#corrupted_spear" },
        "north": { "uv": [ 6.5, 2.5, 7, 3.5 ], "texture": "#corrupted_spear" },
        "south": { "uv": [ 6.5, 2.5, 7, 3.5 ], "texture": "#corrupted_spear" },
        "west":  { "uv": [ 2, 3, 5, 4 ], "texture": "#corrupted_spear" },
        "east":  { "uv": [ 2, 3, 5, 4 ], "texture": "#corrupted_spear" }
    }
},
{
    "from": [ 7.75, 5, 11.75 ],
    "to": [ 8, 6.5, 12.5 ],
    "faces": {
        "down":  { "uv": [ 5, 6, 5.5, 6.5 ], "texture": "#corrupted_spear" },
        "up":    { "uv": [ 5, 6, 5.5, 6.5 ], "texture": "#corrupted_spear" },
        "north": { "uv": [ 6.5, 3, 7, 4 ], "texture": "#corrupted_spear" },
        "south": { "uv": [ 6.5, 3, 7, 4 ], "texture": "#corrupted_spear" },
        "west":  { "uv": [ 5.5, 3, 6, 4 ], "texture": "#corrupted_spear" },
        "east":  { "uv": [ 5.5, 3, 6, 4 ], "texture": "#corrupted_spear" }
    }
},
{
    "from": [ 7.75, 5, 12.5 ],
    "to": [ 8, 6.25, 13 ],
    "faces": {
        "down":  { "uv": [ 7.5, 5.5, 8, 6 ], "texture": "#corrupted_spear" },
        "up":    { "uv": [ 7.5, 5.5, 8, 6 ], "texture": "#corrupted_spear" },
        "north": { "uv": [ 6, 3.5, 6.5, 6 ], "texture": "#corrupted_spear" },
        "south": { "uv": [ 6, 3.5, 6.5, 6 ], "texture": "#corrupted_spear" },
        "west":  { "uv": [ 5.5, 3.5, 6, 6 ], "texture": "#corrupted_spear" },
        "east":  { "uv": [ 5.5, 3.5, 6, 6 ], "texture": "#corrupted_spear" }
    }
},
{
    "from": [ 7.75, 4.5, 13 ],
    "to": [ 8, 6, 13.5 ],
    "faces": {
        "down":  { "uv": [ 7.5, 4.5, 8, 5 ], "texture": "#corrupted_spear" },
        "up":    { "uv": [ 7.5, 4.5, 8, 5 ], "texture": "#corrupted_spear" },
        "north": { "uv": [ 5.5, 3.5, 6, 6.5 ], "texture": "#corrupted_spear" },
        "south": { "uv": [ 5.5, 3.5, 6, 6.5 ], "texture": "#corrupted_spear" },
        "west":  { "uv": [ 4.5, 4, 5, 7 ], "texture": "#corrupted_spear" },
        "east":  { "uv": [ 4.5, 4, 5, 7 ], "texture": "#corrupted_spear" }
    }
},
{
    "from": [ 7.75, 4.5, 13.75 ],
    "to": [ 8, 5.5, 14.25 ],
    "faces": {
        "down":  { "uv": [ 7.5, 4.5, 8, 5 ], "texture": "#corrupted_spear" },
        "up":    { "uv": [ 7.5, 4.5, 8, 5 ], "texture": "#corrupted_spear" },
        "north": { "uv": [ 6.5, 5, 7, 7 ], "texture": "#corrupted_spear" },
        "south": { "uv": [ 6.5, 5, 7, 7 ], "texture": "#corrupted_spear" },
        "west":  { "uv": [ 5.5, 5, 6, 7 ], "texture": "#corrupted_spear" },
        "east":  { "uv": [ 5.5, 5, 6, 7 ], "texture": "#corrupted_spear" }
    }
},
{
    "from": [ 7.75, 4.5, 13.5 ],
    "to": [ 8, 5.75, 13.75 ],
    "faces": {
        "down":  { "uv": [ 7.5, 4.5, 8, 5 ], "texture": "#corrupted_spear" },
        "up":    { "uv": [ 7.5, 4.5, 8, 5 ], "texture": "#corrupted_spear" },
        "north": { "uv": [ 4.5, 4, 5, 6.5 ], "texture": "#corrupted_spear" },
        "south": { "uv": [ 4.5, 4, 5, 6.5 ], "texture": "#corrupted_spear" },
        "west":  { "uv": [ 4, 4.5, 4.5, 7 ], "texture": "#corrupted_spear" },
        "east":  { "uv": [ 4, 4.5, 4.5, 7 ], "texture": "#corrupted_spear" }
    }
},
{
    "from": [ 7.75, 4.5, 14.25 ],
    "to": [ 8, 5.25, 14.5 ],
    "faces": {
        "down":  { "uv": [ 7.5, 3, 8, 3.5 ], "texture": "#corrupted_spear" },
        "up":    { "uv": [ 7.5, 3, 8, 3.5 ], "texture": "#corrupted_spear" },
        "north": { "uv": [ 2, 4, 2.5, 5.5 ], "texture": "#corrupted_spear" },
        "south": { "uv": [ 2, 4, 2.5, 5.5 ], "texture": "#corrupted_spear" },
        "west":  { "uv": [ 2.5, 5.5, 3, 7 ], "texture": "#corrupted_spear" },
        "east":  { "uv": [ 2.5, 5.5, 3, 7 ], "texture": "#corrupted_spear" }
    }
},
{
    "from": [ 7.75, 4, 14.5 ],
    "to": [ 8, 5, 14.75 ],
    "faces": {
        "down":  { "uv": [ 7.5, 3, 8, 3.5 ], "texture": "#corrupted_spear" },
        "up":    { "uv": [ 7.5, 3, 8, 3.5 ], "texture": "#corrupted_spear" },
        "north": { "uv": [ 5, 5, 5.5, 7 ], "texture": "#corrupted_spear" },
        "south": { "uv": [ 5, 5, 5.5, 7 ], "texture": "#corrupted_spear" },
        "west":  { "uv": [ 2.5, 6, 3, 8 ], "texture": "#corrupted_spear" },
        "east":  { "uv": [ 2.5, 6, 3, 8 ], "texture": "#corrupted_spear" }
    }
},
{
    "from": [ 7.75, 4, 14.75 ],
    "to": [ 8, 4.75, 15.25 ],
    "faces": {
        "down":  { "uv": [ 7.5, 3.5, 8, 4 ], "texture": "#corrupted_spear" },
        "up":    { "uv": [ 7.5, 3.5, 8, 4 ], "texture": "#corrupted_spear" },
        "north": { "uv": [ 7, 5.5, 7.5, 7 ], "texture": "#corrupted_spear" },
        "south": { "uv": [ 7, 5.5, 7.5, 7 ], "texture": "#corrupted_spear" },
        "west":  { "uv": [ 6, 6.5, 6.5, 8 ], "texture": "#corrupted_spear" },
        "east":  { "uv": [ 6, 6.5, 6.5, 8 ], "texture": "#corrupted_spear" }
    }
},
{
    "from": [ 7.75, 4, 15.25 ],
    "to": [ 8, 4.5, 15.5 ],
    "faces": {
        "down":  { "uv": [ 7.5, 6, 8, 6.5 ], "texture": "#corrupted_spear" },
        "up":    { "uv": [ 7.5, 6, 8, 6.5 ], "texture": "#corrupted_spear" },
        "north": { "uv": [ 4, 5, 4.5, 6 ], "texture": "#corrupted_spear" },
        "south": { "uv": [ 4, 5, 4.5, 6 ], "texture": "#corrupted_spear" },
        "west":  { "uv": [ 5.5, 7, 6, 8 ], "texture": "#corrupted_spear" },
        "east":  { "uv": [ 5.5, 7, 6, 8 ], "texture": "#corrupted_spear" }
    }
},
{
    "from": [ 7.75, 3.5, 15.5 ],
    "to": [ 8, 4.25, 15.75 ],
    "faces": {
        "down":  { "uv": [ 7.5, 4.5, 8, 5 ], "texture": "#corrupted_spear" },
        "up":    { "uv": [ 7.5, 4.5, 8, 5 ], "texture": "#corrupted_spear" },
        "north": { "uv": [ 4, 4, 4.5, 5.5 ], "texture": "#corrupted_spear" },
        "south": { "uv": [ 4, 4, 4.5, 5.5 ], "texture": "#corrupted_spear" },
        "west":  { "uv": [ 1, 5.5, 1.5, 7 ], "texture": "#corrupted_spear" },
        "east":  { "uv": [ 1, 5.5, 1.5, 7 ], "texture": "#corrupted_spear" }
    }
},
{
    "from": [ 7.75, 3.5, 15.75 ],
    "to": [ 8, 4, 16 ],
    "faces": {
        "down":  { "uv": [ 7.5, 3.5, 8, 4 ], "texture": "#corrupted_spear" },
        "up":    { "uv": [ 7.5, 3.5, 8, 4 ], "texture": "#corrupted_spear" },
        "north": { "uv": [ 2.5, 3, 3, 4 ], "texture": "#corrupted_spear" },
        "south": { "uv": [ 2.5, 3, 3, 4 ], "texture": "#corrupted_spear" },
        "west":  { "uv": [ 3, 4.5, 3.5, 5.5 ], "texture": "#corrupted_spear" },
        "east":  { "uv": [ 3, 4.5, 3.5, 5.5 ], "texture": "#corrupted_spear" }
    }
},
{
    "from": [ 7.75, 3.5, 16 ],
    "to": [ 8, 3.75, 16.25 ],
    "faces": {
        "down":  { "uv": [ 7.5, 2, 8, 2.5 ], "texture": "#corrupted_spear" },
        "up":    { "uv": [ 7.5, 2, 8, 2.5 ], "texture": "#corrupted_spear" },
        "north": { "uv": [ 5, 4.5, 5.5, 5 ], "texture": "#corrupted_spear" },
        "south": { "uv": [ 5, 4.5, 5.5, 5 ], "texture": "#corrupted_spear" },
        "west":  { "uv": [ 2.5, 4, 3, 4.5 ], "texture": "#corrupted_spear" },
        "east":  { "uv": [ 2.5, 4, 3, 4.5 ], "texture": "#corrupted_spear" }
    }
},
{
    "from": [ 7.75, 3, 16 ],
    "to": [ 8, 3.5, 16.5 ],
    "faces": {
        "down":  { "uv": [ 6.5, 4, 7, 4.5 ], "texture": "#corrupted_spear" },
        "up":    { "uv": [ 6.5, 4, 7, 4.5 ], "texture": "#corrupted_spear" },
        "north": { "uv": [ 3.5, 3.5, 4, 4.5 ], "texture": "#corrupted_spear" },
        "south": { "uv": [ 3.5, 3.5, 4, 4.5 ], "texture": "#corrupted_spear" },
        "west":  { "uv": [ 2.5, 4, 3, 5 ], "texture": "#corrupted_spear" },
        "east":  { "uv": [ 2.5, 4, 3, 5 ], "texture": "#corrupted_spear" }
    }
},
{
    "from": [ 7.75, 5.25, 9.25 ],
    "to": [ 8, 5.5, 10 ],
    "faces": {
        "down":  { "uv": [ 2.5, 3.5, 3, 5 ], "texture": "#corrupted_spear" },
        "up":    { "uv": [ 2.5, 3.5, 3, 5 ], "texture": "#corrupted_spear" },
        "north": { "uv": [ 4.5, 4.5, 5, 5 ], "texture": "#corrupted_spear" },
        "south": { "uv": [ 4.5, 4.5, 5, 5 ], "texture": "#corrupted_spear" },
        "west":  { "uv": [ 3, 4.5, 4.5, 5 ], "texture": "#corrupted_spear" },
        "east":  { "uv": [ 3, 4.5, 4.5, 5 ], "texture": "#corrupted_spear" }
    }
},
{
    "from": [ 7.75, 5, 10 ],
    "to": [ 8, 5.5, 11.25 ],
    "faces": {
        "down":  { "uv": [ 5, 4, 5.5, 6.5 ], "texture": "#corrupted_spear" },
        "up":    { "uv": [ 5, 4, 5.5, 6.5 ], "texture": "#corrupted_spear" },
        "north": { "uv": [ 6, 5, 6.5, 6 ], "texture": "#corrupted_spear" },
        "south": { "uv": [ 6, 5, 6.5, 6 ], "texture": "#corrupted_spear" },
        "west":  { "uv": [ 3.5, 5, 6, 6 ], "texture": "#corrupted_spear" },
        "east":  { "uv": [ 3.5, 5, 6, 6 ], "texture": "#corrupted_spear" }
    }
},
{
    "from": [ 7.75, 4.75, 11.25 ],
    "to": [ 8, 5, 12.25 ],
    "faces": {
        "down":  { "uv": [ 5, 5, 5.5, 6.5 ], "texture": "#corrupted_spear" },
        "up":    { "uv": [ 5, 5, 5.5, 6.5 ], "texture": "#corrupted_spear" },
        "north": { "uv": [ 5, 4.5, 5.5, 5 ], "texture": "#corrupted_spear" },
        "south": { "uv": [ 5, 4.5, 5.5, 5 ], "texture": "#corrupted_spear" },
        "west":  { "uv": [ 4, 4, 5.5, 4.5 ], "texture": "#corrupted_spear" },
        "east":  { "uv": [ 4, 4, 5.5, 4.5 ], "texture": "#corrupted_spear" }
    }
},
{
    "from": [ 7.75, 4.5, 12.25 ],
    "to": [ 8, 5, 13 ],
    "faces": {
        "down":  { "uv": [ 7.5, 4, 8, 4.5 ], "texture": "#corrupted_spear" },
        "up":    { "uv": [ 7.5, 4, 8, 4.5 ], "texture": "#corrupted_spear" },
        "north": { "uv": [ 5.5, 5.5, 6, 6.5 ], "texture": "#corrupted_spear" },
        "south": { "uv": [ 5.5, 5.5, 6, 6.5 ], "texture": "#corrupted_spear" },
        "west":  { "uv": [ 3.5, 6, 4, 7 ], "texture": "#corrupted_spear" },
        "east":  { "uv": [ 3.5, 6, 4, 7 ], "texture": "#corrupted_spear" }
    }
},
{
    "from": [ 7.75, 4.25, 13 ],
    "to": [ 8, 4.5, 14 ],
    "faces": {
        "down":  { "uv": [ 7.5, 2.5, 8, 3 ], "texture": "#corrupted_spear" },
        "up":    { "uv": [ 7.5, 2.5, 8, 3 ], "texture": "#corrupted_spear" },
        "north": { "uv": [ 7.5, 7, 8, 7.5 ], "texture": "#corrupted_spear" },
        "south": { "uv": [ 7.5, 7, 8, 7.5 ], "texture": "#corrupted_spear" },
        "west":  { "uv": [ 2.5, 7, 3, 7.5 ], "texture": "#corrupted_spear" },
        "east":  { "uv": [ 2.5, 7, 3, 7.5 ], "texture": "#corrupted_spear" }
    }
},
{
    "from": [ 7.75, 3.25, 15.5 ],
    "to": [ 8, 3.5, 16 ],
    "faces": {
        "down":  { "uv": [ 7.5, 2.5, 8, 3 ], "texture": "#corrupted_spear" },
        "up":    { "uv": [ 7.5, 2.5, 8, 3 ], "texture": "#corrupted_spear" },
        "north": { "uv": [ 4.5, 4.5, 5, 5 ], "texture": "#corrupted_spear" },
        "south": { "uv": [ 4.5, 4.5, 5, 5 ], "texture": "#corrupted_spear" },
        "west":  { "uv": [ 3, 4.5, 3.5, 5 ], "texture": "#corrupted_spear" },
        "east":  { "uv": [ 3, 4.5, 3.5, 5 ], "texture": "#corrupted_spear" }
    }
},
{
    "from": [ 7.75, 4, 14 ],
    "to": [ 8, 4.5, 14.5 ],
    "faces": {
        "down":  { "uv": [ 4, 3, 4.5, 3.5 ], "texture": "#corrupted_spear" },
        "up":    { "uv": [ 4, 3, 4.5, 3.5 ], "texture": "#corrupted_spear" },
        "north": { "uv": [ 5, 4.5, 5.5, 5.5 ], "texture": "#corrupted_spear" },
        "south": { "uv": [ 5, 4.5, 5.5, 5.5 ], "texture": "#corrupted_spear" },
        "west":  { "uv": [ 2, 3, 2.5, 4 ], "texture": "#corrupted_spear" },
        "east":  { "uv": [ 2, 3, 2.5, 4 ], "texture": "#corrupted_spear" }
    }
},
{
    "from": [ 7.75, 5, 11.25 ],
    "to": [ 8, 5.5, 11.75 ],
    "faces": {
        "down":  { "uv": [ 4, 4, 4.5, 5 ], "texture": "#corrupted_spear" },
        "up":    { "uv": [ 4, 4, 4.5, 5 ], "texture": "#corrupted_spear" },
        "north": { "uv": [ 2, 5, 2.5, 6 ], "texture": "#corrupted_spear" },
        "south": { "uv": [ 2, 5, 2.5, 6 ], "texture": "#corrupted_spear" },
        "west":  { "uv": [ 2, 5, 3, 6 ], "texture": "#corrupted_spear" },
        "east":  { "uv": [ 2, 5, 3, 6 ], "texture": "#corrupted_spear" }
    }
},
{
    "from": [ 7.75, 3.5, 15 ],
    "to": [ 8, 4, 15.5 ],
    "faces": {
        "down":  { "uv": [ 7.5, 3.5, 8, 4 ], "texture": "#corrupted_spear" },
        "up":    { "uv": [ 7.5, 3.5, 8, 4 ], "texture": "#corrupted_spear" },
        "north": { "uv": [ 4.5, 5, 5, 6 ], "texture": "#corrupted_spear" },
        "south": { "uv": [ 4.5, 5, 5, 6 ], "texture": "#corrupted_spear" },
        "west":  { "uv": [ 2.5, 5, 3, 6 ], "texture": "#corrupted_spear" },
        "east":  { "uv": [ 2.5, 5, 3, 6 ], "texture": "#corrupted_spear" }
    }
},
{
    "from": [ 7.75, 3.75, 14.5 ],
    "to": [ 8, 4, 15 ],
    "faces": {
        "down":  { "uv": [ 7.5, 2, 8, 2.5 ], "texture": "#corrupted_spear" },
        "up":    { "uv": [ 7.5, 2, 8, 2.5 ], "texture": "#corrupted_spear" },
        "north": { "uv": [ 1, 2.5, 1.5, 3 ], "texture": "#corrupted_spear" },
        "south": { "uv": [ 1, 2.5, 1.5, 3 ], "texture": "#corrupted_spear" },
        "west":  { "uv": [ 1.5, 4.5, 2, 5 ], "texture": "#corrupted_spear" },
        "east":  { "uv": [ 1.5, 4.5, 2, 5 ], "texture": "#corrupted_spear" }
    }
},
{
    "from": [ 7.5, 5.5, 9.25 ],
    "to": [ 8.25, 6.75, 11 ],
    "faces": {
        "down":  { "uv": [ 4, 3.5, 5.5, 7 ], "texture": "#corrupted_spear" },
        "up":    { "uv": [ 4, 3.5, 5.5, 7 ], "texture": "#corrupted_spear" },
        "north": { "uv": [ 2, 2.5, 3.5, 5 ], "texture": "#corrupted_spear" },
        "south": { "uv": [ 2, 2.5, 3.5, 5 ], "texture": "#corrupted_spear" },
        "west":  { "uv": [ 1.5, 3, 5, 5.5 ], "texture": "#corrupted_spear" },
        "east":  { "uv": [ 1.5, 3, 5, 5.5 ], "texture": "#corrupted_spear" }
    }
},
{
    "from": [ 7.5, 5.25, 11 ],
    "to": [ 8.25, 6.5, 11.75 ],
    "faces": {
        "down":  { "uv": [ 4.5, 3.5, 6, 5 ], "texture": "#corrupted_spear" },
        "up":    { "uv": [ 4.5, 3.5, 6, 5 ], "texture": "#corrupted_spear" },
        "north": { "uv": [ 3.5, 3.5, 5, 6 ], "texture": "#corrupted_spear" },
        "south": { "uv": [ 3.5, 3.5, 5, 6 ], "texture": "#corrupted_spear" },
        "west":  { "uv": [ 1.5, 4.5, 3, 7 ], "texture": "#corrupted_spear" },
        "east":  { "uv": [ 1.5, 4.5, 3, 7 ], "texture": "#corrupted_spear" }
    }
},
{
    "from": [ 7.5, 5, 11.75 ],
    "to": [ 8.25, 6.25, 12.5 ],
    "faces": {
        "down":  { "uv": [ 5, 5.5, 6.5, 6 ], "texture": "#corrupted_spear" },
        "up":    { "uv": [ 5, 5.5, 6.5, 6 ], "texture": "#corrupted_spear" },
        "north": { "uv": [ 3.5, 3.5, 5, 6 ], "texture": "#corrupted_spear" },
        "south": { "uv": [ 3.5, 3.5, 5, 6 ], "texture": "#corrupted_spear" },
        "west":  { "uv": [ 3.5, 3, 4, 5.5 ], "texture": "#corrupted_spear" },
        "east":  { "uv": [ 3.5, 3, 4, 5.5 ], "texture": "#corrupted_spear" }
    }
},
{
    "from": [ 7.5, 4.75, 12.5 ],
    "to": [ 8.25, 6, 13 ],
    "faces": {
        "down":  { "uv": [ 4, 3.5, 5.5, 4 ], "texture": "#corrupted_spear" },
        "up":    { "uv": [ 4, 3.5, 5.5, 4 ], "texture": "#corrupted_spear" },
        "north": { "uv": [ 6, 4, 7.5, 6.5 ], "texture": "#corrupted_spear" },
        "south": { "uv": [ 6, 4, 7.5, 6.5 ], "texture": "#corrupted_spear" },
        "west":  { "uv": [ 3, 4, 3.5, 6.5 ], "texture": "#corrupted_spear" },
        "east":  { "uv": [ 3, 4, 3.5, 6.5 ], "texture": "#corrupted_spear" }
    }
},
{
    "from": [ 7.5, 4.75, 13 ],
    "to": [ 8.25, 5.75, 13.5 ],
    "faces": {
        "down":  { "uv": [ 5, 3, 6.5, 3.5 ], "texture": "#corrupted_spear" },
        "up":    { "uv": [ 5, 3, 6.5, 3.5 ], "texture": "#corrupted_spear" },
        "north": { "uv": [ 5, 4.5, 6.5, 6.5 ], "texture": "#corrupted_spear" },
        "south": { "uv": [ 5, 4.5, 6.5, 6.5 ], "texture": "#corrupted_spear" },
        "west":  { "uv": [ 6, 4.5, 6.5, 6.5 ], "texture": "#corrupted_spear" },
        "east":  { "uv": [ 6, 4.5, 6.5, 6.5 ], "texture": "#corrupted_spear" }
    }
},
{
    "from": [ 7.5, 4.5, 13.5 ],
    "to": [ 8.25, 5.5, 13.75 ],
    "faces": {
        "down":  { "uv": [ 3, 3.5, 4.5, 4 ], "texture": "#corrupted_spear" },
        "up":    { "uv": [ 3, 3.5, 4.5, 4 ], "texture": "#corrupted_spear" },
        "north": { "uv": [ 4.5, 5, 6, 7 ], "texture": "#corrupted_spear" },
        "south": { "uv": [ 4.5, 5, 6, 7 ], "texture": "#corrupted_spear" },
        "west":  { "uv": [ 1.5, 5, 2, 7 ], "texture": "#corrupted_spear" },
        "east":  { "uv": [ 1.5, 5, 2, 7 ], "texture": "#corrupted_spear" }
    }
},
{
    "from": [ 7.5, 4.5, 13.75 ],
    "to": [ 8.25, 5.25, 14.25 ],
    "faces": {
        "down":  { "uv": [ 6, 2.5, 7.5, 3 ], "texture": "#corrupted_spear" },
        "up":    { "uv": [ 6, 2.5, 7.5, 3 ], "texture": "#corrupted_spear" },
        "north": { "uv": [ 4.5, 5, 6, 6.5 ], "texture": "#corrupted_spear" },
        "south": { "uv": [ 4.5, 5, 6, 6.5 ], "texture": "#corrupted_spear" },
        "west":  { "uv": [ 4.5, 5.5, 5, 7 ], "texture": "#corrupted_spear" },
        "east":  { "uv": [ 4.5, 5.5, 5, 7 ], "texture": "#corrupted_spear" }
    }
},
{
    "from": [ 7.5, 4.25, 14.25 ],
    "to": [ 8.25, 5, 14.5 ],
    "faces": {
        "down":  { "uv": [ 6, 3.5, 7.5, 4 ], "texture": "#corrupted_spear" },
        "up":    { "uv": [ 6, 3.5, 7.5, 4 ], "texture": "#corrupted_spear" },
        "north": { "uv": [ 3.5, 4, 5, 5.5 ], "texture": "#corrupted_spear" },
        "south": { "uv": [ 3.5, 4, 5, 5.5 ], "texture": "#corrupted_spear" },
        "west":  { "uv": [ 3.5, 6, 4, 7.5 ], "texture": "#corrupted_spear" },
        "east":  { "uv": [ 3.5, 6, 4, 7.5 ], "texture": "#corrupted_spear" }
    }
},
{
    "from": [ 7.5, 4.25, 14.5 ],
    "to": [ 8.25, 4.75, 14.75 ],
    "faces": {
        "down":  { "uv": [ 6, 3.5, 7.5, 4 ], "texture": "#corrupted_spear" },
        "up":    { "uv": [ 6, 3.5, 7.5, 4 ], "texture": "#corrupted_spear" },
        "north": { "uv": [ 3.5, 5, 5, 6 ], "texture": "#corrupted_spear" },
        "south": { "uv": [ 3.5, 5, 5, 6 ], "texture": "#corrupted_spear" },
        "west":  { "uv": [ 5, 6.5, 5.5, 7.5 ], "texture": "#corrupted_spear" },
        "east":  { "uv": [ 5, 6.5, 5.5, 7.5 ], "texture": "#corrupted_spear" }
    }
},
{
    "from": [ 7.5, 4, 14.75 ],
    "to": [ 8.25, 4.5, 15.25 ],
    "faces": {
        "down":  { "uv": [ 5, 2.5, 6.5, 3 ], "texture": "#corrupted_spear" },
        "up":    { "uv": [ 5, 2.5, 6.5, 3 ], "texture": "#corrupted_spear" },
        "north": { "uv": [ 5, 5.5, 6.5, 6.5 ], "texture": "#corrupted_spear" },
        "south": { "uv": [ 5, 5.5, 6.5, 6.5 ], "texture": "#corrupted_spear" },
        "west":  { "uv": [ 3.5, 7, 4, 8 ], "texture": "#corrupted_spear" },
        "east":  { "uv": [ 3.5, 7, 4, 8 ], "texture": "#corrupted_spear" }
    }
},
{
    "from": [ 7.5, 3.75, 15.25 ],
    "to": [ 8.25, 4.25, 15.5 ],
    "faces": {
        "down":  { "uv": [ 6, 3, 7.5, 3.5 ], "texture": "#corrupted_spear" },
        "up":    { "uv": [ 6, 3, 7.5, 3.5 ], "texture": "#corrupted_spear" },
        "north": { "uv": [ 4, 4.5, 5.5, 5.5 ], "texture": "#corrupted_spear" },
        "south": { "uv": [ 4, 4.5, 5.5, 5.5 ], "texture": "#corrupted_spear" },
        "west":  { "uv": [ 0, 4.5, 0.5, 5.5 ], "texture": "#corrupted_spear" },
        "east":  { "uv": [ 0, 4.5, 0.5, 5.5 ], "texture": "#corrupted_spear" }
    }
},
{
    "from": [ 7.5, 3.75, 15.5 ],
    "to": [ 8.25, 4, 15.75 ],
    "faces": {
        "down":  { "uv": [ 6.5, 2, 8, 2.5 ], "texture": "#corrupted_spear" },
        "up":    { "uv": [ 6.5, 2, 8, 2.5 ], "texture": "#corrupted_spear" },
        "north": { "uv": [ 4, 5.5, 5.5, 6 ], "texture": "#corrupted_spear" },
        "south": { "uv": [ 4, 5.5, 5.5, 6 ], "texture": "#corrupted_spear" },
        "west":  { "uv": [ 2.5, 5.5, 3, 6 ], "texture": "#corrupted_spear" },
        "east":  { "uv": [ 2.5, 5.5, 3, 6 ], "texture": "#corrupted_spear" }
    }
},
{
    "from": [ 7.5, 3.5, 15.75 ],
    "to": [ 8.25, 3.75, 16 ],
    "faces": {
        "down":  { "uv": [ 3, 6, 4.5, 6.5 ], "texture": "#corrupted_spear" },
        "up":    { "uv": [ 3, 6, 4.5, 6.5 ], "texture": "#corrupted_spear" },
        "north": { "uv": [ 4.5, 4.5, 6, 5 ], "texture": "#corrupted_spear" },
        "south": { "uv": [ 4.5, 4.5, 6, 5 ], "texture": "#corrupted_spear" },
        "west":  { "uv": [ 3, 6, 3.5, 6.5 ], "texture": "#corrupted_spear" },
        "east":  { "uv": [ 3, 6, 3.5, 6.5 ], "texture": "#corrupted_spear" }
    }
},
{
    "from": [ 7.5, 5, 11.5 ],
    "to": [ 8.25, 5.25, 11.75 ],
    "faces": {
        "down":  { "uv": [ 6, 5, 7.5, 5.5 ], "texture": "#corrupted_spear" },
        "up":    { "uv": [ 6, 5, 7.5, 5.5 ], "texture": "#corrupted_spear" },
        "north": { "uv": [ 3, 5, 4.5, 5.5 ], "texture": "#corrupted_spear" },
        "south": { "uv": [ 3, 5, 4.5, 5.5 ], "texture": "#corrupted_spear" },
        "west":  { "uv": [ 2, 4, 2.5, 4.5 ], "texture": "#corrupted_spear" },
        "east":  { "uv": [ 2, 4, 2.5, 4.5 ], "texture": "#corrupted_spear" }
    }
},
{
    "from": [ 7.5, 5.25, 10.25 ],
    "to": [ 8.25, 5.5, 11 ],
    "faces": {
        "down":  { "uv": [ 2.5, 5, 4, 6.5 ], "texture": "#corrupted_spear" },
        "up":    { "uv": [ 2.5, 5, 4, 6.5 ], "texture": "#corrupted_spear" },
        "north": { "uv": [ 5.5, 2.5, 7, 3 ], "texture": "#corrupted_spear" },
        "south": { "uv": [ 5.5, 2.5, 7, 3 ], "texture": "#corrupted_spear" },
        "west":  { "uv": [ 3.5, 5, 5, 5.5 ], "texture": "#corrupted_spear" },
        "east":  { "uv": [ 3.5, 5, 5, 5.5 ], "texture": "#corrupted_spear" }
    }
},
{
    "from": [ 7.5, 4.5, 13.25 ],
    "to": [ 8.25, 4.75, 13.5 ],
    "faces": {
        "down":  { "uv": [ 3.5, 1.5, 5, 2 ], "texture": "#corrupted_spear" },
        "up":    { "uv": [ 3.5, 1.5, 5, 2 ], "texture": "#corrupted_spear" },
        "north": { "uv": [ 4.5, 6.5, 6, 7 ], "texture": "#corrupted_spear" },
        "south": { "uv": [ 4.5, 6.5, 6, 7 ], "texture": "#corrupted_spear" },
        "west":  { "uv": [ 1, 6.5, 1.5, 7 ], "texture": "#corrupted_spear" },
        "east":  { "uv": [ 1, 6.5, 1.5, 7 ], "texture": "#corrupted_spear" }
    }
},
{
    "from": [ 6.75, -10.75, 7.5 ],
    "to": [ 7.75, -9.75, 8.5 ],
    "faces": {
        "down":  { "uv": [ 5, 8, 9, 12 ], "texture": "#corrupted_spear" },
        "up":    { "uv": [ 5, 8, 9, 12 ], "texture": "#corrupted_spear" },
        "north": { "uv": [ 9, 7, 13, 11 ], "texture": "#corrupted_spear" },
        "south": { "uv": [ 9, 7, 13, 11 ], "texture": "#corrupted_spear" },
        "west":  { "uv": [ 7, 9, 11, 13 ], "texture": "#corrupted_spear" },
        "east":  { "uv": [ 7, 9, 11, 13 ], "texture": "#corrupted_spear" }
    }
},
{
    "from": [ 8, -10.75, 7.5 ],
    "to": [ 9, -9.75, 8.5 ],
    "faces": {
        "down":  { "uv": [ 5, 8, 9, 12 ], "texture": "#corrupted_spear" },
        "up":    { "uv": [ 5, 8, 9, 12 ], "texture": "#corrupted_spear" },
        "north": { "uv": [ 9, 7, 13, 11 ], "texture": "#corrupted_spear" },
        "south": { "uv": [ 9, 7, 13, 11 ], "texture": "#corrupted_spear" },
        "west":  { "uv": [ 7, 9, 11, 13 ], "texture": "#corrupted_spear" },
        "east":  { "uv": [ 7, 9, 11, 13 ], "texture": "#corrupted_spear" }
    }
},
{
    "from": [ 8, 6.25, 7.25 ],
    "to": [ 8.25, 7, 8.75 ],
    "faces": {
        "down":  { "uv": [ 0, 8, 1, 9 ], "texture": "#corrupted_spear" },
        "up":    { "uv": [ 0, 8, 1, 9 ], "texture": "#corrupted_spear" },
        "north": { "uv": [ 0, 8, 1, 9 ], "texture": "#corrupted_spear" },
        "south": { "uv": [ 0, 8, 1, 9 ], "texture": "#corrupted_spear" },
        "west":  { "uv": [ 0, 8, 1, 9 ], "texture": "#corrupted_spear" },
        "east":  { "uv": [ 0, 8, 1, 9 ], "texture": "#corrupted_spear" }
    }
},
{
    "from": [ 8.25, -5.25, 7.875 ],
    "to": [ 8.5, -4.5, 8.125 ],
    "faces": {
        "down":  { "uv": [ 7.5, 6.75, 8, 7.25 ], "texture": "#corrupted_spear" },
        "up":    { "uv": [ 7.5, 6.75, 8, 7.25 ], "texture": "#corrupted_spear" },
        "north": { "uv": [ 5.5, 4.5, 6, 6 ], "texture": "#corrupted_spear" },
        "south": { "uv": [ 5.5, 4.5, 6, 6 ], "texture": "#corrupted_spear" },
        "west":  { "uv": [ 6, 4, 6.5, 5.5 ], "texture": "#corrupted_spear" },
        "east":  { "uv": [ 6, 4, 6.5, 5.5 ], "texture": "#corrupted_spear" }
    }
},
{
    "from": [ 8.25, -6, 7.625 ],
    "to": [ 8.75, -5.25, 8.375 ],
    "faces": {
        "down":  { "uv": [ 6, 6, 7.5, 7 ], "texture": "#corrupted_spear" },
        "up":    { "uv": [ 6, 6, 7.5, 7 ], "texture": "#corrupted_spear" },
        "north": { "uv": [ 5.5, 5.5, 7, 7 ], "texture": "#corrupted_spear" },
        "south": { "uv": [ 5.5, 5.5, 7, 7 ], "texture": "#corrupted_spear" },
        "west":  { "uv": [ 5, 4, 6, 5.5 ], "texture": "#corrupted_spear" },
        "east":  { "uv": [ 5, 4, 6, 5.5 ], "texture": "#corrupted_spear" }
    }
},
{
    "from": [ 8.25, -6.25, 7.875 ],
    "to": [ 8.75, -5, 8.125 ],
    "faces": {
        "down":  { "uv": [ 7.5, 6.25, 8, 7.25 ], "texture": "#corrupted_spear" },
        "up":    { "uv": [ 7.5, 6.25, 8, 7.25 ], "texture": "#corrupted_spear" },
        "north": { "uv": [ 5, 3, 5.5, 5.5 ], "texture": "#corrupted_spear" },
        "south": { "uv": [ 5, 3, 5.5, 5.5 ], "texture": "#corrupted_spear" },
        "west":  { "uv": [ 4, 2.5, 5, 5 ], "texture": "#corrupted_spear" },
        "east":  { "uv": [ 4, 2.5, 5, 5 ], "texture": "#corrupted_spear" }
    }
},
{
    "from": [ 8.75, -6.25, 7.625 ],
    "to": [ 9, -5.5, 8.375 ],
    "faces": {
        "down":  { "uv": [ 4.5, 5.5, 6, 6 ], "texture": "#corrupted_spear" },
        "up":    { "uv": [ 4.5, 5.5, 6, 6 ], "texture": "#corrupted_spear" },
        "north": { "uv": [ 6.5, 4.5, 8, 6 ], "texture": "#corrupted_spear" },
        "south": { "uv": [ 6.5, 4.5, 8, 6 ], "texture": "#corrupted_spear" },
        "west":  { "uv": [ 6, 5, 6.5, 6.5 ], "texture": "#corrupted_spear" },
        "east":  { "uv": [ 6, 5, 6.5, 6.5 ], "texture": "#corrupted_spear" }
    }
},
{
    "from": [ 8.75, -5.5, 7.875 ],
    "to": [ 9, -5.25, 8.125 ],
    "faces": {
        "down":  { "uv": [ 5.5, 7, 6, 7.5 ], "texture": "#corrupted_spear" },
        "up":    { "uv": [ 5.5, 7, 6, 7.5 ], "texture": "#corrupted_spear" },
        "north": { "uv": [ 5.5, 7, 6, 7.5 ], "texture": "#corrupted_spear" },
        "south": { "uv": [ 5.5, 7, 6, 7.5 ], "texture": "#corrupted_spear" },
        "west":  { "uv": [ 5.5, 6, 6, 6.5 ], "texture": "#corrupted_spear" },
        "east":  { "uv": [ 5.5, 6, 6, 6.5 ], "texture": "#corrupted_spear" }
    }
},
{
    "from": [ 9, -6.5, 7.625 ],
    "to": [ 9.25, -5.75, 8.375 ],
    "faces": {
        "down":  { "uv": [ 6, 5, 7.5, 5.5 ], "texture": "#corrupted_spear" },
        "up":    { "uv": [ 6, 5, 7.5, 5.5 ], "texture": "#corrupted_spear" },
        "north": { "uv": [ 4.5, 4.5, 6, 6 ], "texture": "#corrupted_spear" },
        "south": { "uv": [ 4.5, 4.5, 6, 6 ], "texture": "#corrupted_spear" },
        "west":  { "uv": [ 5, 6, 5.5, 7.5 ], "texture": "#corrupted_spear" },
        "east":  { "uv": [ 5, 6, 5.5, 7.5 ], "texture": "#corrupted_spear" }
    }
},
{
    "from": [ 9.25, -6.5, 7.625 ],
    "to": [ 9.5, -6.25, 8.375 ],
    "faces": {
        "down":  { "uv": [ 6, 6, 7.5, 6.5 ], "texture": "#corrupted_spear" },
        "up":    { "uv": [ 6, 6, 7.5, 6.5 ], "texture": "#corrupted_spear" },
        "north": { "uv": [ 6, 7, 7.5, 7.5 ], "texture": "#corrupted_spear" },
        "south": { "uv": [ 6, 7, 7.5, 7.5 ], "texture": "#corrupted_spear" },
        "west":  { "uv": [ 4.75, 7, 5.25, 7.5 ], "texture": "#corrupted_spear" },
        "east":  { "uv": [ 4.75, 7, 5.25, 7.5 ], "texture": "#corrupted_spear" }
    }
},
{
    "from": [ 8.75, -6.5, 7.875 ],
    "to": [ 9, -6.25, 8.125 ],
    "faces": {
        "down":  { "uv": [ 6, 7, 6.5, 7.5 ], "texture": "#corrupted_spear" },
        "up":    { "uv": [ 6, 7, 6.5, 7.5 ], "texture": "#corrupted_spear" },
        "north": { "uv": [ 6, 7, 6.5, 7.5 ], "texture": "#corrupted_spear" },
        "south": { "uv": [ 6, 7, 6.5, 7.5 ], "texture": "#corrupted_spear" },
        "west":  { "uv": [ 5.75, 7, 6.25, 7.5 ], "texture": "#corrupted_spear" },
        "east":  { "uv": [ 5.75, 7, 6.25, 7.5 ], "texture": "#corrupted_spear" }
    }
},
{
    "from": [ 9.25, -6.75, 7.875 ],
    "to": [ 9.5, -6, 8.125 ],
    "faces": {
        "down":  { "uv": [ 7.5, 4.75, 8, 5.25 ], "texture": "#corrupted_spear" },
        "up":    { "uv": [ 7.5, 4.75, 8, 5.25 ], "texture": "#corrupted_spear" },
        "north": { "uv": [ 4.5, 6.5, 5, 8 ], "texture": "#corrupted_spear" },
        "south": { "uv": [ 4.5, 6.5, 5, 8 ], "texture": "#corrupted_spear" },
        "west":  { "uv": [ 4.75, 6.5, 5.25, 8 ], "texture": "#corrupted_spear" },
        "east":  { "uv": [ 4.75, 6.5, 5.25, 8 ], "texture": "#corrupted_spear" }
    }
},
{
    "from": [ 9.5, -6.75, 7.875 ],
    "to": [ 9.75, -6.5, 8.125 ],
    "faces": {
        "down":  { "uv": [ 5.5, 6.5, 6, 7 ], "texture": "#corrupted_spear" },
        "up":    { "uv": [ 5.5, 6.5, 6, 7 ], "texture": "#corrupted_spear" },
        "north": { "uv": [ 6.5, 6.5, 7, 7 ], "texture": "#corrupted_spear" },
        "south": { "uv": [ 6.5, 6.5, 7, 7 ], "texture": "#corrupted_spear" },
        "west":  { "uv": [ 4.25, 6.5, 4.75, 7 ], "texture": "#corrupted_spear" },
        "east":  { "uv": [ 4.25, 6.5, 4.75, 7 ], "texture": "#corrupted_spear" }
    }
},
{
    "__comment": "SpikeBig",
    "from": [ 7.75, 2.5, 7.375 ],
    "to": [ 8, 3.25, 7.625 ],
    "faces": {
        "down":  { "uv": [ 7.5, 6.75, 8, 7.25 ], "texture": "#corrupted_spear" },
        "up":    { "uv": [ 7.5, 6.75, 8, 7.25 ], "texture": "#corrupted_spear" },
        "north": { "uv": [ 5.5, 4.5, 6, 6 ], "texture": "#corrupted_spear" },
        "south": { "uv": [ 5.5, 4.5, 6, 6 ], "texture": "#corrupted_spear" },
        "west":  { "uv": [ 6, 4, 6.5, 5.5 ], "texture": "#corrupted_spear" },
        "east":  { "uv": [ 6, 4, 6.5, 5.5 ], "texture": "#corrupted_spear" }
    }
},
{
    "__comment": "SpikeBig",
    "from": [ 7.5, 3.25, 7.125 ],
    "to": [ 8.25, 4, 7.625 ],
    "faces": {
        "down":  { "uv": [ 6, 6, 7.5, 7 ], "texture": "#corrupted_spear" },
        "up":    { "uv": [ 6, 6, 7.5, 7 ], "texture": "#corrupted_spear" },
        "north": { "uv": [ 5.5, 5.5, 7, 7 ], "texture": "#corrupted_spear" },
        "south": { "uv": [ 5.5, 5.5, 7, 7 ], "texture": "#corrupted_spear" },
        "west":  { "uv": [ 5, 4, 6, 5.5 ], "texture": "#corrupted_spear" },
        "east":  { "uv": [ 5, 4, 6, 5.5 ], "texture": "#corrupted_spear" }
    }
},
{
    "__comment": "SpikeBig",
    "from": [ 7.75, 3, 7.125 ],
    "to": [ 8, 4.25, 7.625 ],
    "faces": {
        "down":  { "uv": [ 7.5, 6.25, 8, 7.25 ], "texture": "#corrupted_spear" },
        "up":    { "uv": [ 7.5, 6.25, 8, 7.25 ], "texture": "#corrupted_spear" },
        "north": { "uv": [ 5, 3, 5.5, 5.5 ], "texture": "#corrupted_spear" },
        "south": { "uv": [ 5, 3, 5.5, 5.5 ], "texture": "#corrupted_spear" },
        "west":  { "uv": [ 4, 2.5, 5, 5 ], "texture": "#corrupted_spear" },
        "east":  { "uv": [ 4, 2.5, 5, 5 ], "texture": "#corrupted_spear" }
    }
},
{
    "__comment": "SpikeBig",
    "from": [ 7.5, 3.5, 6.875 ],
    "to": [ 8.25, 4.25, 7.125 ],
    "faces": {
        "down":  { "uv": [ 4.5, 5.5, 6, 6 ], "texture": "#corrupted_spear" },
        "up":    { "uv": [ 4.5, 5.5, 6, 6 ], "texture": "#corrupted_spear" },
        "north": { "uv": [ 6.5, 4.5, 8, 6 ], "texture": "#corrupted_spear" },
        "south": { "uv": [ 6.5, 4.5, 8, 6 ], "texture": "#corrupted_spear" },
        "west":  { "uv": [ 6, 5, 6.5, 6.5 ], "texture": "#corrupted_spear" },
        "east":  { "uv": [ 6, 5, 6.5, 6.5 ], "texture": "#corrupted_spear" }
    }
},
{
    "__comment": "SpikeBig",
    "from": [ 7.75, 3.25, 6.875 ],
    "to": [ 8, 3.5, 7.125 ],
    "faces": {
        "down":  { "uv": [ 5.5, 7, 6, 7.5 ], "texture": "#corrupted_spear" },
        "up":    { "uv": [ 5.5, 7, 6, 7.5 ], "texture": "#corrupted_spear" },
        "north": { "uv": [ 5.5, 7, 6, 7.5 ], "texture": "#corrupted_spear" },
        "south": { "uv": [ 5.5, 7, 6, 7.5 ], "texture": "#corrupted_spear" },
        "west":  { "uv": [ 5.5, 6, 6, 6.5 ], "texture": "#corrupted_spear" },
        "east":  { "uv": [ 5.5, 6, 6, 6.5 ], "texture": "#corrupted_spear" }
    }
},
{
    "__comment": "SpikeBig",
    "from": [ 7.5, 3.75, 6.625 ],
    "to": [ 8.25, 4.5, 6.875 ],
    "faces": {
        "down":  { "uv": [ 6, 5, 7.5, 5.5 ], "texture": "#corrupted_spear" },
        "up":    { "uv": [ 6, 5, 7.5, 5.5 ], "texture": "#corrupted_spear" },
        "north": { "uv": [ 4.5, 4.5, 6, 6 ], "texture": "#corrupted_spear" },
        "south": { "uv": [ 4.5, 4.5, 6, 6 ], "texture": "#corrupted_spear" },
        "west":  { "uv": [ 5, 6, 5.5, 7.5 ], "texture": "#corrupted_spear" },
        "east":  { "uv": [ 5, 6, 5.5, 7.5 ], "texture": "#corrupted_spear" }
    }
},
{
    "__comment": "SpikeBig",
    "from": [ 7.5, 4.25, 6.375 ],
    "to": [ 8.25, 4.5, 6.625 ],
    "faces": {
        "down":  { "uv": [ 6, 6, 7.5, 6.5 ], "texture": "#corrupted_spear" },
        "up":    { "uv": [ 6, 6, 7.5, 6.5 ], "texture": "#corrupted_spear" },
        "north": { "uv": [ 6, 7, 7.5, 7.5 ], "texture": "#corrupted_spear" },
        "south": { "uv": [ 6, 7, 7.5, 7.5 ], "texture": "#corrupted_spear" },
        "west":  { "uv": [ 4.75, 7, 5.25, 7.5 ], "texture": "#corrupted_spear" },
        "east":  { "uv": [ 4.75, 7, 5.25, 7.5 ], "texture": "#corrupted_spear" }
    }
},
{
    "__comment": "SpikeBig",
    "from": [ 7.75, 4.25, 6.875 ],
    "to": [ 8, 4.5, 7.125 ],
    "faces": {
        "down":  { "uv": [ 6, 7, 6.5, 7.5 ], "texture": "#corrupted_spear" },
        "up":    { "uv": [ 6, 7, 6.5, 7.5 ], "texture": "#corrupted_spear" },
        "north": { "uv": [ 6, 7, 6.5, 7.5 ], "texture": "#corrupted_spear" },
        "south": { "uv": [ 6, 7, 6.5, 7.5 ], "texture": "#corrupted_spear" },
        "west":  { "uv": [ 5.75, 7, 6.25, 7.5 ], "texture": "#corrupted_spear" },
        "east":  { "uv": [ 5.75, 7, 6.25, 7.5 ], "texture": "#corrupted_spear" }
    }
},
{
    "__comment": "SpikeBig",
    "from": [ 7.75, 4, 6.375 ],
    "to": [ 8, 4.75, 6.625 ],
    "faces": {
        "down":  { "uv": [ 7.5, 4.75, 8, 5.25 ], "texture": "#corrupted_spear" },
        "up":    { "uv": [ 7.5, 4.75, 8, 5.25 ], "texture": "#corrupted_spear" },
        "north": { "uv": [ 4.5, 6.5, 5, 8 ], "texture": "#corrupted_spear" },
        "south": { "uv": [ 4.5, 6.5, 5, 8 ], "texture": "#corrupted_spear" },
        "west":  { "uv": [ 4.75, 6.5, 5.25, 8 ], "texture": "#corrupted_spear" },
        "east":  { "uv": [ 4.75, 6.5, 5.25, 8 ], "texture": "#corrupted_spear" }
    }
},
{
    "__comment": "SpikeBig",
    "from": [ 7.75, 4.5, 6.125 ],
    "to": [ 8, 4.75, 6.375 ],
    "faces": {
        "down":  { "uv": [ 5.5, 6.5, 6, 7 ], "texture": "#corrupted_spear" },
        "up":    { "uv": [ 5.5, 6.5, 6, 7 ], "texture": "#corrupted_spear" },
        "north": { "uv": [ 6.5, 6.5, 7, 7 ], "texture": "#corrupted_spear" },
        "south": { "uv": [ 6.5, 6.5, 7, 7 ], "texture": "#corrupted_spear" },
        "west":  { "uv": [ 4.25, 6.5, 4.75, 7 ], "texture": "#corrupted_spear" },
        "east":  { "uv": [ 4.25, 6.5, 4.75, 7 ], "texture": "#corrupted_spear" }
    }
},
{
    "__comment": "SpikeSmall",
    "from": [ 8.25, 0.25, 7.875 ],
    "to": [ 8.5, 0.75, 8.125 ],
    "faces": {
        "down":  { "uv": [ 5.5, 6, 6, 6.5 ], "texture": "#corrupted_spear" },
        "up":    { "uv": [ 5.5, 6, 6, 6.5 ], "texture": "#corrupted_spear" },
        "north": { "uv": [ 4.5, 6, 5, 7 ], "texture": "#corrupted_spear" },
        "south": { "uv": [ 4.5, 6, 5, 7 ], "texture": "#corrupted_spear" },
        "west":  { "uv": [ 3, 5.5, 3.5, 6.5 ], "texture": "#corrupted_spear" },
        "east":  { "uv": [ 3, 5.5, 3.5, 6.5 ], "texture": "#corrupted_spear" }
    }
},
{
    "__comment": "SpikeSmall",
    "from": [ 8.25, 0.75, 7.625 ],
    "to": [ 8.5, 1.25, 8.375 ],
    "faces": {
        "down":  { "uv": [ 4, 3.5, 4.5, 5 ], "texture": "#corrupted_spear" },
        "up":    { "uv": [ 4, 3.5, 4.5, 5 ], "texture": "#corrupted_spear" },
        "north": { "uv": [ 4.5, 5.5, 5, 6.5 ], "texture": "#corrupted_spear" },
        "south": { "uv": [ 4.5, 5.5, 5, 6.5 ], "texture": "#corrupted_spear" },
        "west":  { "uv": [ 4, 6.5, 5.5, 7.5 ], "texture": "#corrupted_spear" },
        "east":  { "uv": [ 4, 6.5, 5.5, 7.5 ], "texture": "#corrupted_spear" }
    }
},
{
    "__comment": "SpikeSmall",
    "from": [ 8.5, 1, 7.625 ],
    "to": [ 8.75, 1.25, 8.375 ],
    "faces": {
        "down":  { "uv": [ 5.5, 4.5, 6, 6 ], "texture": "#corrupted_spear" },
        "up":    { "uv": [ 5.5, 4.5, 6, 6 ], "texture": "#corrupted_spear" },
        "north": { "uv": [ 5.5, 6, 6, 6.5 ], "texture": "#corrupted_spear" },
        "south": { "uv": [ 5.5, 6, 6, 6.5 ], "texture": "#corrupted_spear" },
        "west":  { "uv": [ 2.5, 5, 4, 5.5 ], "texture": "#corrupted_spear" },
        "east":  { "uv": [ 2.5, 5, 4, 5.5 ], "texture": "#corrupted_spear" }
    }
},
{
    "__comment": "SpikeSmall",
    "from": [ 8.5, 1.25, 7.875 ],
    "to": [ 8.75, 1.5, 8.125 ],
    "faces": {
        "down":  { "uv": [ 5.5, 5, 6, 5.5 ], "texture": "#corrupted_spear" },
        "up":    { "uv": [ 5.5, 5, 6, 5.5 ], "texture": "#corrupted_spear" },
        "north": { "uv": [ 4, 5.5, 4.5, 6 ], "texture": "#corrupted_spear" },
        "south": { "uv": [ 4, 5.5, 4.5, 6 ], "texture": "#corrupted_spear" },
        "west":  { "uv": [ 4.5, 7, 5, 7.5 ], "texture": "#corrupted_spear" },
        "east":  { "uv": [ 4.5, 7, 5, 7.5 ], "texture": "#corrupted_spear" }
    }
},
{
    "__comment": "SpikeSmall",
    "from": [ 8.5, 0.5, 7.875 ],
    "to": [ 8.75, 1, 8.125 ],
    "faces": {
        "down":  { "uv": [ 6.5, 6.5, 7, 7 ], "texture": "#corrupted_spear" },
        "up":    { "uv": [ 6.5, 6.5, 7, 7 ], "texture": "#corrupted_spear" },
        "north": { "uv": [ 4.5, 6.5, 5, 7.5 ], "texture": "#corrupted_spear" },
        "south": { "uv": [ 4.5, 6.5, 5, 7.5 ], "texture": "#corrupted_spear" },
        "west":  { "uv": [ 4, 6, 4.5, 7 ], "texture": "#corrupted_spear" },
        "east":  { "uv": [ 4, 6, 4.5, 7 ], "texture": "#corrupted_spear" }
    }
},
{
    "__comment": "SpikeSmall",
    "from": [ 8.75, 0.75, 7.875 ],
    "to": [ 9, 1.5, 8.125 ],
    "faces": {
        "down":  { "uv": [ 6.5, 6.5, 7, 7 ], "texture": "#corrupted_spear" },
        "up":    { "uv": [ 6.5, 6.5, 7, 7 ], "texture": "#corrupted_spear" },
        "north": { "uv": [ 5, 6.5, 5.5, 8 ], "texture": "#corrupted_spear" },
        "south": { "uv": [ 5, 6.5, 5.5, 8 ], "texture": "#corrupted_spear" },
        "west":  { "uv": [ 4, 5.5, 4.5, 7 ], "texture": "#corrupted_spear" },
        "east":  { "uv": [ 4, 5.5, 4.5, 7 ], "texture": "#corrupted_spear" }
    }
},
{
    "__comment": "SpikeSmall",
    "from": [ 9, 1.25, 7.875 ],
    "to": [ 9.25, 1.5, 8.125 ],
    "faces": {
        "down":  { "uv": [ 3, 5.5, 3.5, 6 ], "texture": "#corrupted_spear" },
        "up":    { "uv": [ 3, 5.5, 3.5, 6 ], "texture": "#corrupted_spear" },
        "north": { "uv": [ 3, 5.5, 3.5, 6 ], "texture": "#corrupted_spear" },
        "south": { "uv": [ 3, 5.5, 3.5, 6 ], "texture": "#corrupted_spear" },
        "west":  { "uv": [ 3, 5, 3.5, 5.5 ], "texture": "#corrupted_spear" },
        "east":  { "uv": [ 3, 5, 3.5, 5.5 ], "texture": "#corrupted_spear" }
    }
},
{
    "from": [ 7.25, -1.25, 7.875 ],
    "to": [ 7.5, -0.5, 8.125 ],
    "faces": {
        "down":  { "uv": [ 7.5, 6.75, 8, 7.25 ], "texture": "#corrupted_spear" },
        "up":    { "uv": [ 7.5, 6.75, 8, 7.25 ], "texture": "#corrupted_spear" },
        "north": { "uv": [ 5.5, 4.5, 6, 6 ], "texture": "#corrupted_spear" },
        "south": { "uv": [ 5.5, 4.5, 6, 6 ], "texture": "#corrupted_spear" },
        "west":  { "uv": [ 6, 4, 6.5, 5.5 ], "texture": "#corrupted_spear" },
        "east":  { "uv": [ 6, 4, 6.5, 5.5 ], "texture": "#corrupted_spear" }
    }
},
{
    "from": [ 7, -0.5, 7.625 ],
    "to": [ 7.5, 0.25, 8.375 ],
    "faces": {
        "down":  { "uv": [ 6, 6, 7.5, 7 ], "texture": "#corrupted_spear" },
        "up":    { "uv": [ 6, 6, 7.5, 7 ], "texture": "#corrupted_spear" },
        "north": { "uv": [ 5.5, 5.5, 7, 7 ], "texture": "#corrupted_spear" },
        "south": { "uv": [ 5.5, 5.5, 7, 7 ], "texture": "#corrupted_spear" },
        "west":  { "uv": [ 5, 4, 6, 5.5 ], "texture": "#corrupted_spear" },
        "east":  { "uv": [ 5, 4, 6, 5.5 ], "texture": "#corrupted_spear" }
    }
},
{
    "from": [ 7, -0.75, 7.875 ],
    "to": [ 7.5, 0.5, 8.125 ],
    "faces": {
        "down":  { "uv": [ 7.5, 6.25, 8, 7.25 ], "texture": "#corrupted_spear" },
        "up":    { "uv": [ 7.5, 6.25, 8, 7.25 ], "texture": "#corrupted_spear" },
        "north": { "uv": [ 5, 3, 5.5, 5.5 ], "texture": "#corrupted_spear" },
        "south": { "uv": [ 5, 3, 5.5, 5.5 ], "texture": "#corrupted_spear" },
        "west":  { "uv": [ 4, 2.5, 5, 5 ], "texture": "#corrupted_spear" },
        "east":  { "uv": [ 4, 2.5, 5, 5 ], "texture": "#corrupted_spear" }
    }
},
{
    "from": [ 6.75, -0.25, 7.625 ],
    "to": [ 7, 0.5, 8.375 ],
    "faces": {
        "down":  { "uv": [ 4.5, 5.5, 6, 6 ], "texture": "#corrupted_spear" },
        "up":    { "uv": [ 4.5, 5.5, 6, 6 ], "texture": "#corrupted_spear" },
        "north": { "uv": [ 6.5, 4.5, 8, 6 ], "texture": "#corrupted_spear" },
        "south": { "uv": [ 6.5, 4.5, 8, 6 ], "texture": "#corrupted_spear" },
        "west":  { "uv": [ 6, 5, 6.5, 6.5 ], "texture": "#corrupted_spear" },
        "east":  { "uv": [ 6, 5, 6.5, 6.5 ], "texture": "#corrupted_spear" }
    }
},
{
    "from": [ 6.75, 0.5, 7.875 ],
    "to": [ 7, 0.75, 8.125 ],
    "faces": {
        "down":  { "uv": [ 5.5, 7, 6, 7.5 ], "texture": "#corrupted_spear" },
        "up":    { "uv": [ 5.5, 7, 6, 7.5 ], "texture": "#corrupted_spear" },
        "north": { "uv": [ 5.5, 7, 6, 7.5 ], "texture": "#corrupted_spear" },
        "south": { "uv": [ 5.5, 7, 6, 7.5 ], "texture": "#corrupted_spear" },
        "west":  { "uv": [ 5.5, 6, 6, 6.5 ], "texture": "#corrupted_spear" },
        "east":  { "uv": [ 5.5, 6, 6, 6.5 ], "texture": "#corrupted_spear" }
    }
},
{
    "from": [ 6.5, 0, 7.625 ],
    "to": [ 6.75, 0.75, 8.375 ],
    "faces": {
        "down":  { "uv": [ 6, 5, 7.5, 5.5 ], "texture": "#corrupted_spear" },
        "up":    { "uv": [ 6, 5, 7.5, 5.5 ], "texture": "#corrupted_spear" },
        "north": { "uv": [ 4.5, 4.5, 6, 6 ], "texture": "#corrupted_spear" },
        "south": { "uv": [ 4.5, 4.5, 6, 6 ], "texture": "#corrupted_spear" },
        "west":  { "uv": [ 5, 6, 5.5, 7.5 ], "texture": "#corrupted_spear" },
        "east":  { "uv": [ 5, 6, 5.5, 7.5 ], "texture": "#corrupted_spear" }
    }
},
{
    "from": [ 6.25, 0.5, 7.625 ],
    "to": [ 6.5, 0.75, 8.375 ],
    "faces": {
        "down":  { "uv": [ 6, 6, 7.5, 6.5 ], "texture": "#corrupted_spear" },
        "up":    { "uv": [ 6, 6, 7.5, 6.5 ], "texture": "#corrupted_spear" },
        "north": { "uv": [ 6, 7, 7.5, 7.5 ], "texture": "#corrupted_spear" },
        "south": { "uv": [ 6, 7, 7.5, 7.5 ], "texture": "#corrupted_spear" },
        "west":  { "uv": [ 4.75, 7, 5.25, 7.5 ], "texture": "#corrupted_spear" },
        "east":  { "uv": [ 4.75, 7, 5.25, 7.5 ], "texture": "#corrupted_spear" }
    }
},
{
    "from": [ 6.75, -0.5, 7.875 ],
    "to": [ 7, -0.25, 8.125 ],
    "faces": {
        "down":  { "uv": [ 6, 7, 6.5, 7.5 ], "texture": "#corrupted_spear" },
        "up":    { "uv": [ 6, 7, 6.5, 7.5 ], "texture": "#corrupted_spear" },
        "north": { "uv": [ 6, 7, 6.5, 7.5 ], "texture": "#corrupted_spear" },
        "south": { "uv": [ 6, 7, 6.5, 7.5 ], "texture": "#corrupted_spear" },
        "west":  { "uv": [ 5.75, 7, 6.25, 7.5 ], "texture": "#corrupted_spear" },
        "east":  { "uv": [ 5.75, 7, 6.25, 7.5 ], "texture": "#corrupted_spear" }
    }
},
{
    "from": [ 6.25, 0.25, 7.875 ],
    "to": [ 6.5, 1, 8.125 ],
    "faces": {
        "down":  { "uv": [ 7.5, 4.75, 8, 5.25 ], "texture": "#corrupted_spear" },
        "up":    { "uv": [ 7.5, 4.75, 8, 5.25 ], "texture": "#corrupted_spear" },
        "north": { "uv": [ 4.5, 6.5, 5, 8 ], "texture": "#corrupted_spear" },
        "south": { "uv": [ 4.5, 6.5, 5, 8 ], "texture": "#corrupted_spear" },
        "west":  { "uv": [ 4.75, 6.5, 5.25, 8 ], "texture": "#corrupted_spear" },
        "east":  { "uv": [ 4.75, 6.5, 5.25, 8 ], "texture": "#corrupted_spear" }
    }
},
{
    "from": [ 6, 0.75, 7.875 ],
    "to": [ 6.25, 1, 8.125 ],
    "faces": {
        "down":  { "uv": [ 5.5, 6.5, 6, 7 ], "texture": "#corrupted_spear" },
        "up":    { "uv": [ 5.5, 6.5, 6, 7 ], "texture": "#corrupted_spear" },
        "north": { "uv": [ 6.5, 6.5, 7, 7 ], "texture": "#corrupted_spear" },
        "south": { "uv": [ 6.5, 6.5, 7, 7 ], "texture": "#corrupted_spear" },
        "west":  { "uv": [ 4.25, 6.5, 4.75, 7 ], "texture": "#corrupted_spear" },
        "east":  { "uv": [ 4.25, 6.5, 4.75, 7 ], "texture": "#corrupted_spear" }
    }
},
{
    "__comment": "SpikeSmall*",
    "from": [ 7.75, 2.5, 8.375 ],
    "to": [ 8, 3, 8.625 ],
    "faces": {
        "down":  { "uv": [ 5.5, 6, 6, 6.5 ], "texture": "#corrupted_spear" },
        "up":    { "uv": [ 5.5, 6, 6, 6.5 ], "texture": "#corrupted_spear" },
        "north": { "uv": [ 4.5, 6, 5, 7 ], "texture": "#corrupted_spear" },
        "south": { "uv": [ 4.5, 6, 5, 7 ], "texture": "#corrupted_spear" },
        "west":  { "uv": [ 3, 5.5, 3.5, 6.5 ], "texture": "#corrupted_spear" },
        "east":  { "uv": [ 3, 5.5, 3.5, 6.5 ], "texture": "#corrupted_spear" }
    }
},
{
    "__comment": "SpikeSmall*",
    "from": [ 7.5, 2, 8.375 ],
    "to": [ 8.25, 2.5, 8.625 ],
    "faces": {
        "down":  { "uv": [ 4, 3.5, 4.5, 5 ], "texture": "#corrupted_spear" },
        "up":    { "uv": [ 4, 3.5, 4.5, 5 ], "texture": "#corrupted_spear" },
        "north": { "uv": [ 4.5, 5.5, 5, 6.5 ], "texture": "#corrupted_spear" },
        "south": { "uv": [ 4.5, 5.5, 5, 6.5 ], "texture": "#corrupted_spear" },
        "west":  { "uv": [ 4, 6.5, 5.5, 7.5 ], "texture": "#corrupted_spear" },
        "east":  { "uv": [ 4, 6.5, 5.5, 7.5 ], "texture": "#corrupted_spear" }
    }
},
{
    "__comment": "SpikeSmall*",
    "from": [ 7.5, 2, 8.625 ],
    "to": [ 8.25, 2.25, 8.875 ],
    "faces": {
        "down":  { "uv": [ 5.5, 4.5, 6, 6 ], "texture": "#corrupted_spear" },
        "up":    { "uv": [ 5.5, 4.5, 6, 6 ], "texture": "#corrupted_spear" },
        "north": { "uv": [ 5.5, 6, 6, 6.5 ], "texture": "#corrupted_spear" },
        "south": { "uv": [ 5.5, 6, 6, 6.5 ], "texture": "#corrupted_spear" },
        "west":  { "uv": [ 2.5, 5, 4, 5.5 ], "texture": "#corrupted_spear" },
        "east":  { "uv": [ 2.5, 5, 4, 5.5 ], "texture": "#corrupted_spear" }
    }
},
{
    "__comment": "SpikeSmall*",
    "from": [ 7.75, 1.75, 8.625 ],
    "to": [ 8, 2, 8.875 ],
    "faces": {
        "down":  { "uv": [ 5.5, 5, 6, 5.5 ], "texture": "#corrupted_spear" },
        "up":    { "uv": [ 5.5, 5, 6, 5.5 ], "texture": "#corrupted_spear" },
        "north": { "uv": [ 4, 5.5, 4.5, 6 ], "texture": "#corrupted_spear" },
        "south": { "uv": [ 4, 5.5, 4.5, 6 ], "texture": "#corrupted_spear" },
        "west":  { "uv": [ 4.5, 7, 5, 7.5 ], "texture": "#corrupted_spear" },
        "east":  { "uv": [ 4.5, 7, 5, 7.5 ], "texture": "#corrupted_spear" }
    }
},
{
    "__comment": "SpikeSmall*",
    "from": [ 7.75, 2.25, 8.625 ],
    "to": [ 8, 2.75, 8.875 ],
    "faces": {
        "down":  { "uv": [ 6.5, 6.5, 7, 7 ], "texture": "#corrupted_spear" },
        "up":    { "uv": [ 6.5, 6.5, 7, 7 ], "texture": "#corrupted_spear" },
        "north": { "uv": [ 4.5, 6.5, 5, 7.5 ], "texture": "#corrupted_spear" },
        "south": { "uv": [ 4.5, 6.5, 5, 7.5 ], "texture": "#corrupted_spear" },
        "west":  { "uv": [ 4, 6, 4.5, 7 ], "texture": "#corrupted_spear" },
        "east":  { "uv": [ 4, 6, 4.5, 7 ], "texture": "#corrupted_spear" }
    }
},
{
    "__comment": "SpikeSmall*",
    "from": [ 7.75, 1.75, 8.875 ],
    "to": [ 8, 2.5, 9.125 ],
    "faces": {
        "down":  { "uv": [ 6.5, 6.5, 7, 7 ], "texture": "#corrupted_spear" },
        "up":    { "uv": [ 6.5, 6.5, 7, 7 ], "texture": "#corrupted_spear" },
        "north": { "uv": [ 5, 6.5, 5.5, 8 ], "texture": "#corrupted_spear" },
        "south": { "uv": [ 5, 6.5, 5.5, 8 ], "texture": "#corrupted_spear" },
        "west":  { "uv": [ 4, 5.5, 4.5, 7 ], "texture": "#corrupted_spear" },
        "east":  { "uv": [ 4, 5.5, 4.5, 7 ], "texture": "#corrupted_spear" }
    }
},
{
    "__comment": "SpikeSmall*",
    "from": [ 7.75, 1.75, 9.125 ],
    "to": [ 8, 2, 9.375 ],
    "faces": {
        "down":  { "uv": [ 3, 5.5, 3.5, 6 ], "texture": "#corrupted_spear" },
        "up":    { "uv": [ 3, 5.5, 3.5, 6 ], "texture": "#corrupted_spear" },
        "north": { "uv": [ 3, 5.5, 3.5, 6 ], "texture": "#corrupted_spear" },
        "south": { "uv": [ 3, 5.5, 3.5, 6 ], "texture": "#corrupted_spear" },
        "west":  { "uv": [ 3, 5, 3.5, 5.5 ], "texture": "#corrupted_spear" },
        "east":  { "uv": [ 3, 5, 3.5, 5.5 ], "texture": "#corrupted_spear" }
    }
},
{
    "__comment": "SpikeSmall*",
    "from": [ 7.75, -3.5, 8.375 ],
    "to": [ 8, -3, 8.625 ],
    "faces": {
        "down":  { "uv": [ 5.5, 6, 6, 6.5 ], "texture": "#corrupted_spear" },
        "up":    { "uv": [ 5.5, 6, 6, 6.5 ], "texture": "#corrupted_spear" },
        "north": { "uv": [ 4.5, 6, 5, 7 ], "texture": "#corrupted_spear" },
        "south": { "uv": [ 4.5, 6, 5, 7 ], "texture": "#corrupted_spear" },
        "west":  { "uv": [ 3, 5.5, 3.5, 6.5 ], "texture": "#corrupted_spear" },
        "east":  { "uv": [ 3, 5.5, 3.5, 6.5 ], "texture": "#corrupted_spear" }
    }
},
{
    "__comment": "SpikeSmall*",
    "from": [ 7.5, -4, 8.375 ],
    "to": [ 8.25, -3.5, 8.625 ],
    "faces": {
        "down":  { "uv": [ 4, 3.5, 4.5, 5 ], "texture": "#corrupted_spear" },
        "up":    { "uv": [ 4, 3.5, 4.5, 5 ], "texture": "#corrupted_spear" },
        "north": { "uv": [ 4.5, 5.5, 5, 6.5 ], "texture": "#corrupted_spear" },
        "south": { "uv": [ 4.5, 5.5, 5, 6.5 ], "texture": "#corrupted_spear" },
        "west":  { "uv": [ 4, 6.5, 5.5, 7.5 ], "texture": "#corrupted_spear" },
        "east":  { "uv": [ 4, 6.5, 5.5, 7.5 ], "texture": "#corrupted_spear" }
    }
},
{
    "__comment": "SpikeSmall*",
    "from": [ 7.5, -4, 8.625 ],
    "to": [ 8.25, -3.75, 8.875 ],
    "faces": {
        "down":  { "uv": [ 5.5, 4.5, 6, 6 ], "texture": "#corrupted_spear" },
        "up":    { "uv": [ 5.5, 4.5, 6, 6 ], "texture": "#corrupted_spear" },
        "north": { "uv": [ 5.5, 6, 6, 6.5 ], "texture": "#corrupted_spear" },
        "south": { "uv": [ 5.5, 6, 6, 6.5 ], "texture": "#corrupted_spear" },
        "west":  { "uv": [ 2.5, 5, 4, 5.5 ], "texture": "#corrupted_spear" },
        "east":  { "uv": [ 2.5, 5, 4, 5.5 ], "texture": "#corrupted_spear" }
    }
},
{
    "__comment": "SpikeSmall*",
    "from": [ 7.75, -4.25, 8.625 ],
    "to": [ 8, -4, 8.875 ],
    "faces": {
        "down":  { "uv": [ 5.5, 5, 6, 5.5 ], "texture": "#corrupted_spear" },
        "up":    { "uv": [ 5.5, 5, 6, 5.5 ], "texture": "#corrupted_spear" },
        "north": { "uv": [ 4, 5.5, 4.5, 6 ], "texture": "#corrupted_spear" },
        "south": { "uv": [ 4, 5.5, 4.5, 6 ], "texture": "#corrupted_spear" },
        "west":  { "uv": [ 4.5, 7, 5, 7.5 ], "texture": "#corrupted_spear" },
        "east":  { "uv": [ 4.5, 7, 5, 7.5 ], "texture": "#corrupted_spear" }
    }
},
{
    "__comment": "SpikeSmall*",
    "from": [ 7.75, -3.75, 8.625 ],
    "to": [ 8, -3.25, 8.875 ],
    "faces": {
        "down":  { "uv": [ 6.5, 6.5, 7, 7 ], "texture": "#corrupted_spear" },
        "up":    { "uv": [ 6.5, 6.5, 7, 7 ], "texture": "#corrupted_spear" },
        "north": { "uv": [ 4.5, 6.5, 5, 7.5 ], "texture": "#corrupted_spear" },
        "south": { "uv": [ 4.5, 6.5, 5, 7.5 ], "texture": "#corrupted_spear" },
        "west":  { "uv": [ 4, 6, 4.5, 7 ], "texture": "#corrupted_spear" },
        "east":  { "uv": [ 4, 6, 4.5, 7 ], "texture": "#corrupted_spear" }
    }
},
{
    "__comment": "SpikeSmall*",
    "from": [ 7.75, -4.25, 8.875 ],
    "to": [ 8, -3.5, 9.125 ],
    "faces": {
        "down":  { "uv": [ 6.5, 6.5, 7, 7 ], "texture": "#corrupted_spear" },
        "up":    { "uv": [ 6.5, 6.5, 7, 7 ], "texture": "#corrupted_spear" },
        "north": { "uv": [ 5, 6.5, 5.5, 8 ], "texture": "#corrupted_spear" },
        "south": { "uv": [ 5, 6.5, 5.5, 8 ], "texture": "#corrupted_spear" },
        "west":  { "uv": [ 4, 5.5, 4.5, 7 ], "texture": "#corrupted_spear" },
        "east":  { "uv": [ 4, 5.5, 4.5, 7 ], "texture": "#corrupted_spear" }
    }
},
{
    "__comment": "SpikeSmall*",
    "from": [ 7.75, -4.25, 9.125 ],
    "to": [ 8, -4, 9.375 ],
    "faces": {
        "down":  { "uv": [ 3, 5.5, 3.5, 6 ], "texture": "#corrupted_spear" },
        "up":    { "uv": [ 3, 5.5, 3.5, 6 ], "texture": "#corrupted_spear" },
        "north": { "uv": [ 3, 5.5, 3.5, 6 ], "texture": "#corrupted_spear" },
        "south": { "uv": [ 3, 5.5, 3.5, 6 ], "texture": "#corrupted_spear" },
        "west":  { "uv": [ 3, 5, 3.5, 5.5 ], "texture": "#corrupted_spear" },
        "east":  { "uv": [ 3, 5, 3.5, 5.5 ], "texture": "#corrupted_spear" }
    }
},
{
    "__comment": "SpikeSmall*",
    "from": [ 7.25, -7.25, 7.875 ],
    "to": [ 7.5, -6.75, 8.125 ],
    "faces": {
        "down":  { "uv": [ 5.5, 6, 6, 6.5 ], "texture": "#corrupted_spear" },
        "up":    { "uv": [ 5.5, 6, 6, 6.5 ], "texture": "#corrupted_spear" },
        "north": { "uv": [ 4.5, 6, 5, 7 ], "texture": "#corrupted_spear" },
        "south": { "uv": [ 4.5, 6, 5, 7 ], "texture": "#corrupted_spear" },
        "west":  { "uv": [ 3, 5.5, 3.5, 6.5 ], "texture": "#corrupted_spear" },
        "east":  { "uv": [ 3, 5.5, 3.5, 6.5 ], "texture": "#corrupted_spear" }
    }
},
{
    "__comment": "SpikeSmall*",
    "from": [ 7.25, -6.75, 7.625 ],
    "to": [ 7.5, -6.25, 8.375 ],
    "faces": {
        "down":  { "uv": [ 4, 3.5, 4.5, 5 ], "texture": "#corrupted_spear" },
        "up":    { "uv": [ 4, 3.5, 4.5, 5 ], "texture": "#corrupted_spear" },
        "north": { "uv": [ 4.5, 5.5, 5, 6.5 ], "texture": "#corrupted_spear" },
        "south": { "uv": [ 4.5, 5.5, 5, 6.5 ], "texture": "#corrupted_spear" },
        "west":  { "uv": [ 4, 6.5, 5.5, 7.5 ], "texture": "#corrupted_spear" },
        "east":  { "uv": [ 4, 6.5, 5.5, 7.5 ], "texture": "#corrupted_spear" }
    }
},
{
    "__comment": "SpikeSmall*",
    "from": [ 7, -6.5, 7.625 ],
    "to": [ 7.25, -6.25, 8.375 ],
    "faces": {
        "down":  { "uv": [ 5.5, 4.5, 6, 6 ], "texture": "#corrupted_spear" },
        "up":    { "uv": [ 5.5, 4.5, 6, 6 ], "texture": "#corrupted_spear" },
        "north": { "uv": [ 5.5, 6, 6, 6.5 ], "texture": "#corrupted_spear" },
        "south": { "uv": [ 5.5, 6, 6, 6.5 ], "texture": "#corrupted_spear" },
        "west":  { "uv": [ 2.5, 5, 4, 5.5 ], "texture": "#corrupted_spear" },
        "east":  { "uv": [ 2.5, 5, 4, 5.5 ], "texture": "#corrupted_spear" }
    }
},
{
    "__comment": "SpikeSmall*",
    "from": [ 7, -6.25, 7.875 ],
    "to": [ 7.25, -6, 8.125 ],
    "faces": {
        "down":  { "uv": [ 5.5, 5, 6, 5.5 ], "texture": "#corrupted_spear" },
        "up":    { "uv": [ 5.5, 5, 6, 5.5 ], "texture": "#corrupted_spear" },
        "north": { "uv": [ 4, 5.5, 4.5, 6 ], "texture": "#corrupted_spear" },
        "south": { "uv": [ 4, 5.5, 4.5, 6 ], "texture": "#corrupted_spear" },
        "west":  { "uv": [ 4.5, 7, 5, 7.5 ], "texture": "#corrupted_spear" },
        "east":  { "uv": [ 4.5, 7, 5, 7.5 ], "texture": "#corrupted_spear" }
    }
},
{
    "__comment": "SpikeSmall*",
    "from": [ 7, -7, 7.875 ],
    "to": [ 7.25, -6.5, 8.125 ],
    "faces": {
        "down":  { "uv": [ 6.5, 6.5, 7, 7 ], "texture": "#corrupted_spear" },
        "up":    { "uv": [ 6.5, 6.5, 7, 7 ], "texture": "#corrupted_spear" },
        "north": { "uv": [ 4.5, 6.5, 5, 7.5 ], "texture": "#corrupted_spear" },
        "south": { "uv": [ 4.5, 6.5, 5, 7.5 ], "texture": "#corrupted_spear" },
        "west":  { "uv": [ 4, 6, 4.5, 7 ], "texture": "#corrupted_spear" },
        "east":  { "uv": [ 4, 6, 4.5, 7 ], "texture": "#corrupted_spear" }
    }
},
{
    "__comment": "SpikeSmall*",
    "from": [ 6.75, -6.75, 7.875 ],
    "to": [ 7, -6, 8.125 ],
    "faces": {
        "down":  { "uv": [ 6.5, 6.5, 7, 7 ], "texture": "#corrupted_spear" },
        "up":    { "uv": [ 6.5, 6.5, 7, 7 ], "texture": "#corrupted_spear" },
        "north": { "uv": [ 5, 6.5, 5.5, 8 ], "texture": "#corrupted_spear" },
        "south": { "uv": [ 5, 6.5, 5.5, 8 ], "texture": "#corrupted_spear" },
        "west":  { "uv": [ 4, 5.5, 4.5, 7 ], "texture": "#corrupted_spear" },
        "east":  { "uv": [ 4, 5.5, 4.5, 7 ], "texture": "#corrupted_spear" }
    }
},
{
    "__comment": "SpikeSmall*",
    "from": [ 6.5, -6.25, 7.875 ],
    "to": [ 6.75, -6, 8.125 ],
    "faces": {
        "down":  { "uv": [ 3, 5.5, 3.5, 6 ], "texture": "#corrupted_spear" },
        "up":    { "uv": [ 3, 5.5, 3.5, 6 ], "texture": "#corrupted_spear" },
        "north": { "uv": [ 3, 5.5, 3.5, 6 ], "texture": "#corrupted_spear" },
        "south": { "uv": [ 3, 5.5, 3.5, 6 ], "texture": "#corrupted_spear" },
        "west":  { "uv": [ 3, 5, 3.5, 5.5 ], "texture": "#corrupted_spear" },
        "east":  { "uv": [ 3, 5, 3.5, 5.5 ], "texture": "#corrupted_spear" }
    }
},
{
    "__comment": "SpikeBig*",
    "from": [ 7.75, -9, 7.375 ],
    "to": [ 8, -8.25, 7.625 ],
    "faces": {
        "down":  { "uv": [ 7.5, 6.75, 8, 7.25 ], "texture": "#corrupted_spear" },
        "up":    { "uv": [ 7.5, 6.75, 8, 7.25 ], "texture": "#corrupted_spear" },
        "north": { "uv": [ 5.5, 4.5, 6, 6 ], "texture": "#corrupted_spear" },
        "south": { "uv": [ 5.5, 4.5, 6, 6 ], "texture": "#corrupted_spear" },
        "west":  { "uv": [ 6, 4, 6.5, 5.5 ], "texture": "#corrupted_spear" },
        "east":  { "uv": [ 6, 4, 6.5, 5.5 ], "texture": "#corrupted_spear" }
    }
},
{
    "__comment": "SpikeBig*",
    "from": [ 7.5, -8.25, 7.125 ],
    "to": [ 8.25, -7.5, 7.625 ],
    "faces": {
        "down":  { "uv": [ 6, 6, 7.5, 7 ], "texture": "#corrupted_spear" },
        "up":    { "uv": [ 6, 6, 7.5, 7 ], "texture": "#corrupted_spear" },
        "north": { "uv": [ 5.5, 5.5, 7, 7 ], "texture": "#corrupted_spear" },
        "south": { "uv": [ 5.5, 5.5, 7, 7 ], "texture": "#corrupted_spear" },
        "west":  { "uv": [ 5, 4, 6, 5.5 ], "texture": "#corrupted_spear" },
        "east":  { "uv": [ 5, 4, 6, 5.5 ], "texture": "#corrupted_spear" }
    }
},
{
    "__comment": "SpikeBig*",
    "from": [ 7.75, -8.5, 7.125 ],
    "to": [ 8, -7.25, 7.625 ],
    "faces": {
        "down":  { "uv": [ 7.5, 6.25, 8, 7.25 ], "texture": "#corrupted_spear" },
        "up":    { "uv": [ 7.5, 6.25, 8, 7.25 ], "texture": "#corrupted_spear" },
        "north": { "uv": [ 5, 3, 5.5, 5.5 ], "texture": "#corrupted_spear" },
        "south": { "uv": [ 5, 3, 5.5, 5.5 ], "texture": "#corrupted_spear" },
        "west":  { "uv": [ 4, 2.5, 5, 5 ], "texture": "#corrupted_spear" },
        "east":  { "uv": [ 4, 2.5, 5, 5 ], "texture": "#corrupted_spear" }
    }
},
{
    "__comment": "SpikeBig*",
    "from": [ 7.5, -8, 6.875 ],
    "to": [ 8.25, -7.25, 7.125 ],
    "faces": {
        "down":  { "uv": [ 4.5, 5.5, 6, 6 ], "texture": "#corrupted_spear" },
        "up":    { "uv": [ 4.5, 5.5, 6, 6 ], "texture": "#corrupted_spear" },
        "north": { "uv": [ 6.5, 4.5, 8, 6 ], "texture": "#corrupted_spear" },
        "south": { "uv": [ 6.5, 4.5, 8, 6 ], "texture": "#corrupted_spear" },
        "west":  { "uv": [ 6, 5, 6.5, 6.5 ], "texture": "#corrupted_spear" },
        "east":  { "uv": [ 6, 5, 6.5, 6.5 ], "texture": "#corrupted_spear" }
    }
},
{
    "__comment": "SpikeBig*",
    "from": [ 7.75, -8.25, 6.875 ],
    "to": [ 8, -8, 7.125 ],
    "faces": {
        "down":  { "uv": [ 5.5, 7, 6, 7.5 ], "texture": "#corrupted_spear" },
        "up":    { "uv": [ 5.5, 7, 6, 7.5 ], "texture": "#corrupted_spear" },
        "north": { "uv": [ 5.5, 7, 6, 7.5 ], "texture": "#corrupted_spear" },
        "south": { "uv": [ 5.5, 7, 6, 7.5 ], "texture": "#corrupted_spear" },
        "west":  { "uv": [ 5.5, 6, 6, 6.5 ], "texture": "#corrupted_spear" },
        "east":  { "uv": [ 5.5, 6, 6, 6.5 ], "texture": "#corrupted_spear" }
    }
},
{
    "__comment": "SpikeBig*",
    "from": [ 7.5, -7.75, 6.625 ],
    "to": [ 8.25, -7, 6.875 ],
    "faces": {
        "down":  { "uv": [ 6, 5, 7.5, 5.5 ], "texture": "#corrupted_spear" },
        "up":    { "uv": [ 6, 5, 7.5, 5.5 ], "texture": "#corrupted_spear" },
        "north": { "uv": [ 4.5, 4.5, 6, 6 ], "texture": "#corrupted_spear" },
        "south": { "uv": [ 4.5, 4.5, 6, 6 ], "texture": "#corrupted_spear" },
        "west":  { "uv": [ 5, 6, 5.5, 7.5 ], "texture": "#corrupted_spear" },
        "east":  { "uv": [ 5, 6, 5.5, 7.5 ], "texture": "#corrupted_spear" }
    }
},
{
    "__comment": "SpikeBig*",
    "from": [ 7.5, -7.25, 6.375 ],
    "to": [ 8.25, -7, 6.625 ],
    "faces": {
        "down":  { "uv": [ 6, 6, 7.5, 6.5 ], "texture": "#corrupted_spear" },
        "up":    { "uv": [ 6, 6, 7.5, 6.5 ], "texture": "#corrupted_spear" },
        "north": { "uv": [ 6, 7, 7.5, 7.5 ], "texture": "#corrupted_spear" },
        "south": { "uv": [ 6, 7, 7.5, 7.5 ], "texture": "#corrupted_spear" },
        "west":  { "uv": [ 4.75, 7, 5.25, 7.5 ], "texture": "#corrupted_spear" },
        "east":  { "uv": [ 4.75, 7, 5.25, 7.5 ], "texture": "#corrupted_spear" }
    }
},
{
    "__comment": "SpikeBig*",
    "from": [ 7.75, -7.25, 6.875 ],
    "to": [ 8, -7, 7.125 ],
    "faces": {
        "down":  { "uv": [ 6, 7, 6.5, 7.5 ], "texture": "#corrupted_spear" },
        "up":    { "uv": [ 6, 7, 6.5, 7.5 ], "texture": "#corrupted_spear" },
        "north": { "uv": [ 6, 7, 6.5, 7.5 ], "texture": "#corrupted_spear" },
        "south": { "uv": [ 6, 7, 6.5, 7.5 ], "texture": "#corrupted_spear" },
        "west":  { "uv": [ 5.75, 7, 6.25, 7.5 ], "texture": "#corrupted_spear" },
        "east":  { "uv": [ 5.75, 7, 6.25, 7.5 ], "texture": "#corrupted_spear" }
    }
},
{
    "__comment": "SpikeBig*",
    "from": [ 7.75, -7.5, 6.375 ],
    "to": [ 8, -6.75, 6.625 ],
    "faces": {
        "down":  { "uv": [ 7.5, 4.75, 8, 5.25 ], "texture": "#corrupted_spear" },
        "up":    { "uv": [ 7.5, 4.75, 8, 5.25 ], "texture": "#corrupted_spear" },
        "north": { "uv": [ 4.5, 6.5, 5, 8 ], "texture": "#corrupted_spear" },
        "south": { "uv": [ 4.5, 6.5, 5, 8 ], "texture": "#corrupted_spear" },
        "west":  { "uv": [ 4.75, 6.5, 5.25, 8 ], "texture": "#corrupted_spear" },
        "east":  { "uv": [ 4.75, 6.5, 5.25, 8 ], "texture": "#corrupted_spear" }
    }
},
{
    "__comment": "SpikeBig*",
    "from": [ 7.75, -7, 6.125 ],
    "to": [ 8, -6.75, 6.375 ],
    "faces": {
        "down":  { "uv": [ 5.5, 6.5, 6, 7 ], "texture": "#corrupted_spear" },
        "up":    { "uv": [ 5.5, 6.5, 6, 7 ], "texture": "#corrupted_spear" },
        "north": { "uv": [ 6.5, 6.5, 7, 7 ], "texture": "#corrupted_spear" },
        "south": { "uv": [ 6.5, 6.5, 7, 7 ], "texture": "#corrupted_spear" },
        "west":  { "uv": [ 4.25, 6.5, 4.75, 7 ], "texture": "#corrupted_spear" },
        "east":  { "uv": [ 4.25, 6.5, 4.75, 7 ], "texture": "#corrupted_spear" }
    }
},
{
    "from": [ 7.5, -10, 7.625 ],
    "to": [ 8.25, -3, 8.375 ],
    "faces": {
        "down":  { "uv": [ 9, 8.75, 7.5, 7.25 ], "texture": "#corrupted_spear" },
        "up":    { "uv": [ 7, 7.25, 8.5, 8.75 ], "texture": "#corrupted_spear" },
        "north": { "uv": [ 12, 1, 15, 15 ], "rotation": 180, "texture": "#corrupted_spear" },
        "south": { "uv": [ 12, 1, 15, 15 ], "rotation": 180, "texture": "#corrupted_spear" },
        "west":  { "uv": [ 9, 1, 12, 15 ], "rotation": 180, "texture": "#corrupted_spear" },
        "east":  { "uv": [ 9, 1, 12, 15 ], "rotation": 180, "texture": "#corrupted_spear" }
    }
}
],
"display": {
    "thirdperson_righthand": {
        "rotation": [ 0, 180, 0 ],
        "translation": [ -0.6, 18, 1.5 ],
        "scale": [ 2, 2, 2 ]
    },
    "ground": {
        "rotation": [ 0, 0, 0 ],
        "translation": [ 0, 10, 0 ],
        "scale": [ 1, 1, 1 ]
    },
    "firstperson_righthand": {
        "rotation": [ 10, -160, 0 ],
        "translation": [ 2.5, 13, 0 ],
        "scale": [ 2, 2, 2 ]
    },
    "gui": {
        "rotation": [ -90, -135, -90 ],
        "translation": [ -6, 7.5, 0 ],
        "scale": [ 1.1, 1.1, 1.1 ]
    }
}
}