{
"__comment": "Designed by FirecatHD",
"textures": {
    "particle": "wynn/weaponskins/dagger/inflatable_dagger_texture",
    "texture": "wynn/weaponskins/dagger/inflatable_dagger_texture"
},
"elements": [ 
{
    "from": [ 1.5, 6, 7.25 ],
    "to": [ 14.625, 8, 8.75 ],
    "faces": {
        "down":  { "uv": [ 0.375, 4, 13.625, 4.5 ], "texture": "#texture" },
        "up":    { "uv": [ 0, 0, 13.25, 0.875 ], "texture": "#texture" },
        "north": { "uv": [ 0, 0, 12.5, 1.875 ], "texture": "#texture" },
        "south": { "uv": [ 0, 0, 12.5, 1.875 ], "texture": "#texture" },
        "west":  { "uv": [ 0, 0, 1.625, 1.875 ], "texture": "#texture" },
        "east":  { "uv": [ 0, 0, 1.625, 1.875 ], "texture": "#texture" }
    }
},
{
    "from": [ 1.25, 6.25, 7.125 ],
    "to": [ 14.5, 7.75, 8.875 ],
    "faces": {
        "down":  { "uv": [ 1, 4.875, 13.375, 5.75 ], "texture": "#texture" },
        "up":    { "uv": [ 0.25, 0, 13.5, 0 ], "texture": "#texture" },
        "north": { "uv": [ 0, 0, 12.625, 1.75 ], "texture": "#texture" },
        "south": { "uv": [ 0, 0, 12.625, 1.75 ], "texture": "#texture" },
        "west":  { "uv": [ 0, 0, 1.625, 1.75 ], "texture": "#texture" },
        "east":  { "uv": [ 0, 0, 1.625, 1.75 ], "texture": "#texture" }
    }
},
{
    "from": [ 1.75, 5.75, 7.375 ],
    "to": [ 14.1875, 8.25, 8.625 ],
    "faces": {
        "down":  { "uv": [ 0.25, 4.375, 13.375, 4.875 ], "texture": "#texture" },
        "up":    { "uv": [ 0, 0, 13.125, 0.375 ], "texture": "#texture" },
        "north": { "uv": [ 0, 0, 13.125, 1.75 ], "texture": "#texture" },
        "south": { "uv": [ 0, 0, 13.125, 1.75 ], "texture": "#texture" },
        "west":  { "uv": [ 0, 0, 1.625, 1.75 ], "texture": "#texture" },
        "east":  { "uv": [ 0, 0, 1.625, 1.75 ], "texture": "#texture" }
    }
},
{
    "from": [ 2, 5.5625, 7.625 ],
    "to": [ 13.4375, 8.375, 8.375 ],
    "faces": {
        "down":  { "uv": [ 0.25, 4.375, 13.375, 4.875 ], "texture": "#texture" },
        "up":    { "uv": [ 0, 0, 13.125, 0.375 ], "texture": "#texture" },
        "north": { "uv": [ 0, 0, 13.125, 1.75 ], "texture": "#texture" },
        "south": { "uv": [ 0, 0, 13.125, 1.75 ], "texture": "#texture" },
        "west":  { "uv": [ 0, 0, 1.625, 1.75 ], "texture": "#texture" },
        "east":  { "uv": [ 0, 0, 1.625, 1.75 ], "texture": "#texture" }
    }
},
{
    "from": [ 14.5, 6.5, 7.5 ],
    "to": [ 19.875, 7.5, 8.5 ],
    "faces": {
        "down":  { "uv": [ 0.875, 1.5, 12.375, 1.875 ], "texture": "#texture" },
        "up":    { "uv": [ 0, 0, 13.25, 0.75 ], "texture": "#texture" },
        "north": { "uv": [ 15.125, 0, 5.375, 1.625 ], "texture": "#texture" },
        "south": { "uv": [ 5.375, 0, 15.125, 1.625 ], "texture": "#texture" },
        "west":  { "uv": [ 0.25, 0, 1.875, 1.75 ], "texture": "#texture" },
        "east":  { "uv": [ 0, 0, 1.5, 1.625 ], "texture": "#texture" }
    }
},
{
    "from": [ 14.5, 6.375, 7.625 ],
    "to": [ 19.75, 7.625, 8.375 ],
    "faces": {
        "down":  { "uv": [ 0.5, 1.375, 13.875, 1.875 ], "texture": "#texture" },
        "up":    { "uv": [ 0, 0, 13.125, 1 ], "texture": "#texture" },
        "north": { "uv": [ 13.125, 0, 0, 1.75 ], "texture": "#texture" },
        "south": { "uv": [ 13.875, 0, 0.75, 1.75 ], "texture": "#texture" },
        "west":  { "uv": [ 0, 0, 1.625, 1.75 ], "texture": "#texture" },
        "east":  { "uv": [ 0, 0, 1.625, 1.75 ], "texture": "#texture" }
    }
},
{
    "from": [ 14, 6.25, 7.375 ],
    "to": [ 14.75, 7.75, 8.625 ],
    "faces": {
        "down":  { "uv": [ 1, 4.875, 13.375, 5.75 ], "texture": "#texture" },
        "up":    { "uv": [ 0.25, 0, 13.5, 0 ], "texture": "#texture" },
        "north": { "uv": [ 0, 0, 12.625, 1.75 ], "texture": "#texture" },
        "south": { "uv": [ 0, 0, 12.625, 1.75 ], "texture": "#texture" },
        "west":  { "uv": [ 0, 0, 1.625, 1.75 ], "texture": "#texture" },
        "east":  { "uv": [ 0, 0, 1.625, 1.75 ], "texture": "#texture" }
    }
},
{
    "from": [ 19.875, 6.875, 7.625 ],
    "to": [ 20.8125, 9.375, 8.375 ],
    "rotation": { "origin": [ 19.875, 9.375, 7.625 ], "axis": "z", "angle": -22.5 },
    "faces": {
        "down":  { "uv": [ 0, 0, 13.125, 0.625 ], "texture": "#texture" },
        "up":    { "uv": [ 0, 0, 13.125, 0.625 ], "texture": "#texture" },
        "north": { "uv": [ 0, 0, 13.25, 0.375 ], "texture": "#texture" },
        "south": { "uv": [ 0, 0, 13.25, 0.375 ], "texture": "#texture" },
        "west":  { "uv": [ 0, 0, 1.625, 0.25 ], "texture": "#texture" },
        "east":  { "uv": [ 0, 0, 1.625, 0.25 ], "texture": "#texture" }
    }
},
{
    "from": [ 19.75, 6.75, 7.5 ],
    "to": [ 20.8125, 9.25, 8.5 ],
    "rotation": { "origin": [ 19.75, 9.25, 7.5 ], "axis": "z", "angle": -22.5 },
    "faces": {
        "down":  { "uv": [ 0, 0, 13.125, 0.625 ], "texture": "#texture" },
        "up":    { "uv": [ 0, 0, 13.125, 0.625 ], "texture": "#texture" },
        "north": { "uv": [ 0, 0, 13.25, 0.375 ], "texture": "#texture" },
        "south": { "uv": [ 0, 0, 13.25, 0.375 ], "texture": "#texture" },
        "west":  { "uv": [ 0, 0, 1.625, 0.25 ], "texture": "#texture" },
        "east":  { "uv": [ 0, 0, 1.625, 0.25 ], "texture": "#texture" }
    }
},
{
    "from": [ 19.3125, 6.875, 7.625 ],
    "to": [ 20, 8.25, 8.375 ],
    "rotation": { "origin": [ 19.3125, 8.25, 7.625 ], "axis": "z", "angle": -45 },
    "faces": {
        "down":  { "uv": [ 0.75, 0.375, 13.875, 1 ], "texture": "#texture" },
        "up":    { "uv": [ 0.75, 0.375, 13.875, 1 ], "texture": "#texture" },
        "north": { "uv": [ 0.875, 0.375, 14.125, 0.75 ], "texture": "#texture" },
        "south": { "uv": [ 0.875, 0.375, 14.125, 0.75 ], "texture": "#texture" },
        "west":  { "uv": [ 0.375, 0.25, 2, 0.5 ], "texture": "#texture" },
        "east":  { "uv": [ 0.375, 0.25, 2, 0.5 ], "texture": "#texture" }
    }
},
{
    "from": [ 19.5625, 7.6875, 7.625 ],
    "to": [ 20.25, 9.0625, 8.375 ],
    "rotation": { "origin": [ 19.5625, 9.0625, 7.625 ], "axis": "z", "angle": -22.5 },
    "faces": {
        "down":  { "uv": [ 0, 0, 13.375, 0.625 ], "texture": "#texture" },
        "up":    { "uv": [ 0, 0, 13.375, 0.625 ], "texture": "#texture" },
        "north": { "uv": [ 0, 0, 13.125, 0.75 ], "texture": "#texture" },
        "south": { "uv": [ 0, 0, 13.125, 0.75 ], "texture": "#texture" },
        "west":  { "uv": [ 0, 0, 1.375, 0.625 ], "texture": "#texture" },
        "east":  { "uv": [ 0, 0, 1.375, 0.625 ], "texture": "#texture" }
    }
},
{
    "from": [ 18.8125, 4.5, 7.5 ],
    "to": [ 19.875, 7, 8.5 ],
    "rotation": { "origin": [ 18.8125, 7, 7.5 ], "axis": "z", "angle": 22.5 },
    "faces": {
        "down":  { "uv": [ 0.125, 1.375, 13.25, 1.875 ], "texture": "#texture" },
        "up":    { "uv": [ 0.125, 1.375, 13.25, 1.875 ], "texture": "#texture" },
        "north": { "uv": [ 10.5, 11.25, 8.5, 14.625 ], "texture": "#texture" },
        "south": { "uv": [ 8.5, 11.25, 10.5, 14.625 ], "texture": "#texture" },
        "west":  { "uv": [ 8.5, 13.5, 9.375, 14.875 ], "texture": "#texture" },
        "east":  { "uv": [ 11.375, 11, 13, 12.75 ], "texture": "#texture" }
    }
},
{
    "from": [ 18.9375, 4.375, 7.625 ],
    "to": [ 19.875, 6.875, 8.375 ],
    "rotation": { "origin": [ 18.9375, 6.875, 7.625 ], "axis": "z", "angle": 22.5 },
    "faces": {
        "down":  { "uv": [ 0.125, 1.5, 13.375, 1.875 ], "texture": "#texture" },
        "up":    { "uv": [ 0.125, 1.5, 13.375, 1.875 ], "texture": "#texture" },
        "north": { "uv": [ 0, 0, 13.125, 1.75 ], "texture": "#texture" },
        "south": { "uv": [ 0, 0, 13.125, 1.75 ], "texture": "#texture" },
        "west":  { "uv": [ 0, 0, 1.625, 1.75 ], "texture": "#texture" },
        "east":  { "uv": [ 0, 0, 1.625, 1.75 ], "texture": "#texture" }
    }
},
{
    "from": [ 19.0625, 4.6875, 7.625 ],
    "to": [ 19.75, 6.0625, 8.375 ],
    "rotation": { "origin": [ 19.0625, 6.0625, 7.625 ], "axis": "z", "angle": 22.5 },
    "faces": {
        "down":  { "uv": [ 0.75, 1.375, 14.125, 1.75 ], "texture": "#texture" },
        "up":    { "uv": [ 0.75, 1.375, 14.125, 1.75 ], "texture": "#texture" },
        "north": { "uv": [ 0.25, 1.5, 13.5, 1.75 ], "texture": "#texture" },
        "south": { "uv": [ 0.25, 1.5, 13.5, 1.75 ], "texture": "#texture" },
        "west":  { "uv": [ 0.625, 1.375, 2.125, 2 ], "texture": "#texture" },
        "east":  { "uv": [ 0.625, 1.375, 2.125, 2 ], "texture": "#texture" }
    }
},
{
    "from": [ 18.375, 5.25, 7.625 ],
    "to": [ 19.0625, 6.625, 8.375 ],
    "rotation": { "origin": [ 18.375, 6.625, 7.625 ], "axis": "z", "angle": 45 },
    "faces": {
        "down":  { "uv": [ 1.875, 1.5, 3, 1.875 ], "texture": "#texture" },
        "up":    { "uv": [ 1.375, 1.375, 2.5, 1.75 ], "texture": "#texture" },
        "north": { "uv": [ 1.25, 1.375, 4.625, 1.75 ], "texture": "#texture" },
        "south": { "uv": [ 1.25, 1.375, 2.5, 1.875 ], "texture": "#texture" },
        "west":  { "uv": [ 0.875, 1.5, 6.75, 1.75 ], "texture": "#texture" },
        "east":  { "uv": [ 0.875, 1.5, 6.75, 1.75 ], "texture": "#texture" }
    }
},
{
    "from": [ 2.875, 6.5, 6.625 ],
    "to": [ 3.875, 7.5, 9.375 ],
    "faces": {
        "down":  { "uv": [ 0.125, 14, 0.5, 14.5 ], "texture": "#texture" },
        "up":    { "uv": [ 0.125, 14, 0.5, 14.5 ], "texture": "#texture" },
        "north": { "uv": [ 0.25, 14.125, 0.75, 14.5 ], "texture": "#texture" },
        "south": { "uv": [ 0.25, 14.125, 0.75, 14.5 ], "texture": "#texture" },
        "west":  { "uv": [ 0.25, 14.125, 0.75, 14.625 ], "texture": "#texture" },
        "east":  { "uv": [ 0.25, 14.125, 0.75, 14.625 ], "texture": "#texture" }
    }
},
{
    "from": [ 2.625, 6.625, 6.75 ],
    "to": [ 4.125, 7.375, 9.25 ],
    "faces": {
        "down":  { "uv": [ 0.125, 14, 0.5, 14.5 ], "texture": "#texture" },
        "up":    { "uv": [ 0.125, 14, 0.5, 14.5 ], "texture": "#texture" },
        "north": { "uv": [ 0.25, 14.125, 0.75, 14.5 ], "texture": "#texture" },
        "south": { "uv": [ 0.25, 14.125, 0.75, 14.5 ], "texture": "#texture" },
        "west":  { "uv": [ 0.25, 14.125, 0.75, 14.625 ], "texture": "#texture" },
        "east":  { "uv": [ 0.25, 14.125, 0.75, 14.625 ], "texture": "#texture" }
    }
},
{
    "from": [ 3, 6.625, 6.5 ],
    "to": [ 3.75, 7.375, 9.5 ],
    "faces": {
        "down":  { "uv": [ 0.25, 14.125, 0.625, 14.625 ], "texture": "#texture" },
        "up":    { "uv": [ 0.25, 14.125, 0.625, 14.625 ], "texture": "#texture" },
        "north": { "uv": [ 0.75, 14.375, 1.625, 15.25 ], "texture": "#texture" },
        "south": { "uv": [ 0.75, 14.375, 1.625, 15.25 ], "texture": "#texture" },
        "west":  { "uv": [ 0.625, 14.125, 1, 14.25 ], "texture": "#texture" },
        "east":  { "uv": [ 0.625, 14.125, 1, 14.25 ], "texture": "#texture" }
    }
}
],
"display": {
    "thirdperson_righthand": {
        "rotation": [ 180, -90, 92 ],
        "translation": [ 0, 16.44, 3.97 ],
        "scale": [ 2.1, 2.4, 2.1 ]
    },
    "firstperson_righthand": {
        "rotation": [ 21, -85, -51 ],
        "translation": [ 7.18, 6.24, -8.31 ],
        "scale": [ 2.02, 3.06, 2.49 ]
    }
}
}