{
"__comment": "Designed by FirecatHD",
"textures": {
    "particle": "wynn/weaponskins/bow/steampunk_bow_texture",
    "texture": "wynn/weaponskins/bow/steampunk_bow_texture",
    "rainbow_dagger_animation_texture": "wynn/weaponskins/dagger/rainbow_dagger_animation_texture"
},
"elements": [ 
{
    "from": [ 1, 6.01, 8 ],
    "to": [ 16, 9.01, 8.5 ],
    "faces": {
        "down":  { "uv": [ 0, 2.4375, 0.625, 14.375 ], "rotation": 270, "texture": "#rainbow_dagger_animation_texture" },
        "up":    { "uv": [ 0, 2.4375, 0.625, 14.375 ], "rotation": 270, "texture": "#rainbow_dagger_animation_texture" },
        "north": { "uv": [ 0, 2.5, 1.875, 14.4375 ], "rotation": 90, "texture": "#rainbow_dagger_animation_texture" },
        "south": { "uv": [ 0, 2.5, 1.875, 14.4375 ], "rotation": 270, "texture": "#rainbow_dagger_animation_texture" },
        "west":  { "uv": [ 0, 3.625, 3.5, 4.3125 ], "rotation": 180, "texture": "#rainbow_dagger_animation_texture" },
        "east":  { "uv": [ 0, 3.625, 3.5, 4.3125 ], "texture": "#rainbow_dagger_animation_texture" }
    }
},
{
    "from": [ -0.6875, 6.8125, 8 ],
    "to": [ 1, 8.25, 8.5 ],
    "faces": {
        "down":  { "uv": [ 0, 1.1875, 1.5, 1.6875 ], "texture": "#rainbow_dagger_animation_texture" },
        "up":    { "uv": [ 0, 1.1875, 1.5, 1.6875 ], "texture": "#rainbow_dagger_animation_texture" },
        "north": { "uv": [ 0, 0.8125, 1.8125, 1.8125 ], "rotation": 90, "texture": "#rainbow_dagger_animation_texture" },
        "south": { "uv": [ 0, 0.8125, 1.8125, 1.8125 ], "rotation": 270, "texture": "#rainbow_dagger_animation_texture" },
        "west":  { "uv": [ 0, 1.1875, 0.625, 1.6875 ], "texture": "#rainbow_dagger_animation_texture" },
        "east":  { "uv": [ 0, 1.1875, 0.625, 1.6875 ], "texture": "#rainbow_dagger_animation_texture" }
    }
},
{
    "from": [ -1.5, 7.115, 8 ],
    "to": [ 1.5, 7.865, 8.5 ],
    "rotation": { "origin": [ -1.5, 7.865, 8 ], "axis": "z", "angle": -22.5 },
    "faces": {
        "down":  { "uv": [ 0.0625, 0.5625, 1.5625, 1.625 ], "rotation": 270, "texture": "#rainbow_dagger_animation_texture" },
        "up":    { "uv": [ 0.0625, 0.5625, 1.5625, 1.625 ], "rotation": 270, "texture": "#rainbow_dagger_animation_texture" },
        "north": { "uv": [ 0.125, 0.0625, 1.9375, 1.8125 ], "rotation": 90, "texture": "#rainbow_dagger_animation_texture" },
        "south": { "uv": [ 0.125, 0.125, 1.9375, 1.875 ], "rotation": 270, "texture": "#rainbow_dagger_animation_texture" },
        "west":  { "uv": [ 0.125, 0.25, 1.5625, 1.5625 ], "texture": "#rainbow_dagger_animation_texture" },
        "east":  { "uv": [ 0.125, 0.25, 1.5625, 1.5625 ], "texture": "#rainbow_dagger_animation_texture" }
    }
},
{
    "from": [ -1.75, 7.125, 8 ],
    "to": [ 1.25, 7.875, 8.5 ],
    "rotation": { "origin": [ -1.75, 7.875, 8 ], "axis": "z", "angle": 22.5 },
    "faces": {
        "down":  { "uv": [ 0.0625, 0.5625, 1.5625, 1.625 ], "texture": "#rainbow_dagger_animation_texture" },
        "up":    { "uv": [ 0.0625, 0.5625, 1.5625, 1.625 ], "rotation": 270, "texture": "#rainbow_dagger_animation_texture" },
        "north": { "uv": [ 0.125, 0.0625, 1.9375, 1.8125 ], "rotation": 90, "texture": "#rainbow_dagger_animation_texture" },
        "south": { "uv": [ 0.125, 0.125, 1.9375, 1.875 ], "rotation": 270, "texture": "#rainbow_dagger_animation_texture" },
        "west":  { "uv": [ 0.125, 0.25, 1.5625, 1.5625 ], "texture": "#rainbow_dagger_animation_texture" },
        "east":  { "uv": [ 0.125, 0.25, 1.5625, 1.5625 ], "texture": "#rainbow_dagger_animation_texture" }
    }
},
{
    "from": [ -2.125, 7, 8 ],
    "to": [ -1.5625, 7.5, 8.5 ],
    "rotation": { "origin": [ -2.125, 7.5, 8 ], "axis": "z", "angle": 45 },
    "faces": {
        "down":  { "uv": [ 0.125, 0.0625, 1.4375, 0.25 ], "texture": "#rainbow_dagger_animation_texture" },
        "up":    { "uv": [ 0.125, 0.0625, 1.4375, 0.25 ], "rotation": 90, "texture": "#rainbow_dagger_animation_texture" },
        "north": { "uv": [ 0.0625, 0.0625, 1.25, 0.3125 ], "rotation": 90, "texture": "#rainbow_dagger_animation_texture" },
        "south": { "uv": [ 0.0625, 0.0625, 1.25, 0.3125 ], "texture": "#rainbow_dagger_animation_texture" },
        "west":  { "uv": [ 0.125, 0.125, 1, 0.3125 ], "rotation": 90, "texture": "#rainbow_dagger_animation_texture" },
        "east":  { "uv": [ 0.125, 0.125, 1, 0.3125 ], "texture": "#rainbow_dagger_animation_texture" }
    }
},
{
    "from": [ 14, 6.25, 7.8125 ],
    "to": [ 14.625, 9.125, 8.6875 ],
    "rotation": { "origin": [ 14, 9.125, 7.8125 ], "axis": "z", "angle": 45 },
    "faces": {
        "down":  { "uv": [ 4.9375, 0.25, 7.0625, 2.0625 ], "texture": "#texture" },
        "up":    { "uv": [ 4.9375, 0.25, 7.0625, 2.0625 ], "texture": "#texture" },
        "north": { "uv": [ 8.0625, 0.4375, 11.625, 2.3125 ], "texture": "#texture" },
        "south": { "uv": [ 8.0625, 0.4375, 11.625, 2.3125 ], "texture": "#texture" },
        "west":  { "uv": [ 3.1875, 0.1875, 5.875, 2.375 ], "texture": "#texture" },
        "east":  { "uv": [ 3.1875, 0.1875, 5.875, 2.375 ], "texture": "#texture" }
    }
},
{
    "from": [ 23.625, 6.375, 7.8125 ],
    "to": [ 24.75, 7.5, 8.6875 ],
    "rotation": { "origin": [ 23.625, 7.5, 7.8125 ], "axis": "z", "angle": 45 },
    "faces": {
        "down":  { "uv": [ 4.9375, 0.25, 7.0625, 2.0625 ], "texture": "#texture" },
        "up":    { "uv": [ 4.9375, 0.25, 7.0625, 2.0625 ], "texture": "#texture" },
        "north": { "uv": [ 8.0625, 0.4375, 11.625, 2.3125 ], "texture": "#texture" },
        "south": { "uv": [ 8.0625, 0.4375, 11.625, 2.3125 ], "texture": "#texture" },
        "west":  { "uv": [ 3.1875, 0.1875, 5.875, 2.375 ], "texture": "#texture" },
        "east":  { "uv": [ 3.1875, 0.1875, 5.875, 2.375 ], "texture": "#texture" }
    }
},
{
    "from": [ 14.625, 7.125, 7.875 ],
    "to": [ 23.75, 7.875, 8.625 ],
    "faces": {
        "down":  { "uv": [ 3.0625, 9.3125, 14.625, 10.5625 ], "texture": "#texture" },
        "up":    { "uv": [ 3.0625, 9.3125, 14.625, 10.5625 ], "texture": "#texture" },
        "north": { "uv": [ 4.375, 9.0625, 14.3125, 10 ], "texture": "#texture" },
        "south": { "uv": [ 4.375, 9.0625, 14.3125, 10 ], "texture": "#texture" },
        "west":  { "uv": [ 0.9375, 9.375, 2.25, 10.4375 ], "texture": "#texture" },
        "east":  { "uv": [ 0.9375, 9.375, 2.25, 10.4375 ], "texture": "#texture" }
    }
},
{
    "from": [ 16, 8.0625, 8 ],
    "to": [ 17.8125, 9, 8.5 ],
    "rotation": { "origin": [ 16, 9, 8 ], "axis": "z", "angle": -45 },
    "faces": {
        "down":  { "uv": [ 1.5, 16, 0, 15.5 ], "texture": "#rainbow_dagger_animation_texture" },
        "up":    { "uv": [ 1.5, 16, 0, 15.5 ], "texture": "#rainbow_dagger_animation_texture" },
        "north": { "uv": [ 0, 13.3125, 2.1875, 16 ], "rotation": 90, "texture": "#rainbow_dagger_animation_texture" },
        "south": { "uv": [ 0, 13.3125, 2.1875, 16 ], "rotation": 90, "texture": "#rainbow_dagger_animation_texture" },
        "west":  { "uv": [ 0.125, 14.625, 0.625, 15.875 ], "texture": "#rainbow_dagger_animation_texture" },
        "east":  { "uv": [ 0.125, 14.625, 0.625, 15.875 ], "texture": "#rainbow_dagger_animation_texture" }
    }
},
{
    "from": [ 15.35, 5.75, 8 ],
    "to": [ 17.1625, 6.6875, 8.5 ],
    "rotation": { "origin": [ 15.35, 6.6875, 8 ], "axis": "z", "angle": 45 },
    "faces": {
        "down":  { "uv": [ 1.5, 16, 0, 15.5 ], "texture": "#rainbow_dagger_animation_texture" },
        "up":    { "uv": [ 1.5, 16, 0, 15.5 ], "texture": "#rainbow_dagger_animation_texture" },
        "north": { "uv": [ 0, 13.3125, 2.1875, 16 ], "rotation": 90, "texture": "#rainbow_dagger_animation_texture" },
        "south": { "uv": [ 0, 13.3125, 2.1875, 16 ], "rotation": 90, "texture": "#rainbow_dagger_animation_texture" },
        "west":  { "uv": [ 0.125, 14.625, 0.625, 15.875 ], "texture": "#rainbow_dagger_animation_texture" },
        "east":  { "uv": [ 0.125, 14.625, 0.625, 15.875 ], "texture": "#rainbow_dagger_animation_texture" }
    }
},
{
    "from": [ 16, 5.0625, 7.8125 ],
    "to": [ 16.625, 7.9375, 8.6875 ],
    "rotation": { "origin": [ 16, 7.9375, 7.8125 ], "axis": "z", "angle": -45 },
    "faces": {
        "down":  { "uv": [ 4.9375, 0.25, 7.0625, 2.0625 ], "texture": "#texture" },
        "up":    { "uv": [ 4.9375, 0.25, 7.0625, 2.0625 ], "texture": "#texture" },
        "north": { "uv": [ 8.0625, 0.4375, 11.625, 2.3125 ], "texture": "#texture" },
        "south": { "uv": [ 8.0625, 0.4375, 11.625, 2.3125 ], "texture": "#texture" },
        "west":  { "uv": [ 3.1875, 0.1875, 5.875, 2.375 ], "texture": "#texture" },
        "east":  { "uv": [ 3.1875, 0.1875, 5.875, 2.375 ], "texture": "#texture" }
    }
},
{
    "from": [ 15.75, 6.25, 7.8125 ],
    "to": [ 16.375, 9.125, 8.6875 ],
    "rotation": { "origin": [ 15.75, 9.125, 7.8125 ], "axis": "z", "angle": 45 },
    "faces": {
        "down":  { "uv": [ 4.9375, 0.25, 7.0625, 2.0625 ], "texture": "#texture" },
        "up":    { "uv": [ 4.9375, 0.25, 7.0625, 2.0625 ], "texture": "#texture" },
        "north": { "uv": [ 8.0625, 0.4375, 11.625, 2.3125 ], "texture": "#texture" },
        "south": { "uv": [ 8.0625, 0.4375, 11.625, 2.3125 ], "texture": "#texture" },
        "west":  { "uv": [ 3.1875, 0.1875, 5.875, 2.375 ], "texture": "#texture" },
        "east":  { "uv": [ 3.1875, 0.1875, 5.875, 2.375 ], "texture": "#texture" }
    }
},
{
    "from": [ 17.75, 5.0625, 7.8125 ],
    "to": [ 18.375, 7.9375, 8.6875 ],
    "rotation": { "origin": [ 17.75, 7.9375, 7.8125 ], "axis": "z", "angle": -45 },
    "faces": {
        "down":  { "uv": [ 4.9375, 0.25, 7.0625, 2.0625 ], "texture": "#texture" },
        "up":    { "uv": [ 4.9375, 0.25, 7.0625, 2.0625 ], "texture": "#texture" },
        "north": { "uv": [ 8.0625, 0.4375, 11.625, 2.3125 ], "texture": "#texture" },
        "south": { "uv": [ 8.0625, 0.4375, 11.625, 2.3125 ], "texture": "#texture" },
        "west":  { "uv": [ 3.1875, 0.1875, 5.875, 2.375 ], "texture": "#texture" },
        "east":  { "uv": [ 3.1875, 0.1875, 5.875, 2.375 ], "texture": "#texture" }
    }
},
{
    "from": [ 17.75, 7.3125, 7.8125 ],
    "to": [ 18.625, 7.9375, 8.6875 ],
    "rotation": { "origin": [ 17.75, 7.9375, 7.8125 ], "axis": "z", "angle": 45 },
    "faces": {
        "down":  { "uv": [ 4.9375, 0.25, 7.0625, 2.0625 ], "texture": "#texture" },
        "up":    { "uv": [ 4.9375, 0.25, 7.0625, 2.0625 ], "texture": "#texture" },
        "north": { "uv": [ 8.0625, 0.4375, 11.625, 2.3125 ], "texture": "#texture" },
        "south": { "uv": [ 8.0625, 0.4375, 11.625, 2.3125 ], "texture": "#texture" },
        "west":  { "uv": [ 3.1875, 0.1875, 5.875, 2.375 ], "texture": "#texture" },
        "east":  { "uv": [ 3.1875, 0.1875, 5.875, 2.375 ], "texture": "#texture" }
    }
},
{
    "from": [ 18.6875, 8.375, 7.9375 ],
    "to": [ 19.125, 8.875, 8.5625 ],
    "rotation": { "origin": [ 18.6875, 8.875, 7.9375 ], "axis": "z", "angle": 45 },
    "faces": {
        "down":  { "uv": [ 4.9375, 0.25, 7.0625, 2.0625 ], "texture": "#texture" },
        "up":    { "uv": [ 4.9375, 0.25, 7.0625, 2.0625 ], "texture": "#texture" },
        "north": { "uv": [ 8.0625, 0.4375, 11.625, 2.3125 ], "texture": "#texture" },
        "south": { "uv": [ 8.0625, 0.4375, 11.625, 2.3125 ], "texture": "#texture" },
        "west":  { "uv": [ 3.1875, 0.1875, 5.875, 2.375 ], "texture": "#texture" },
        "east":  { "uv": [ 3.1875, 0.1875, 5.875, 2.375 ], "texture": "#texture" }
    }
},
{
    "from": [ 19, 8.75, 8 ],
    "to": [ 19.25, 9.1875, 8.5 ],
    "rotation": { "origin": [ 19, 9.1875, 8 ], "axis": "z", "angle": 45 },
    "faces": {
        "down":  { "uv": [ 4.9375, 0.25, 7.0625, 2.0625 ], "texture": "#texture" },
        "up":    { "uv": [ 4.9375, 0.25, 7.0625, 2.0625 ], "texture": "#texture" },
        "north": { "uv": [ 8.0625, 0.4375, 11.625, 2.3125 ], "texture": "#texture" },
        "south": { "uv": [ 8.0625, 0.4375, 11.625, 2.3125 ], "texture": "#texture" },
        "west":  { "uv": [ 3.1875, 0.1875, 5.875, 2.375 ], "texture": "#texture" },
        "east":  { "uv": [ 3.1875, 0.1875, 5.875, 2.375 ], "texture": "#texture" }
    }
},
{
    "from": [ 18.3125, 7.9375, 7.875 ],
    "to": [ 18.875, 8.5, 8.625 ],
    "rotation": { "origin": [ 18.3125, 8.5, 7.875 ], "axis": "z", "angle": 45 },
    "faces": {
        "down":  { "uv": [ 4.9375, 0.25, 7.0625, 2.0625 ], "texture": "#texture" },
        "up":    { "uv": [ 4.9375, 0.25, 7.0625, 2.0625 ], "texture": "#texture" },
        "north": { "uv": [ 8.0625, 0.4375, 11.625, 2.3125 ], "texture": "#texture" },
        "south": { "uv": [ 8.0625, 0.4375, 11.625, 2.3125 ], "texture": "#texture" },
        "west":  { "uv": [ 3.1875, 0.1875, 5.875, 2.375 ], "texture": "#texture" },
        "east":  { "uv": [ 3.1875, 0.1875, 5.875, 2.375 ], "texture": "#texture" }
    }
},
{
    "from": [ 19.125, 8.9375, 8.0625 ],
    "to": [ 19.4375, 9.25, 8.4375 ],
    "rotation": { "origin": [ 19.125, 9.25, 8.0625 ], "axis": "z", "angle": 45 },
    "faces": {
        "down":  { "uv": [ 4.9375, 0.25, 7.0625, 2.0625 ], "texture": "#texture" },
        "up":    { "uv": [ 4.9375, 0.25, 7.0625, 2.0625 ], "texture": "#texture" },
        "north": { "uv": [ 8.0625, 0.4375, 11.625, 2.3125 ], "texture": "#texture" },
        "south": { "uv": [ 8.0625, 0.4375, 11.625, 2.3125 ], "texture": "#texture" },
        "west":  { "uv": [ 3.1875, 0.1875, 5.875, 2.375 ], "texture": "#texture" },
        "east":  { "uv": [ 3.1875, 0.1875, 5.875, 2.375 ], "texture": "#texture" }
    }
},
{
    "from": [ 22.75, 5.375, 7.8125 ],
    "to": [ 24.3125, 6.1875, 8.6875 ],
    "rotation": { "origin": [ 22.75, 6.1875, 7.8125 ], "axis": "z", "angle": 45 },
    "faces": {
        "down":  { "uv": [ 4.9375, 0.25, 7.0625, 2.0625 ], "texture": "#texture" },
        "up":    { "uv": [ 4.9375, 0.25, 7.0625, 2.0625 ], "texture": "#texture" },
        "north": { "uv": [ 8.0625, 0.4375, 11.625, 2.3125 ], "texture": "#texture" },
        "south": { "uv": [ 8.0625, 0.4375, 11.625, 2.3125 ], "texture": "#texture" },
        "west":  { "uv": [ 3.1875, 0.1875, 5.875, 2.375 ], "texture": "#texture" },
        "east":  { "uv": [ 3.1875, 0.1875, 5.875, 2.375 ], "texture": "#texture" }
    }
},
{
    "from": [ 23.6875, 6.625, 7.8125 ],
    "to": [ 24.125, 7.4375, 8.6875 ],
    "rotation": { "origin": [ 23.6875, 7.4375, 7.8125 ], "axis": "z", "angle": -22.5 },
    "faces": {
        "down":  { "uv": [ 4.9375, 0.25, 7.0625, 2.0625 ], "texture": "#texture" },
        "up":    { "uv": [ 4.9375, 0.25, 7.0625, 2.0625 ], "texture": "#texture" },
        "north": { "uv": [ 8.0625, 0.4375, 11.625, 2.3125 ], "texture": "#texture" },
        "south": { "uv": [ 8.0625, 0.4375, 11.625, 2.3125 ], "texture": "#texture" },
        "west":  { "uv": [ 3.1875, 0.1875, 5.875, 2.375 ], "texture": "#texture" },
        "east":  { "uv": [ 3.1875, 0.1875, 5.875, 2.375 ], "texture": "#texture" }
    }
},
{
    "from": [ 23.625, 7.25, 7.8125 ],
    "to": [ 24.0625, 7.75, 8.6875 ],
    "faces": {
        "down":  { "uv": [ 4.9375, 0.25, 7.0625, 2.0625 ], "texture": "#texture" },
        "up":    { "uv": [ 4.9375, 0.25, 7.0625, 2.0625 ], "texture": "#texture" },
        "north": { "uv": [ 8.0625, 0.4375, 11.625, 2.3125 ], "texture": "#texture" },
        "south": { "uv": [ 8.0625, 0.4375, 11.625, 2.3125 ], "texture": "#texture" },
        "west":  { "uv": [ 3.1875, 0.1875, 5.875, 2.375 ], "texture": "#texture" },
        "east":  { "uv": [ 3.1875, 0.1875, 5.875, 2.375 ], "texture": "#texture" }
    }
},
{
    "from": [ 23.3125, 7.5625, 7.8125 ],
    "to": [ 23.9375, 8.4375, 8.6875 ],
    "rotation": { "origin": [ 23.3125, 8.4375, 7.8125 ], "axis": "z", "angle": 22.5 },
    "faces": {
        "down":  { "uv": [ 4.9375, 0.25, 7.0625, 2.0625 ], "texture": "#texture" },
        "up":    { "uv": [ 4.9375, 0.25, 7.0625, 2.0625 ], "texture": "#texture" },
        "north": { "uv": [ 8.0625, 0.4375, 11.625, 2.3125 ], "texture": "#texture" },
        "south": { "uv": [ 8.0625, 0.4375, 11.625, 2.3125 ], "texture": "#texture" },
        "west":  { "uv": [ 3.1875, 0.1875, 5.875, 2.375 ], "texture": "#texture" },
        "east":  { "uv": [ 3.1875, 0.1875, 5.875, 2.375 ], "texture": "#texture" }
    }
},
{
    "from": [ 23.375, 7.5625, 7.8125 ],
    "to": [ 24.0625, 8.375, 8.6875 ],
    "rotation": { "origin": [ 23.375, 8.375, 7.8125 ], "axis": "z", "angle": 45 },
    "faces": {
        "down":  { "uv": [ 4.9375, 0.25, 7.0625, 2.0625 ], "texture": "#texture" },
        "up":    { "uv": [ 4.9375, 0.25, 7.0625, 2.0625 ], "texture": "#texture" },
        "north": { "uv": [ 8.0625, 0.4375, 11.625, 2.3125 ], "texture": "#texture" },
        "south": { "uv": [ 8.0625, 0.4375, 11.625, 2.3125 ], "texture": "#texture" },
        "west":  { "uv": [ 3.1875, 0.1875, 5.875, 2.375 ], "texture": "#texture" },
        "east":  { "uv": [ 3.1875, 0.1875, 5.875, 2.375 ], "texture": "#texture" }
    }
},
{
    "from": [ 23.125, 8.5625, 7.8125 ],
    "to": [ 23.9375, 9.1875, 8.6875 ],
    "rotation": { "origin": [ 23.125, 9.1875, 7.8125 ], "axis": "z", "angle": -22.5 },
    "faces": {
        "down":  { "uv": [ 4.9375, 0.25, 7.0625, 2.0625 ], "texture": "#texture" },
        "up":    { "uv": [ 4.9375, 0.25, 7.0625, 2.0625 ], "texture": "#texture" },
        "north": { "uv": [ 8.0625, 0.4375, 11.625, 2.3125 ], "texture": "#texture" },
        "south": { "uv": [ 8.0625, 0.4375, 11.625, 2.3125 ], "texture": "#texture" },
        "west":  { "uv": [ 3.1875, 0.1875, 5.875, 2.375 ], "texture": "#texture" },
        "east":  { "uv": [ 3.1875, 0.1875, 5.875, 2.375 ], "texture": "#texture" }
    }
},
{
    "from": [ 23.25, 8.5, 7.8125 ],
    "to": [ 24.0625, 8.9375, 8.6875 ],
    "rotation": { "origin": [ 23.25, 8.9375, 7.8125 ], "axis": "z", "angle": -45 },
    "faces": {
        "down":  { "uv": [ 4.9375, 0.25, 7.0625, 2.0625 ], "texture": "#texture" },
        "up":    { "uv": [ 4.9375, 0.25, 7.0625, 2.0625 ], "texture": "#texture" },
        "north": { "uv": [ 8.0625, 0.4375, 11.625, 2.3125 ], "texture": "#texture" },
        "south": { "uv": [ 8.0625, 0.4375, 11.625, 2.3125 ], "texture": "#texture" },
        "west":  { "uv": [ 3.1875, 0.1875, 5.875, 2.375 ], "texture": "#texture" },
        "east":  { "uv": [ 3.1875, 0.1875, 5.875, 2.375 ], "texture": "#texture" }
    }
},
{
    "from": [ 22.6875, 8.8125, 7.875 ],
    "to": [ 23.3125, 9.375, 8.625 ],
    "rotation": { "origin": [ 22.6875, 9.375, 7.875 ], "axis": "z", "angle": -22.5 },
    "faces": {
        "down":  { "uv": [ 4.9375, 0.25, 7.0625, 2.0625 ], "texture": "#texture" },
        "up":    { "uv": [ 4.9375, 0.25, 7.0625, 2.0625 ], "texture": "#texture" },
        "north": { "uv": [ 8.0625, 0.4375, 11.625, 2.3125 ], "texture": "#texture" },
        "south": { "uv": [ 8.0625, 0.4375, 11.625, 2.3125 ], "texture": "#texture" },
        "west":  { "uv": [ 3.1875, 0.1875, 5.875, 2.375 ], "texture": "#texture" },
        "east":  { "uv": [ 3.1875, 0.1875, 5.875, 2.375 ], "texture": "#texture" }
    }
},
{
    "from": [ 22.375, 9, 7.9375 ],
    "to": [ 22.8125, 9.5, 8.5625 ],
    "rotation": { "origin": [ 22.375, 9.5, 7.9375 ], "axis": "z", "angle": -22.5 },
    "faces": {
        "down":  { "uv": [ 4.9375, 0.25, 7.0625, 2.0625 ], "texture": "#texture" },
        "up":    { "uv": [ 4.9375, 0.25, 7.0625, 2.0625 ], "texture": "#texture" },
        "north": { "uv": [ 8.0625, 0.4375, 11.625, 2.3125 ], "texture": "#texture" },
        "south": { "uv": [ 8.0625, 0.4375, 11.625, 2.3125 ], "texture": "#texture" },
        "west":  { "uv": [ 3.1875, 0.1875, 5.875, 2.375 ], "texture": "#texture" },
        "east":  { "uv": [ 3.1875, 0.1875, 5.875, 2.375 ], "texture": "#texture" }
    }
},
{
    "from": [ 22.1875, 9.125, 8 ],
    "to": [ 22.4375, 9.5625, 8.5 ],
    "rotation": { "origin": [ 22.1875, 9.5625, 8 ], "axis": "z", "angle": -22.5 },
    "faces": {
        "down":  { "uv": [ 4.9375, 0.25, 7.0625, 2.0625 ], "texture": "#texture" },
        "up":    { "uv": [ 4.9375, 0.25, 7.0625, 2.0625 ], "texture": "#texture" },
        "north": { "uv": [ 8.0625, 0.4375, 11.625, 2.3125 ], "texture": "#texture" },
        "south": { "uv": [ 8.0625, 0.4375, 11.625, 2.3125 ], "texture": "#texture" },
        "west":  { "uv": [ 3.1875, 0.1875, 5.875, 2.375 ], "texture": "#texture" },
        "east":  { "uv": [ 3.1875, 0.1875, 5.875, 2.375 ], "texture": "#texture" }
    }
}
],
"display": {
    "thirdperson_righthand": {
        "rotation": [ -177, 90, 90 ],
        "translation": [ -0.38, 10.96, 1.51 ],
        "scale": [ 1.01, 1.39, 1.23 ]
    },
    "thirdperson_lefthand": {
        "rotation": [ 0, -90, 90 ],
        "translation": [ -0.57, 10.96, 0.57 ],
        "scale": [ 1.01, 1.39, 1.23 ]
    },
    "head": {
        "rotation": [ 0, 0, 0 ],
        "translation": [ 0, 0, 0 ],
        "scale": [ 1, 1, 1 ]
    },
    "ground": {
        "rotation": [ -34, -30, 0 ],
        "translation": [ 0, 1.89, 0 ],
        "scale": [ 0.66, 0.66, 0.66 ]
    },
    "fixed": {
        "rotation": [ 0, 0, -48 ],
        "translation": [ -1.7, 2.83, -0.94 ],
        "scale": [ 0.88, 0.88, 0.88 ]
    },
    "firstperson_righthand": {
        "rotation": [ -40, 81, -62 ],
        "translation": [ 4.72, 9.07, -6.43 ],
        "scale": [ 0.94, 1.39, 1.01 ]
    },
    "firstperson_lefthand": {
        "rotation": [ -169, -81, -62 ],
        "translation": [ 4.72, 6.05, -6.43 ],
        "scale": [ 0.94, 1.39, 1.01 ]
    },
    "gui": {
        "rotation": [ -30, 156, -129 ],
        "translation": [ -2.27, 1.7, -3.4 ],
        "scale": [ 0.94, 0.94, 0.94 ]
    }
}
}