{
"__comment": "Designed by Kingmarnik with BDcraft Cubik PRO 0.96 Beta - http://bdcraft.net",
"textures": {
    "texture": "blocks/obsidian",
    "Orb": "wynn/weapons/wand/Orb"
},
"elements": [ 
{
    "__comment": "Orb",
    "from": [ 7.5, 5.25, 7.25 ],
    "to": [ 8.5, 6.75, 8.75 ],
    "faces": {
        "down":  { "uv": [ 10, 11, 6, 5 ], "texture": "#Orb" },
        "up":    { "uv": [ 6, 5, 10, 11 ], "texture": "#Orb" },
        "north": { "uv": [ 6, 0, 10, 0 ], "texture": "#Orb" },
        "south": { "uv": [ 6, 0, 10, 0 ], "texture": "#Orb" },
        "west":  { "uv": [ 5, 0, 11, 0 ], "texture": "#Orb" },
        "east":  { "uv": [ 5, 0, 11, 0 ], "texture": "#Orb" }
    }
},
{
    "__comment": "Orb",
    "from": [ 7.5, 5.5, 7 ],
    "to": [ 8.5, 6.5, 7.25 ],
    "faces": {
        "down":  { "uv": [ 10, 5, 6, 4 ], "texture": "#Orb" },
        "up":    { "uv": [ 6, 4, 10, 5 ], "texture": "#Orb" },
        "north": { "uv": [ 6, 0, 10, 0 ], "texture": "#Orb" },
        "south": { "uv": [ 6, 0, 10, 0 ], "texture": "#Orb" },
        "west":  { "uv": [ 4, 0, 5, 0 ], "texture": "#Orb" },
        "east":  { "uv": [ 11, 0, 12, 0 ], "texture": "#Orb" }
    }
},
{
    "__comment": "Orb",
    "from": [ 7, 5.5, 7.5 ],
    "to": [ 7.25, 6.5, 8.5 ],
    "faces": {
        "down":  { "uv": [ 12, 10, 11, 6 ], "texture": "#Orb" },
        "up":    { "uv": [ 4, 6, 5, 10 ], "texture": "#Orb" },
        "north": { "uv": [ 11, 0, 12, 0 ], "texture": "#Orb" },
        "south": { "uv": [ 4, 0, 5, 0 ], "texture": "#Orb" },
        "west":  { "uv": [ 6, 0, 10, 0 ], "texture": "#Orb" },
        "east":  { "uv": [ 6, 0, 10, 0 ], "texture": "#Orb" }
    }
},
{
    "__comment": "Orb",
    "from": [ 7.5, 5.5, 8.75 ],
    "to": [ 8.5, 6.5, 9 ],
    "faces": {
        "down":  { "uv": [ 10, 12, 6, 11 ], "texture": "#Orb" },
        "up":    { "uv": [ 6, 11, 10, 12 ], "texture": "#Orb" },
        "north": { "uv": [ 6, 0, 10, 0 ], "texture": "#Orb" },
        "south": { "uv": [ 6, 0, 10, 0 ], "texture": "#Orb" },
        "west":  { "uv": [ 11, 0, 12, 0 ], "texture": "#Orb" },
        "east":  { "uv": [ 4, 0, 5, 0 ], "texture": "#Orb" }
    }
},
{
    "from": [ 9.25, 6.5, 7.25 ],
    "to": [ 9.5, 8.75, 8.75 ],
    "faces": {
        "down":  { "uv": [ 3, 11, 2, 5 ], "texture": "#texture" },
        "up":    { "uv": [ 13, 5, 14, 11 ], "texture": "#texture" },
        "north": { "uv": [ 2, 0, 3, 0 ], "texture": "#texture" },
        "south": { "uv": [ 13, 0, 14, 0 ], "texture": "#texture" },
        "west":  { "uv": [ 5, 0, 11, 0 ], "texture": "#texture" },
        "east":  { "uv": [ 5, 0, 11, 0 ], "texture": "#texture" }
    }
},
{
    "__comment": "Orb",
    "from": [ 7, 6.5, 7.75 ],
    "to": [ 7.25, 6.75, 8.25 ],
    "faces": {
        "down":  { "uv": [ 12, 9, 11, 7 ], "texture": "#Orb" },
        "up":    { "uv": [ 4, 7, 5, 9 ], "texture": "#Orb" },
        "north": { "uv": [ 11, 0, 12, 0 ], "texture": "#Orb" },
        "south": { "uv": [ 4, 0, 5, 0 ], "texture": "#Orb" },
        "west":  { "uv": [ 7, 0, 9, 0 ], "texture": "#Orb" },
        "east":  { "uv": [ 7, 0, 9, 0 ], "texture": "#Orb" }
    }
},
{
    "__comment": "Orb",
    "from": [ 7.75, 6.5, 8.75 ],
    "to": [ 8.25, 6.75, 9 ],
    "faces": {
        "down":  { "uv": [ 9, 12, 7, 11 ], "texture": "#Orb" },
        "up":    { "uv": [ 7, 11, 9, 12 ], "texture": "#Orb" },
        "north": { "uv": [ 7, 0, 9, 0 ], "texture": "#Orb" },
        "south": { "uv": [ 7, 0, 9, 0 ], "texture": "#Orb" },
        "west":  { "uv": [ 11, 0, 12, 0 ], "texture": "#Orb" },
        "east":  { "uv": [ 4, 0, 5, 0 ], "texture": "#Orb" }
    }
},
{
    "__comment": "Orb",
    "from": [ 7.75, 6.5, 7 ],
    "to": [ 8.25, 6.75, 7.25 ],
    "faces": {
        "down":  { "uv": [ 9, 5, 7, 4 ], "texture": "#Orb" },
        "up":    { "uv": [ 7, 4, 9, 5 ], "texture": "#Orb" },
        "north": { "uv": [ 7, 0, 9, 0 ], "texture": "#Orb" },
        "south": { "uv": [ 7, 0, 9, 0 ], "texture": "#Orb" },
        "west":  { "uv": [ 4, 0, 5, 0 ], "texture": "#Orb" },
        "east":  { "uv": [ 11, 0, 12, 0 ], "texture": "#Orb" }
    }
},
{
    "from": [ 9.25, 8.75, 7.5 ],
    "to": [ 9.5, 10.25, 8.5 ],
    "faces": {
        "down":  { "uv": [ 3, 10, 2, 6 ], "texture": "#texture" },
        "up":    { "uv": [ 13, 6, 14, 10 ], "texture": "#texture" },
        "north": { "uv": [ 2, 0, 3, 0 ], "texture": "#texture" },
        "south": { "uv": [ 13, 0, 14, 0 ], "texture": "#texture" },
        "west":  { "uv": [ 6, 0, 10, 0 ], "texture": "#texture" },
        "east":  { "uv": [ 6, 0, 10, 0 ], "texture": "#texture" }
    }
},
{
    "__comment": "Orb",
    "from": [ 7.75, 6.75, 7.25 ],
    "to": [ 8.5, 7, 7.5 ],
    "faces": {
        "down":  { "uv": [ 9, 6, 6, 5 ], "texture": "#Orb" },
        "up":    { "uv": [ 7, 5, 10, 6 ], "texture": "#Orb" },
        "north": { "uv": [ 6, 0, 9, 0 ], "texture": "#Orb" },
        "south": { "uv": [ 7, 0, 10, 0 ], "texture": "#Orb" },
        "west":  { "uv": [ 5, 0, 6, 0 ], "texture": "#Orb" },
        "east":  { "uv": [ 10, 0, 11, 0 ], "texture": "#Orb" }
    }
},
{
    "__comment": "Orb",
    "from": [ 7.25, 6.75, 7.75 ],
    "to": [ 7.5, 7, 8.25 ],
    "faces": {
        "down":  { "uv": [ 11, 9, 10, 7 ], "texture": "#Orb" },
        "up":    { "uv": [ 5, 7, 6, 9 ], "texture": "#Orb" },
        "north": { "uv": [ 10, 0, 11, 0 ], "texture": "#Orb" },
        "south": { "uv": [ 5, 0, 6, 0 ], "texture": "#Orb" },
        "west":  { "uv": [ 7, 0, 9, 0 ], "texture": "#Orb" },
        "east":  { "uv": [ 7, 0, 9, 0 ], "texture": "#Orb" }
    }
},
{
    "__comment": "Orb",
    "from": [ 7.5, 6.75, 7.5 ],
    "to": [ 8.25, 7, 8.5 ],
    "faces": {
        "down":  { "uv": [ 10, 10, 7, 6 ], "texture": "#Orb" },
        "up":    { "uv": [ 6, 6, 9, 10 ], "texture": "#Orb" },
        "north": { "uv": [ 7, 0, 10, 0 ], "texture": "#Orb" },
        "south": { "uv": [ 6, 0, 9, 0 ], "texture": "#Orb" },
        "west":  { "uv": [ 6, 0, 10, 0 ], "texture": "#Orb" },
        "east":  { "uv": [ 6, 0, 10, 0 ], "texture": "#Orb" }
    }
},
{
    "from": [ 8.5, 7.5, 7.5 ],
    "to": [ 8.75, 7.75, 8.5 ],
    "faces": {
        "down":  { "uv": [ 6, 10, 5, 6 ], "texture": "#texture" },
        "up":    { "uv": [ 10, 6, 11, 10 ], "texture": "#texture" },
        "north": { "uv": [ 5, 0, 6, 0 ], "texture": "#texture" },
        "south": { "uv": [ 10, 0, 11, 0 ], "texture": "#texture" },
        "west":  { "uv": [ 6, 0, 10, 0 ], "texture": "#texture" },
        "east":  { "uv": [ 6, 0, 10, 0 ], "texture": "#texture" }
    }
},
{
    "__comment": "Orb",
    "from": [ 7.75, 6.75, 8.5 ],
    "to": [ 8.5, 7, 8.75 ],
    "faces": {
        "down":  { "uv": [ 9, 11, 6, 10 ], "texture": "#Orb" },
        "up":    { "uv": [ 7, 10, 10, 11 ], "texture": "#Orb" },
        "north": { "uv": [ 6, 0, 9, 0 ], "texture": "#Orb" },
        "south": { "uv": [ 7, 0, 10, 0 ], "texture": "#Orb" },
        "west":  { "uv": [ 10, 0, 11, 0 ], "texture": "#Orb" },
        "east":  { "uv": [ 5, 0, 6, 0 ], "texture": "#Orb" }
    }
},
{
    "__comment": "Orb",
    "from": [ 7.25, 5.25, 7.5 ],
    "to": [ 8.75, 6.75, 8.5 ],
    "faces": {
        "down":  { "uv": [ 11, 10, 5, 6 ], "texture": "#Orb" },
        "up":    { "uv": [ 5, 6, 11, 10 ], "texture": "#Orb" },
        "north": { "uv": [ 5, 0, 11, 0 ], "texture": "#Orb" },
        "south": { "uv": [ 5, 0, 11, 0 ], "texture": "#Orb" },
        "west":  { "uv": [ 6, 0, 10, 0 ], "texture": "#Orb" },
        "east":  { "uv": [ 6, 0, 10, 0 ], "texture": "#Orb" }
    }
},
{
    "__comment": "Orb",
    "from": [ 7.25, 5.5, 7.25 ],
    "to": [ 8.5, 6.5, 8.75 ],
    "faces": {
        "down":  { "uv": [ 11, 11, 6, 5 ], "texture": "#Orb" },
        "up":    { "uv": [ 5, 5, 10, 11 ], "texture": "#Orb" },
        "north": { "uv": [ 6, 0, 11, 0 ], "texture": "#Orb" },
        "south": { "uv": [ 5, 0, 10, 0 ], "texture": "#Orb" },
        "west":  { "uv": [ 5, 0, 11, 0 ], "texture": "#Orb" },
        "east":  { "uv": [ 5, 0, 11, 0 ], "texture": "#Orb" }
    }
},
{
    "from": [ 9, 5.25, 7.75 ],
    "to": [ 9.25, 5.5, 8.25 ],
    "faces": {
        "down":  { "uv": [ 4, 9, 3, 7 ], "texture": "#texture" },
        "up":    { "uv": [ 12, 7, 13, 9 ], "texture": "#texture" },
        "north": { "uv": [ 3, 0, 4, 0 ], "texture": "#texture" },
        "south": { "uv": [ 12, 0, 13, 0 ], "texture": "#texture" },
        "west":  { "uv": [ 7, 0, 9, 0 ], "texture": "#texture" },
        "east":  { "uv": [ 7, 0, 9, 0 ], "texture": "#texture" }
    }
},
{
    "__comment": "Orb",
    "from": [ 7, 5.25, 7.75 ],
    "to": [ 7.25, 5.5, 8.25 ],
    "faces": {
        "down":  { "uv": [ 12, 9, 11, 7 ], "texture": "#Orb" },
        "up":    { "uv": [ 4, 7, 5, 9 ], "texture": "#Orb" },
        "north": { "uv": [ 11, 0, 12, 0 ], "texture": "#Orb" },
        "south": { "uv": [ 4, 0, 5, 0 ], "texture": "#Orb" },
        "west":  { "uv": [ 7, 0, 9, 0 ], "texture": "#Orb" },
        "east":  { "uv": [ 7, 0, 9, 0 ], "texture": "#Orb" }
    }
},
{
    "__comment": "Orb",
    "from": [ 7.75, 5.25, 7 ],
    "to": [ 8.25, 5.5, 7.25 ],
    "faces": {
        "down":  { "uv": [ 9, 5, 7, 4 ], "texture": "#Orb" },
        "up":    { "uv": [ 7, 4, 9, 5 ], "texture": "#Orb" },
        "north": { "uv": [ 7, 0, 9, 0 ], "texture": "#Orb" },
        "south": { "uv": [ 7, 0, 9, 0 ], "texture": "#Orb" },
        "west":  { "uv": [ 4, 0, 5, 0 ], "texture": "#Orb" },
        "east":  { "uv": [ 11, 0, 12, 0 ], "texture": "#Orb" }
    }
},
{
    "__comment": "Orb",
    "from": [ 7.75, 5.25, 8.75 ],
    "to": [ 8.25, 5.5, 9 ],
    "faces": {
        "down":  { "uv": [ 9, 12, 7, 11 ], "texture": "#Orb" },
        "up":    { "uv": [ 7, 11, 9, 12 ], "texture": "#Orb" },
        "north": { "uv": [ 7, 0, 9, 0 ], "texture": "#Orb" },
        "south": { "uv": [ 7, 0, 9, 0 ], "texture": "#Orb" },
        "west":  { "uv": [ 11, 0, 12, 0 ], "texture": "#Orb" },
        "east":  { "uv": [ 4, 0, 5, 0 ], "texture": "#Orb" }
    }
},
{
    "__comment": "Orb",
    "from": [ 7.5, 5, 7.5 ],
    "to": [ 8.5, 5.25, 8.5 ],
    "faces": {
        "down":  { "uv": [ 10, 10, 6, 6 ], "texture": "#Orb" },
        "up":    { "uv": [ 6, 6, 10, 10 ], "texture": "#Orb" },
        "north": { "uv": [ 6, 0, 10, 0 ], "texture": "#Orb" },
        "south": { "uv": [ 6, 0, 10, 0 ], "texture": "#Orb" },
        "west":  { "uv": [ 6, 0, 10, 0 ], "texture": "#Orb" },
        "east":  { "uv": [ 6, 0, 10, 0 ], "texture": "#Orb" }
    }
},
{
    "__comment": "Orb",
    "from": [ 7.25, 5.75, 7 ],
    "to": [ 7.5, 6.25, 7.25 ],
    "faces": {
        "down":  { "uv": [ 11, 5, 10, 4 ], "texture": "#Orb" },
        "up":    { "uv": [ 5, 4, 6, 5 ], "texture": "#Orb" },
        "north": { "uv": [ 10, 0, 11, 0 ], "texture": "#Orb" },
        "south": { "uv": [ 5, 0, 6, 0 ], "texture": "#Orb" },
        "west":  { "uv": [ 4, 0, 5, 0 ], "texture": "#Orb" },
        "east":  { "uv": [ 11, 0, 12, 0 ], "texture": "#Orb" }
    }
},
{
    "__comment": "Orb",
    "from": [ 7, 5.75, 7.25 ],
    "to": [ 7.25, 6.25, 7.5 ],
    "faces": {
        "down":  { "uv": [ 12, 6, 11, 5 ], "texture": "#Orb" },
        "up":    { "uv": [ 4, 5, 5, 6 ], "texture": "#Orb" },
        "north": { "uv": [ 11, 0, 12, 0 ], "texture": "#Orb" },
        "south": { "uv": [ 4, 0, 5, 0 ], "texture": "#Orb" },
        "west":  { "uv": [ 5, 0, 6, 0 ], "texture": "#Orb" },
        "east":  { "uv": [ 10, 0, 11, 0 ], "texture": "#Orb" }
    }
},
{
    "__comment": "Orb",
    "from": [ 7, 5.75, 8.5 ],
    "to": [ 7.25, 6.25, 8.75 ],
    "faces": {
        "down":  { "uv": [ 12, 11, 11, 10 ], "texture": "#Orb" },
        "up":    { "uv": [ 4, 10, 5, 11 ], "texture": "#Orb" },
        "north": { "uv": [ 11, 0, 12, 0 ], "texture": "#Orb" },
        "south": { "uv": [ 4, 0, 5, 0 ], "texture": "#Orb" },
        "west":  { "uv": [ 10, 0, 11, 0 ], "texture": "#Orb" },
        "east":  { "uv": [ 5, 0, 6, 0 ], "texture": "#Orb" }
    }
},
{
    "__comment": "Orb",
    "from": [ 7.25, 5.75, 8.75 ],
    "to": [ 7.5, 6.25, 9 ],
    "faces": {
        "down":  { "uv": [ 11, 12, 10, 11 ], "texture": "#Orb" },
        "up":    { "uv": [ 5, 11, 6, 12 ], "texture": "#Orb" },
        "north": { "uv": [ 10, 0, 11, 0 ], "texture": "#Orb" },
        "south": { "uv": [ 5, 0, 6, 0 ], "texture": "#Orb" },
        "west":  { "uv": [ 11, 0, 12, 0 ], "texture": "#Orb" },
        "east":  { "uv": [ 4, 0, 5, 0 ], "texture": "#Orb" }
    }
},
{
    "__comment": "Orb",
    "from": [ 8.5, 5.75, 7 ],
    "to": [ 8.75, 6.25, 7.25 ],
    "faces": {
        "down":  { "uv": [ 6, 5, 5, 4 ], "texture": "#Orb" },
        "up":    { "uv": [ 10, 4, 11, 5 ], "texture": "#Orb" },
        "north": { "uv": [ 5, 0, 6, 0 ], "texture": "#Orb" },
        "south": { "uv": [ 10, 0, 11, 0 ], "texture": "#Orb" },
        "west":  { "uv": [ 4, 0, 5, 0 ], "texture": "#Orb" },
        "east":  { "uv": [ 11, 0, 12, 0 ], "texture": "#Orb" }
    }
},
{
    "from": [ 9, 5.5, 7.25 ],
    "to": [ 9.25, 8.25, 8.75 ],
    "faces": {
        "down":  { "uv": [ 4, 11, 3, 5 ], "texture": "#texture" },
        "up":    { "uv": [ 12, 5, 13, 11 ], "texture": "#texture" },
        "north": { "uv": [ 3, 0, 4, 0 ], "texture": "#texture" },
        "south": { "uv": [ 12, 0, 13, 0 ], "texture": "#texture" },
        "west":  { "uv": [ 5, 0, 11, 0 ], "texture": "#texture" },
        "east":  { "uv": [ 5, 0, 11, 0 ], "texture": "#texture" }
    }
},
{
    "from": [ 8.75, 7, 7.25 ],
    "to": [ 9, 7.5, 8.75 ],
    "faces": {
        "down":  { "uv": [ 5, 11, 4, 5 ], "texture": "#texture" },
        "up":    { "uv": [ 11, 5, 12, 11 ], "texture": "#texture" },
        "north": { "uv": [ 4, 0, 5, 0 ], "texture": "#texture" },
        "south": { "uv": [ 11, 0, 12, 0 ], "texture": "#texture" },
        "west":  { "uv": [ 5, 0, 11, 0 ], "texture": "#texture" },
        "east":  { "uv": [ 5, 0, 11, 0 ], "texture": "#texture" }
    }
},
{
    "__comment": "Orb",
    "from": [ 8.5, 5.75, 8.75 ],
    "to": [ 8.75, 6.25, 9 ],
    "faces": {
        "down":  { "uv": [ 6, 12, 5, 11 ], "texture": "#Orb" },
        "up":    { "uv": [ 10, 11, 11, 12 ], "texture": "#Orb" },
        "north": { "uv": [ 5, 0, 6, 0 ], "texture": "#Orb" },
        "south": { "uv": [ 10, 0, 11, 0 ], "texture": "#Orb" },
        "west":  { "uv": [ 11, 0, 12, 0 ], "texture": "#Orb" },
        "east":  { "uv": [ 4, 0, 5, 0 ], "texture": "#Orb" }
    }
},
{
    "__comment": "Orb",
    "from": [ 7.25, 5, 7.75 ],
    "to": [ 7.5, 5.25, 8.25 ],
    "faces": {
        "down":  { "uv": [ 11, 9, 10, 7 ], "texture": "#Orb" },
        "up":    { "uv": [ 5, 7, 6, 9 ], "texture": "#Orb" },
        "north": { "uv": [ 10, 0, 11, 0 ], "texture": "#Orb" },
        "south": { "uv": [ 5, 0, 6, 0 ], "texture": "#Orb" },
        "west":  { "uv": [ 7, 0, 9, 0 ], "texture": "#Orb" },
        "east":  { "uv": [ 7, 0, 9, 0 ], "texture": "#Orb" }
    }
},
{
    "__comment": "Orb",
    "from": [ 7.75, 5, 7.25 ],
    "to": [ 8.25, 5.25, 7.5 ],
    "faces": {
        "down":  { "uv": [ 9, 6, 7, 5 ], "texture": "#Orb" },
        "up":    { "uv": [ 7, 5, 9, 6 ], "texture": "#Orb" },
        "north": { "uv": [ 7, 0, 9, 0 ], "texture": "#Orb" },
        "south": { "uv": [ 7, 0, 9, 0 ], "texture": "#Orb" },
        "west":  { "uv": [ 5, 0, 6, 0 ], "texture": "#Orb" },
        "east":  { "uv": [ 10, 0, 11, 0 ], "texture": "#Orb" }
    }
},
{
    "from": [ 8.5, 5, 7.75 ],
    "to": [ 8.75, 5.25, 8.25 ],
    "faces": {
        "down":  { "uv": [ 6, 9, 5, 7 ], "texture": "#texture" },
        "up":    { "uv": [ 10, 7, 11, 9 ], "texture": "#texture" },
        "north": { "uv": [ 5, 0, 6, 0 ], "texture": "#texture" },
        "south": { "uv": [ 10, 0, 11, 0 ], "texture": "#texture" },
        "west":  { "uv": [ 7, 0, 9, 0 ], "texture": "#texture" },
        "east":  { "uv": [ 7, 0, 9, 0 ], "texture": "#texture" }
    }
},
{
    "__comment": "Orb",
    "from": [ 7.75, 5, 8.5 ],
    "to": [ 8.25, 5.25, 8.75 ],
    "faces": {
        "down":  { "uv": [ 9, 11, 7, 10 ], "texture": "#Orb" },
        "up":    { "uv": [ 7, 10, 9, 11 ], "texture": "#Orb" },
        "north": { "uv": [ 7, 0, 9, 0 ], "texture": "#Orb" },
        "south": { "uv": [ 7, 0, 9, 0 ], "texture": "#Orb" },
        "west":  { "uv": [ 10, 0, 11, 0 ], "texture": "#Orb" },
        "east":  { "uv": [ 5, 0, 6, 0 ], "texture": "#Orb" }
    }
},
{
    "from": [ 8, 7, 7.75 ],
    "to": [ 8.25, 7.5, 8.25 ],
    "faces": {
        "down":  { "uv": [ 8, 9, 7, 7 ], "texture": "#texture" },
        "up":    { "uv": [ 8, 7, 9, 9 ], "texture": "#texture" },
        "north": { "uv": [ 7, 0, 8, 0 ], "texture": "#texture" },
        "south": { "uv": [ 8, 0, 9, 0 ], "texture": "#texture" },
        "west":  { "uv": [ 7, 0, 9, 0 ], "texture": "#texture" },
        "east":  { "uv": [ 7, 0, 9, 0 ], "texture": "#texture" }
    }
},
{
    "from": [ 8.25, 7.5, 7.75 ],
    "to": [ 8.5, 7.75, 8.25 ],
    "faces": {
        "down":  { "uv": [ 7, 9, 6, 7 ], "texture": "#texture" },
        "up":    { "uv": [ 9, 7, 10, 9 ], "texture": "#texture" },
        "north": { "uv": [ 6, 0, 7, 0 ], "texture": "#texture" },
        "south": { "uv": [ 9, 0, 10, 0 ], "texture": "#texture" },
        "west":  { "uv": [ 7, 0, 9, 0 ], "texture": "#texture" },
        "east":  { "uv": [ 7, 0, 9, 0 ], "texture": "#texture" }
    }
},
{
    "from": [ 8.5, 7.75, 7.75 ],
    "to": [ 8.75, 8.5, 8.25 ],
    "faces": {
        "down":  { "uv": [ 6, 9, 5, 7 ], "texture": "#texture" },
        "up":    { "uv": [ 10, 7, 11, 9 ], "texture": "#texture" },
        "north": { "uv": [ 5, 0, 6, 0 ], "texture": "#texture" },
        "south": { "uv": [ 10, 0, 11, 0 ], "texture": "#texture" },
        "west":  { "uv": [ 7, 0, 9, 0 ], "texture": "#texture" },
        "east":  { "uv": [ 7, 0, 9, 0 ], "texture": "#texture" }
    }
},
{
    "from": [ 8.75, 8.5, 7.75 ],
    "to": [ 9, 9.5, 8.25 ],
    "faces": {
        "down":  { "uv": [ 5, 9, 4, 7 ], "texture": "#texture" },
        "up":    { "uv": [ 11, 7, 12, 9 ], "texture": "#texture" },
        "north": { "uv": [ 4, 0, 5, 0 ], "texture": "#texture" },
        "south": { "uv": [ 11, 0, 12, 0 ], "texture": "#texture" },
        "west":  { "uv": [ 7, 0, 9, 0 ], "texture": "#texture" },
        "east":  { "uv": [ 7, 0, 9, 0 ], "texture": "#texture" }
    }
},
{
    "from": [ 8.25, 6.75, 7.5 ],
    "to": [ 8.75, 7.5, 8.5 ],
    "faces": {
        "down":  { "uv": [ 7, 10, 5, 6 ], "texture": "#texture" },
        "up":    { "uv": [ 9, 6, 11, 10 ], "texture": "#texture" },
        "north": { "uv": [ 5, 0, 7, 0 ], "texture": "#texture" },
        "south": { "uv": [ 9, 0, 11, 0 ], "texture": "#texture" },
        "west":  { "uv": [ 6, 0, 10, 0 ], "texture": "#texture" },
        "east":  { "uv": [ 6, 0, 10, 0 ], "texture": "#texture" }
    }
},
{
    "from": [ 8.5, 5, 7.25 ],
    "to": [ 9, 7, 8.75 ],
    "faces": {
        "down":  { "uv": [ 6, 11, 4, 5 ], "texture": "#texture" },
        "up":    { "uv": [ 10, 5, 12, 11 ], "texture": "#texture" },
        "north": { "uv": [ 4, 0, 6, 0 ], "texture": "#texture" },
        "south": { "uv": [ 10, 0, 12, 0 ], "texture": "#texture" },
        "west":  { "uv": [ 5, 0, 11, 0 ], "texture": "#texture" },
        "east":  { "uv": [ 5, 0, 11, 0 ], "texture": "#texture" }
    }
},
{
    "from": [ 8.75, 7.5, 7.5 ],
    "to": [ 9, 8.5, 8.5 ],
    "faces": {
        "down":  { "uv": [ 5, 10, 4, 6 ], "texture": "#texture" },
        "up":    { "uv": [ 11, 6, 12, 10 ], "texture": "#texture" },
        "north": { "uv": [ 4, 0, 5, 0 ], "texture": "#texture" },
        "south": { "uv": [ 11, 0, 12, 0 ], "texture": "#texture" },
        "west":  { "uv": [ 6, 0, 10, 0 ], "texture": "#texture" },
        "east":  { "uv": [ 6, 0, 10, 0 ], "texture": "#texture" }
    }
},
{
    "from": [ 9, 8.25, 7.5 ],
    "to": [ 9.25, 9.5, 8.5 ],
    "faces": {
        "down":  { "uv": [ 4, 10, 3, 6 ], "texture": "#texture" },
        "up":    { "uv": [ 12, 6, 13, 10 ], "texture": "#texture" },
        "north": { "uv": [ 3, 0, 4, 0 ], "texture": "#texture" },
        "south": { "uv": [ 12, 0, 13, 0 ], "texture": "#texture" },
        "west":  { "uv": [ 6, 0, 10, 0 ], "texture": "#texture" },
        "east":  { "uv": [ 6, 0, 10, 0 ], "texture": "#texture" }
    }
},
{
    "from": [ 9.5, 9.25, 7.5 ],
    "to": [ 9.75, 11.25, 8.5 ],
    "faces": {
        "down":  { "uv": [ 2, 10, 1, 6 ], "texture": "#texture" },
        "up":    { "uv": [ 14, 6, 15, 10 ], "texture": "#texture" },
        "north": { "uv": [ 1, 0, 2, 0 ], "texture": "#texture" },
        "south": { "uv": [ 14, 0, 15, 0 ], "texture": "#texture" },
        "west":  { "uv": [ 6, 0, 10, 0 ], "texture": "#texture" },
        "east":  { "uv": [ 6, 0, 10, 0 ], "texture": "#texture" }
    }
},
{
    "from": [ 9, 9.5, 7.75 ],
    "to": [ 9.25, 10.5, 8.25 ],
    "faces": {
        "down":  { "uv": [ 4, 9, 3, 7 ], "texture": "#texture" },
        "up":    { "uv": [ 12, 7, 13, 9 ], "texture": "#texture" },
        "north": { "uv": [ 3, 0, 4, 0 ], "texture": "#texture" },
        "south": { "uv": [ 12, 0, 13, 0 ], "texture": "#texture" },
        "west":  { "uv": [ 7, 0, 9, 0 ], "texture": "#texture" },
        "east":  { "uv": [ 7, 0, 9, 0 ], "texture": "#texture" }
    }
},
{
    "from": [ 9.25, 10.25, 7.75 ],
    "to": [ 9.5, 12, 8.25 ],
    "faces": {
        "down":  { "uv": [ 3, 9, 2, 7 ], "texture": "#texture" },
        "up":    { "uv": [ 13, 7, 14, 9 ], "texture": "#texture" },
        "north": { "uv": [ 2, 0, 3, 0 ], "texture": "#texture" },
        "south": { "uv": [ 13, 0, 14, 0 ], "texture": "#texture" },
        "west":  { "uv": [ 7, 0, 9, 0 ], "texture": "#texture" },
        "east":  { "uv": [ 7, 0, 9, 0 ], "texture": "#texture" }
    }
},
{
    "from": [ 9.5, 11.25, 7.75 ],
    "to": [ 9.75, 12.75, 8.25 ],
    "faces": {
        "down":  { "uv": [ 2, 9, 1, 7 ], "texture": "#texture" },
        "up":    { "uv": [ 14, 7, 15, 9 ], "texture": "#texture" },
        "north": { "uv": [ 1, 0, 2, 0 ], "texture": "#texture" },
        "south": { "uv": [ 14, 0, 15, 0 ], "texture": "#texture" },
        "west":  { "uv": [ 7, 0, 9, 0 ], "texture": "#texture" },
        "east":  { "uv": [ 7, 0, 9, 0 ], "texture": "#texture" }
    }
},
{
    "from": [ 9.75, 9.75, 7.75 ],
    "to": [ 10, 11.5, 8.25 ],
    "faces": {
        "down":  { "uv": [ 1, 9, 0, 7 ], "texture": "#texture" },
        "up":    { "uv": [ 15, 7, 16, 9 ], "texture": "#texture" },
        "north": { "uv": [ 0, 0, 1, 0 ], "texture": "#texture" },
        "south": { "uv": [ 15, 0, 16, 0 ], "texture": "#texture" },
        "west":  { "uv": [ 7, 0, 9, 0 ], "texture": "#texture" },
        "east":  { "uv": [ 7, 0, 9, 0 ], "texture": "#texture" }
    }
},
{
    "from": [ 9.5, 7.75, 7.25 ],
    "to": [ 9.75, 9.25, 8.75 ],
    "faces": {
        "down":  { "uv": [ 2, 11, 1, 5 ], "texture": "#texture" },
        "up":    { "uv": [ 14, 5, 15, 11 ], "texture": "#texture" },
        "north": { "uv": [ 1, 0, 2, 0 ], "texture": "#texture" },
        "south": { "uv": [ 14, 0, 15, 0 ], "texture": "#texture" },
        "west":  { "uv": [ 5, 0, 11, 0 ], "texture": "#texture" },
        "east":  { "uv": [ 5, 0, 11, 0 ], "texture": "#texture" }
    }
},
{
    "from": [ 9.75, 8.25, 7.5 ],
    "to": [ 10, 9.75, 8.5 ],
    "faces": {
        "down":  { "uv": [ 1, 10, 0, 6 ], "texture": "#texture" },
        "up":    { "uv": [ 15, 6, 16, 10 ], "texture": "#texture" },
        "north": { "uv": [ 0, 0, 1, 0 ], "texture": "#texture" },
        "south": { "uv": [ 15, 0, 16, 0 ], "texture": "#texture" },
        "west":  { "uv": [ 6, 0, 10, 0 ], "texture": "#texture" },
        "east":  { "uv": [ 6, 0, 10, 0 ], "texture": "#texture" }
    }
},
{
    "from": [ 9.5, 6.75, 7.5 ],
    "to": [ 9.75, 7.75, 8.5 ],
    "faces": {
        "down":  { "uv": [ 2, 10, 1, 6 ], "texture": "#texture" },
        "up":    { "uv": [ 14, 6, 15, 10 ], "texture": "#texture" },
        "north": { "uv": [ 1, 0, 2, 0 ], "texture": "#texture" },
        "south": { "uv": [ 14, 0, 15, 0 ], "texture": "#texture" },
        "west":  { "uv": [ 6, 0, 10, 0 ], "texture": "#texture" },
        "east":  { "uv": [ 6, 0, 10, 0 ], "texture": "#texture" }
    }
},
{
    "from": [ 9.75, 7.25, 7.75 ],
    "to": [ 10, 8.25, 8.25 ],
    "faces": {
        "down":  { "uv": [ 1, 9, 0, 7 ], "texture": "#texture" },
        "up":    { "uv": [ 15, 7, 16, 9 ], "texture": "#texture" },
        "north": { "uv": [ 0, 0, 1, 0 ], "texture": "#texture" },
        "south": { "uv": [ 15, 0, 16, 0 ], "texture": "#texture" },
        "west":  { "uv": [ 7, 0, 9, 0 ], "texture": "#texture" },
        "east":  { "uv": [ 7, 0, 9, 0 ], "texture": "#texture" }
    }
},
{
    "from": [ 10, 8, 7.75 ],
    "to": [ 10.25, 10, 8.25 ],
    "faces": {
        "down":  { "uv": [ 0, 9, 0, 7 ], "texture": "#texture" },
        "up":    { "uv": [ 16, 7, 16, 9 ], "texture": "#texture" },
        "north": { "uv": [ 0, 0, 0, 0 ], "texture": "#texture" },
        "south": { "uv": [ 16, 0, 16, 0 ], "texture": "#texture" },
        "west":  { "uv": [ 7, 0, 9, 0 ], "texture": "#texture" },
        "east":  { "uv": [ 7, 0, 9, 0 ], "texture": "#texture" }
    }
},
{
    "from": [ 9.5, 6.5, 7.75 ],
    "to": [ 9.75, 6.75, 8.25 ],
    "faces": {
        "down":  { "uv": [ 2, 9, 1, 7 ], "texture": "#texture" },
        "up":    { "uv": [ 14, 7, 15, 9 ], "texture": "#texture" },
        "north": { "uv": [ 1, 0, 2, 0 ], "texture": "#texture" },
        "south": { "uv": [ 14, 0, 15, 0 ], "texture": "#texture" },
        "west":  { "uv": [ 7, 0, 9, 0 ], "texture": "#texture" },
        "east":  { "uv": [ 7, 0, 9, 0 ], "texture": "#texture" }
    }
},
{
    "from": [ 9.25, 5.75, 7.75 ],
    "to": [ 9.5, 6.5, 8.25 ],
    "faces": {
        "down":  { "uv": [ 3, 9, 2, 7 ], "texture": "#texture" },
        "up":    { "uv": [ 13, 7, 14, 9 ], "texture": "#texture" },
        "north": { "uv": [ 2, 0, 3, 0 ], "texture": "#texture" },
        "south": { "uv": [ 13, 0, 14, 0 ], "texture": "#texture" },
        "west":  { "uv": [ 7, 0, 9, 0 ], "texture": "#texture" },
        "east":  { "uv": [ 7, 0, 9, 0 ], "texture": "#texture" }
    }
},
{
    "from": [ 7.5, 3.25, 7.25 ],
    "to": [ 8.75, 5, 8.75 ],
    "faces": {
        "down":  { "uv": [ 10, 11, 5, 5 ], "texture": "#texture" },
        "up":    { "uv": [ 6, 5, 11, 11 ], "texture": "#texture" },
        "north": { "uv": [ 5, 0, 10, 3 ], "texture": "#texture" },
        "south": { "uv": [ 6, 0, 11, 3 ], "texture": "#texture" },
        "west":  { "uv": [ 5, 0, 11, 3 ], "texture": "#texture" },
        "east":  { "uv": [ 5, 0, 11, 3 ], "texture": "#texture" }
    }
},
{
    "from": [ 8.25, 5, 7.25 ],
    "to": [ 8.5, 5.25, 8.75 ],
    "faces": {
        "down":  { "uv": [ 7, 11, 6, 5 ], "texture": "#texture" },
        "up":    { "uv": [ 9, 5, 10, 11 ], "texture": "#texture" },
        "north": { "uv": [ 6, 0, 7, 0 ], "texture": "#texture" },
        "south": { "uv": [ 9, 0, 10, 0 ], "texture": "#texture" },
        "west":  { "uv": [ 5, 0, 11, 0 ], "texture": "#texture" },
        "east":  { "uv": [ 5, 0, 11, 0 ], "texture": "#texture" }
    }
},
{
    "from": [ 7.25, 1.75, 7.25 ],
    "to": [ 8.5, 3.25, 8.75 ],
    "faces": {
        "down":  { "uv": [ 11, 11, 6, 5 ], "texture": "#texture" },
        "up":    { "uv": [ 5, 5, 10, 11 ], "texture": "#texture" },
        "north": { "uv": [ 6, 3, 11, 9 ], "texture": "#texture" },
        "south": { "uv": [ 5, 3, 10, 9 ], "texture": "#texture" },
        "west":  { "uv": [ 5, 3, 11, 9 ], "texture": "#texture" },
        "east":  { "uv": [ 5, 3, 11, 9 ], "texture": "#texture" }
    }
},
{
    "from": [ 7, 0.25, 7.25 ],
    "to": [ 8.25, 1.75, 8.75 ],
    "faces": {
        "down":  { "uv": [ 12, 11, 7, 5 ], "texture": "#texture" },
        "up":    { "uv": [ 4, 5, 9, 11 ], "texture": "#texture" },
        "north": { "uv": [ 7, 9, 12, 15 ], "texture": "#texture" },
        "south": { "uv": [ 4, 9, 9, 15 ], "texture": "#texture" },
        "west":  { "uv": [ 5, 9, 11, 15 ], "texture": "#texture" },
        "east":  { "uv": [ 5, 9, 11, 15 ], "texture": "#texture" }
    }
},
{
    "from": [ 7, -1.25, 7.25 ],
    "to": [ 8, 0.25, 8.75 ],
    "faces": {
        "down":  { "uv": [ 12, 11, 8, 5 ], "texture": "#texture" },
        "up":    { "uv": [ 4, 5, 8, 11 ], "texture": "#texture" },
        "north": { "uv": [ 8, 15, 12, 16 ], "texture": "#texture" },
        "south": { "uv": [ 4, 15, 8, 16 ], "texture": "#texture" },
        "west":  { "uv": [ 5, 15, 11, 16 ], "texture": "#texture" },
        "east":  { "uv": [ 5, 15, 11, 16 ], "texture": "#texture" }
    }
},
{
    "from": [ 6.75, -2.75, 7.25 ],
    "to": [ 7.75, -1.25, 8.75 ],
    "faces": {
        "down":  { "uv": [ 13, 11, 9, 5 ], "texture": "#texture" },
        "up":    { "uv": [ 3, 5, 7, 11 ], "texture": "#texture" },
        "north": { "uv": [ 9, 16, 13, 16 ], "texture": "#texture" },
        "south": { "uv": [ 3, 16, 7, 16 ], "texture": "#texture" },
        "west":  { "uv": [ 5, 16, 11, 16 ], "texture": "#texture" },
        "east":  { "uv": [ 5, 16, 11, 16 ], "texture": "#texture" }
    }
},
{
    "from": [ 6.75, -4, 7.25 ],
    "to": [ 7.5, -2.75, 8.75 ],
    "faces": {
        "down":  { "uv": [ 13, 11, 10, 5 ], "texture": "#texture" },
        "up":    { "uv": [ 3, 5, 6, 11 ], "texture": "#texture" },
        "north": { "uv": [ 10, 16, 13, 16 ], "texture": "#texture" },
        "south": { "uv": [ 3, 16, 6, 16 ], "texture": "#texture" },
        "west":  { "uv": [ 5, 16, 11, 16 ], "texture": "#texture" },
        "east":  { "uv": [ 5, 16, 11, 16 ], "texture": "#texture" }
    }
},
{
    "from": [ 6.75, -5.25, 7.25 ],
    "to": [ 7.25, -4, 8.75 ],
    "faces": {
        "down":  { "uv": [ 13, 11, 11, 5 ], "texture": "#texture" },
        "up":    { "uv": [ 3, 5, 5, 11 ], "texture": "#texture" },
        "north": { "uv": [ 11, 16, 13, 16 ], "texture": "#texture" },
        "south": { "uv": [ 3, 16, 5, 16 ], "texture": "#texture" },
        "west":  { "uv": [ 5, 16, 11, 16 ], "texture": "#texture" },
        "east":  { "uv": [ 5, 16, 11, 16 ], "texture": "#texture" }
    }
},
{
    "from": [ 6.5, -7.25, 7.25 ],
    "to": [ 7, -5.25, 8.75 ],
    "faces": {
        "down":  { "uv": [ 14, 11, 12, 5 ], "texture": "#texture" },
        "up":    { "uv": [ 2, 5, 4, 11 ], "texture": "#texture" },
        "north": { "uv": [ 12, 16, 14, 16 ], "texture": "#texture" },
        "south": { "uv": [ 2, 16, 4, 16 ], "texture": "#texture" },
        "west":  { "uv": [ 5, 16, 11, 16 ], "texture": "#texture" },
        "east":  { "uv": [ 5, 16, 11, 16 ], "texture": "#texture" }
    }
},
{
    "from": [ 6.5, -8.75, 7.25 ],
    "to": [ 6.75, -7.25, 8.75 ],
    "faces": {
        "down":  { "uv": [ 14, 11, 13, 5 ], "texture": "#texture" },
        "up":    { "uv": [ 2, 5, 3, 11 ], "texture": "#texture" },
        "north": { "uv": [ 13, 16, 14, 16 ], "texture": "#texture" },
        "south": { "uv": [ 2, 16, 3, 16 ], "texture": "#texture" },
        "west":  { "uv": [ 5, 16, 11, 16 ], "texture": "#texture" },
        "east":  { "uv": [ 5, 16, 11, 16 ], "texture": "#texture" }
    }
},
{
    "from": [ 6.75, -9, 7.5 ],
    "to": [ 7, -7.25, 8.5 ],
    "faces": {
        "down":  { "uv": [ 13, 10, 12, 6 ], "texture": "#texture" },
        "up":    { "uv": [ 3, 6, 4, 10 ], "texture": "#texture" },
        "north": { "uv": [ 12, 16, 13, 16 ], "texture": "#texture" },
        "south": { "uv": [ 3, 16, 4, 16 ], "texture": "#texture" },
        "west":  { "uv": [ 6, 16, 10, 16 ], "texture": "#texture" },
        "east":  { "uv": [ 6, 16, 10, 16 ], "texture": "#texture" }
    }
},
{
    "from": [ 6.5, -9.75, 7.5 ],
    "to": [ 6.75, -8.75, 8.5 ],
    "faces": {
        "down":  { "uv": [ 14, 10, 13, 6 ], "texture": "#texture" },
        "up":    { "uv": [ 2, 6, 3, 10 ], "texture": "#texture" },
        "north": { "uv": [ 13, 16, 14, 16 ], "texture": "#texture" },
        "south": { "uv": [ 2, 16, 3, 16 ], "texture": "#texture" },
        "west":  { "uv": [ 6, 16, 10, 16 ], "texture": "#texture" },
        "east":  { "uv": [ 6, 16, 10, 16 ], "texture": "#texture" }
    }
},
{
    "from": [ 6.25, -11.25, 7.75 ],
    "to": [ 6.5, -10, 8.25 ],
    "faces": {
        "down":  { "uv": [ 15, 9, 14, 7 ], "texture": "#texture" },
        "up":    { "uv": [ 1, 7, 2, 9 ], "texture": "#texture" },
        "north": { "uv": [ 14, 16, 15, 16 ], "texture": "#texture" },
        "south": { "uv": [ 1, 16, 2, 16 ], "texture": "#texture" },
        "west":  { "uv": [ 7, 16, 9, 16 ], "texture": "#texture" },
        "east":  { "uv": [ 7, 16, 9, 16 ], "texture": "#texture" }
    }
},
{
    "from": [ 6.5, -10.25, 7.75 ],
    "to": [ 6.75, -9.75, 8.25 ],
    "faces": {
        "down":  { "uv": [ 14, 9, 13, 7 ], "texture": "#texture" },
        "up":    { "uv": [ 2, 7, 3, 9 ], "texture": "#texture" },
        "north": { "uv": [ 13, 16, 14, 16 ], "texture": "#texture" },
        "south": { "uv": [ 2, 16, 3, 16 ], "texture": "#texture" },
        "west":  { "uv": [ 7, 16, 9, 16 ], "texture": "#texture" },
        "east":  { "uv": [ 7, 16, 9, 16 ], "texture": "#texture" }
    }
},
{
    "from": [ 7, -7, 7.5 ],
    "to": [ 7.25, -5.25, 8.5 ],
    "faces": {
        "down":  { "uv": [ 12, 10, 11, 6 ], "texture": "#texture" },
        "up":    { "uv": [ 4, 6, 5, 10 ], "texture": "#texture" },
        "north": { "uv": [ 11, 16, 12, 16 ], "texture": "#texture" },
        "south": { "uv": [ 4, 16, 5, 16 ], "texture": "#texture" },
        "west":  { "uv": [ 6, 16, 10, 16 ], "texture": "#texture" },
        "east":  { "uv": [ 6, 16, 10, 16 ], "texture": "#texture" }
    }
},
{
    "from": [ 6.75, -9.5, 7.75 ],
    "to": [ 7, -9, 8.25 ],
    "faces": {
        "down":  { "uv": [ 13, 9, 12, 7 ], "texture": "#texture" },
        "up":    { "uv": [ 3, 7, 4, 9 ], "texture": "#texture" },
        "north": { "uv": [ 12, 16, 13, 16 ], "texture": "#texture" },
        "south": { "uv": [ 3, 16, 4, 16 ], "texture": "#texture" },
        "west":  { "uv": [ 7, 16, 9, 16 ], "texture": "#texture" },
        "east":  { "uv": [ 7, 16, 9, 16 ], "texture": "#texture" }
    }
},
{
    "from": [ 7, -8.5, 7.75 ],
    "to": [ 7.25, -7, 8.25 ],
    "faces": {
        "down":  { "uv": [ 12, 9, 11, 7 ], "texture": "#texture" },
        "up":    { "uv": [ 4, 7, 5, 9 ], "texture": "#texture" },
        "north": { "uv": [ 11, 16, 12, 16 ], "texture": "#texture" },
        "south": { "uv": [ 4, 16, 5, 16 ], "texture": "#texture" },
        "west":  { "uv": [ 7, 16, 9, 16 ], "texture": "#texture" },
        "east":  { "uv": [ 7, 16, 9, 16 ], "texture": "#texture" }
    }
},
{
    "from": [ 6.25, -10, 7.5 ],
    "to": [ 6.5, -5.75, 8.5 ],
    "faces": {
        "down":  { "uv": [ 15, 10, 14, 6 ], "texture": "#texture" },
        "up":    { "uv": [ 1, 6, 2, 10 ], "texture": "#texture" },
        "north": { "uv": [ 14, 16, 15, 16 ], "texture": "#texture" },
        "south": { "uv": [ 1, 16, 2, 16 ], "texture": "#texture" },
        "west":  { "uv": [ 6, 16, 10, 16 ], "texture": "#texture" },
        "east":  { "uv": [ 6, 16, 10, 16 ], "texture": "#texture" }
    }
},
{
    "from": [ 6.5, -5.25, 7.5 ],
    "to": [ 6.75, -1.75, 8.5 ],
    "faces": {
        "down":  { "uv": [ 14, 10, 13, 6 ], "texture": "#texture" },
        "up":    { "uv": [ 2, 6, 3, 10 ], "texture": "#texture" },
        "north": { "uv": [ 13, 16, 14, 16 ], "texture": "#texture" },
        "south": { "uv": [ 2, 16, 3, 16 ], "texture": "#texture" },
        "west":  { "uv": [ 6, 16, 10, 16 ], "texture": "#texture" },
        "east":  { "uv": [ 6, 16, 10, 16 ], "texture": "#texture" }
    }
},
{
    "from": [ 6, -7.5, 7.75 ],
    "to": [ 6.25, -6.25, 8.25 ],
    "faces": {
        "down":  { "uv": [ 16, 9, 15, 7 ], "texture": "#texture" },
        "up":    { "uv": [ 0, 7, 1, 9 ], "texture": "#texture" },
        "north": { "uv": [ 15, 16, 16, 16 ], "texture": "#texture" },
        "south": { "uv": [ 0, 16, 1, 16 ], "texture": "#texture" },
        "west":  { "uv": [ 7, 16, 9, 16 ], "texture": "#texture" },
        "east":  { "uv": [ 7, 16, 9, 16 ], "texture": "#texture" }
    }
},
{
    "from": [ 6.25, -5.75, 7.75 ],
    "to": [ 6.5, -2.25, 8.25 ],
    "faces": {
        "down":  { "uv": [ 15, 9, 14, 7 ], "texture": "#texture" },
        "up":    { "uv": [ 1, 7, 2, 9 ], "texture": "#texture" },
        "north": { "uv": [ 14, 16, 15, 16 ], "texture": "#texture" },
        "south": { "uv": [ 1, 16, 2, 16 ], "texture": "#texture" },
        "west":  { "uv": [ 7, 16, 9, 16 ], "texture": "#texture" },
        "east":  { "uv": [ 7, 16, 9, 16 ], "texture": "#texture" }
    }
},
{
    "from": [ 5.75, -12.75, 7.75 ],
    "to": [ 6, -8, 8.25 ],
    "faces": {
        "down":  { "uv": [ 16, 9, 16, 7 ], "texture": "#texture" },
        "up":    { "uv": [ 0, 7, 0, 9 ], "texture": "#texture" },
        "north": { "uv": [ 16, 16, 16, 16 ], "texture": "#texture" },
        "south": { "uv": [ 0, 16, 0, 16 ], "texture": "#texture" },
        "west":  { "uv": [ 7, 16, 9, 16 ], "texture": "#texture" },
        "east":  { "uv": [ 7, 16, 9, 16 ], "texture": "#texture" }
    }
},
{
    "from": [ 6, -10.75, 7.5 ],
    "to": [ 6.25, -7.5, 8.5 ],
    "faces": {
        "down":  { "uv": [ 16, 10, 15, 6 ], "texture": "#texture" },
        "up":    { "uv": [ 0, 6, 1, 10 ], "texture": "#texture" },
        "north": { "uv": [ 15, 16, 16, 16 ], "texture": "#texture" },
        "south": { "uv": [ 0, 16, 1, 16 ], "texture": "#texture" },
        "west":  { "uv": [ 6, 16, 10, 16 ], "texture": "#texture" },
        "east":  { "uv": [ 6, 16, 10, 16 ], "texture": "#texture" }
    }
},
{
    "from": [ 6, -11.75, 7.75 ],
    "to": [ 6.25, -10.75, 8.25 ],
    "faces": {
        "down":  { "uv": [ 16, 9, 15, 7 ], "texture": "#texture" },
        "up":    { "uv": [ 0, 7, 1, 9 ], "texture": "#texture" },
        "north": { "uv": [ 15, 16, 16, 16 ], "texture": "#texture" },
        "south": { "uv": [ 0, 16, 1, 16 ], "texture": "#texture" },
        "west":  { "uv": [ 7, 16, 9, 16 ], "texture": "#texture" },
        "east":  { "uv": [ 7, 16, 9, 16 ], "texture": "#texture" }
    }
},
{
    "from": [ 7.25, -6.5, 7.75 ],
    "to": [ 7.5, -4.75, 8.25 ],
    "faces": {
        "down":  { "uv": [ 11, 9, 10, 7 ], "texture": "#texture" },
        "up":    { "uv": [ 5, 7, 6, 9 ], "texture": "#texture" },
        "north": { "uv": [ 10, 16, 11, 16 ], "texture": "#texture" },
        "south": { "uv": [ 5, 16, 6, 16 ], "texture": "#texture" },
        "west":  { "uv": [ 7, 16, 9, 16 ], "texture": "#texture" },
        "east":  { "uv": [ 7, 16, 9, 16 ], "texture": "#texture" }
    }
},
{
    "from": [ 7.25, -4.75, 7.5 ],
    "to": [ 7.5, -4, 8.5 ],
    "faces": {
        "down":  { "uv": [ 11, 10, 10, 6 ], "texture": "#texture" },
        "up":    { "uv": [ 5, 6, 6, 10 ], "texture": "#texture" },
        "north": { "uv": [ 10, 16, 11, 16 ], "texture": "#texture" },
        "south": { "uv": [ 5, 16, 6, 16 ], "texture": "#texture" },
        "west":  { "uv": [ 6, 16, 10, 16 ], "texture": "#texture" },
        "east":  { "uv": [ 6, 16, 10, 16 ], "texture": "#texture" }
    }
},
{
    "from": [ 7.5, -4.25, 7.75 ],
    "to": [ 7.75, -3.75, 8.25 ],
    "faces": {
        "down":  { "uv": [ 10, 9, 9, 7 ], "texture": "#texture" },
        "up":    { "uv": [ 6, 7, 7, 9 ], "texture": "#texture" },
        "north": { "uv": [ 9, 16, 10, 16 ], "texture": "#texture" },
        "south": { "uv": [ 6, 16, 7, 16 ], "texture": "#texture" },
        "west":  { "uv": [ 7, 16, 9, 16 ], "texture": "#texture" },
        "east":  { "uv": [ 7, 16, 9, 16 ], "texture": "#texture" }
    }
},
{
    "from": [ 7.5, -3.75, 7.5 ],
    "to": [ 7.75, -2.75, 8.5 ],
    "faces": {
        "down":  { "uv": [ 10, 10, 9, 6 ], "texture": "#texture" },
        "up":    { "uv": [ 6, 6, 7, 10 ], "texture": "#texture" },
        "north": { "uv": [ 9, 16, 10, 16 ], "texture": "#texture" },
        "south": { "uv": [ 6, 16, 7, 16 ], "texture": "#texture" },
        "west":  { "uv": [ 6, 16, 10, 16 ], "texture": "#texture" },
        "east":  { "uv": [ 6, 16, 10, 16 ], "texture": "#texture" }
    }
},
{
    "from": [ 7.75, -2.25, 7.5 ],
    "to": [ 8, -1.25, 8.5 ],
    "faces": {
        "down":  { "uv": [ 9, 10, 8, 6 ], "texture": "#texture" },
        "up":    { "uv": [ 7, 6, 8, 10 ], "texture": "#texture" },
        "north": { "uv": [ 8, 16, 9, 16 ], "texture": "#texture" },
        "south": { "uv": [ 7, 16, 8, 16 ], "texture": "#texture" },
        "west":  { "uv": [ 6, 16, 10, 16 ], "texture": "#texture" },
        "east":  { "uv": [ 6, 16, 10, 16 ], "texture": "#texture" }
    }
},
{
    "from": [ 7.75, -3.25, 7.75 ],
    "to": [ 8, -2.25, 8.25 ],
    "faces": {
        "down":  { "uv": [ 9, 9, 8, 7 ], "texture": "#texture" },
        "up":    { "uv": [ 7, 7, 8, 9 ], "texture": "#texture" },
        "north": { "uv": [ 8, 16, 9, 16 ], "texture": "#texture" },
        "south": { "uv": [ 7, 16, 8, 16 ], "texture": "#texture" },
        "west":  { "uv": [ 7, 16, 9, 16 ], "texture": "#texture" },
        "east":  { "uv": [ 7, 16, 9, 16 ], "texture": "#texture" }
    }
},
{
    "from": [ 8, -1, 7.5 ],
    "to": [ 8.25, 0.25, 8.5 ],
    "faces": {
        "down":  { "uv": [ 8, 10, 7, 6 ], "texture": "#texture" },
        "up":    { "uv": [ 8, 6, 9, 10 ], "texture": "#texture" },
        "north": { "uv": [ 7, 15, 8, 16 ], "texture": "#texture" },
        "south": { "uv": [ 8, 15, 9, 16 ], "texture": "#texture" },
        "west":  { "uv": [ 6, 15, 10, 16 ], "texture": "#texture" },
        "east":  { "uv": [ 6, 15, 10, 16 ], "texture": "#texture" }
    }
},
{
    "from": [ 8.25, 0.75, 7.5 ],
    "to": [ 8.5, 1.75, 8.5 ],
    "faces": {
        "down":  { "uv": [ 7, 10, 6, 6 ], "texture": "#texture" },
        "up":    { "uv": [ 9, 6, 10, 10 ], "texture": "#texture" },
        "north": { "uv": [ 6, 9, 7, 13 ], "texture": "#texture" },
        "south": { "uv": [ 9, 9, 10, 13 ], "texture": "#texture" },
        "west":  { "uv": [ 6, 9, 10, 13 ], "texture": "#texture" },
        "east":  { "uv": [ 6, 9, 10, 13 ], "texture": "#texture" }
    }
},
{
    "from": [ 6.75, -1.25, 7.5 ],
    "to": [ 7, 1, 8.5 ],
    "faces": {
        "down":  { "uv": [ 13, 10, 12, 6 ], "texture": "#texture" },
        "up":    { "uv": [ 3, 6, 4, 10 ], "texture": "#texture" },
        "north": { "uv": [ 12, 12, 13, 16 ], "texture": "#texture" },
        "south": { "uv": [ 3, 12, 4, 16 ], "texture": "#texture" },
        "west":  { "uv": [ 6, 12, 10, 16 ], "texture": "#texture" },
        "east":  { "uv": [ 6, 12, 10, 16 ], "texture": "#texture" }
    }
},
{
    "from": [ 6.5, -1.75, 7.75 ],
    "to": [ 6.75, 0.25, 8.25 ],
    "faces": {
        "down":  { "uv": [ 14, 9, 13, 7 ], "texture": "#texture" },
        "up":    { "uv": [ 2, 7, 3, 9 ], "texture": "#texture" },
        "north": { "uv": [ 13, 15, 14, 16 ], "texture": "#texture" },
        "south": { "uv": [ 2, 15, 3, 16 ], "texture": "#texture" },
        "west":  { "uv": [ 7, 15, 9, 16 ], "texture": "#texture" },
        "east":  { "uv": [ 7, 15, 9, 16 ], "texture": "#texture" }
    }
},
{
    "from": [ 8, -1.75, 7.75 ],
    "to": [ 8.25, -1, 8.25 ],
    "faces": {
        "down":  { "uv": [ 8, 9, 7, 7 ], "texture": "#texture" },
        "up":    { "uv": [ 8, 7, 9, 9 ], "texture": "#texture" },
        "north": { "uv": [ 7, 16, 8, 16 ], "texture": "#texture" },
        "south": { "uv": [ 8, 16, 9, 16 ], "texture": "#texture" },
        "west":  { "uv": [ 7, 16, 9, 16 ], "texture": "#texture" },
        "east":  { "uv": [ 7, 16, 9, 16 ], "texture": "#texture" }
    }
},
{
    "from": [ 8.25, -0.5, 7.75 ],
    "to": [ 8.5, 0.75, 8.25 ],
    "faces": {
        "down":  { "uv": [ 7, 9, 6, 7 ], "texture": "#texture" },
        "up":    { "uv": [ 9, 7, 10, 9 ], "texture": "#texture" },
        "north": { "uv": [ 6, 13, 7, 16 ], "texture": "#texture" },
        "south": { "uv": [ 9, 13, 10, 16 ], "texture": "#texture" },
        "west":  { "uv": [ 7, 13, 9, 16 ], "texture": "#texture" },
        "east":  { "uv": [ 7, 13, 9, 16 ], "texture": "#texture" }
    }
},
{
    "from": [ 8.5, 2, 7.5 ],
    "to": [ 8.75, 3.25, 8.5 ],
    "faces": {
        "down":  { "uv": [ 6, 10, 5, 6 ], "texture": "#texture" },
        "up":    { "uv": [ 10, 6, 11, 10 ], "texture": "#texture" },
        "north": { "uv": [ 5, 3, 6, 8 ], "texture": "#texture" },
        "south": { "uv": [ 10, 3, 11, 8 ], "texture": "#texture" },
        "west":  { "uv": [ 6, 3, 10, 8 ], "texture": "#texture" },
        "east":  { "uv": [ 6, 3, 10, 8 ], "texture": "#texture" }
    }
},
{
    "from": [ 8.5, 1.25, 7.75 ],
    "to": [ 8.75, 2, 8.25 ],
    "faces": {
        "down":  { "uv": [ 6, 9, 5, 7 ], "texture": "#texture" },
        "up":    { "uv": [ 10, 7, 11, 9 ], "texture": "#texture" },
        "north": { "uv": [ 5, 8, 6, 11 ], "texture": "#texture" },
        "south": { "uv": [ 10, 8, 11, 11 ], "texture": "#texture" },
        "west":  { "uv": [ 7, 8, 9, 11 ], "texture": "#texture" },
        "east":  { "uv": [ 7, 8, 9, 11 ], "texture": "#texture" }
    }
},
{
    "from": [ 7.25, 3.25, 7.5 ],
    "to": [ 7.5, 4.5, 8.5 ],
    "faces": {
        "down":  { "uv": [ 11, 10, 10, 6 ], "texture": "#texture" },
        "up":    { "uv": [ 5, 6, 6, 10 ], "texture": "#texture" },
        "north": { "uv": [ 10, 0, 11, 3 ], "texture": "#texture" },
        "south": { "uv": [ 5, 0, 6, 3 ], "texture": "#texture" },
        "west":  { "uv": [ 6, 0, 10, 3 ], "texture": "#texture" },
        "east":  { "uv": [ 6, 0, 10, 3 ], "texture": "#texture" }
    }
},
{
    "from": [ 7.25, 4.5, 7.75 ],
    "to": [ 7.5, 5, 8.25 ],
    "faces": {
        "down":  { "uv": [ 11, 9, 10, 7 ], "texture": "#texture" },
        "up":    { "uv": [ 5, 7, 6, 9 ], "texture": "#texture" },
        "north": { "uv": [ 10, 0, 11, 0 ], "texture": "#texture" },
        "south": { "uv": [ 5, 0, 6, 0 ], "texture": "#texture" },
        "west":  { "uv": [ 7, 0, 9, 0 ], "texture": "#texture" },
        "east":  { "uv": [ 7, 0, 9, 0 ], "texture": "#texture" }
    }
},
{
    "from": [ 8.75, 3.75, 7.5 ],
    "to": [ 9, 5, 8.5 ],
    "faces": {
        "down":  { "uv": [ 5, 10, 4, 6 ], "texture": "#texture" },
        "up":    { "uv": [ 11, 6, 12, 10 ], "texture": "#texture" },
        "north": { "uv": [ 4, 0, 5, 1 ], "texture": "#texture" },
        "south": { "uv": [ 11, 0, 12, 1 ], "texture": "#texture" },
        "west":  { "uv": [ 6, 0, 10, 1 ], "texture": "#texture" },
        "east":  { "uv": [ 6, 0, 10, 1 ], "texture": "#texture" }
    }
},
{
    "from": [ 8.75, 2.5, 7.75 ],
    "to": [ 9, 3.75, 8.25 ],
    "faces": {
        "down":  { "uv": [ 5, 9, 4, 7 ], "texture": "#texture" },
        "up":    { "uv": [ 11, 7, 12, 9 ], "texture": "#texture" },
        "north": { "uv": [ 4, 1, 5, 6 ], "texture": "#texture" },
        "south": { "uv": [ 11, 1, 12, 6 ], "texture": "#texture" },
        "west":  { "uv": [ 7, 1, 9, 6 ], "texture": "#texture" },
        "east":  { "uv": [ 7, 1, 9, 6 ], "texture": "#texture" }
    }
},
{
    "from": [ 7, 1.75, 7.5 ],
    "to": [ 7.25, 3, 8.5 ],
    "faces": {
        "down":  { "uv": [ 12, 10, 11, 6 ], "texture": "#texture" },
        "up":    { "uv": [ 4, 6, 5, 10 ], "texture": "#texture" },
        "north": { "uv": [ 11, 4, 12, 9 ], "texture": "#texture" },
        "south": { "uv": [ 4, 4, 5, 9 ], "texture": "#texture" },
        "west":  { "uv": [ 6, 4, 10, 9 ], "texture": "#texture" },
        "east":  { "uv": [ 6, 4, 10, 9 ], "texture": "#texture" }
    }
},
{
    "from": [ 6.75, 1, 7.75 ],
    "to": [ 7, 2.5, 8.25 ],
    "faces": {
        "down":  { "uv": [ 13, 9, 12, 7 ], "texture": "#texture" },
        "up":    { "uv": [ 3, 7, 4, 9 ], "texture": "#texture" },
        "north": { "uv": [ 12, 6, 13, 12 ], "texture": "#texture" },
        "south": { "uv": [ 3, 6, 4, 12 ], "texture": "#texture" },
        "west":  { "uv": [ 7, 6, 9, 12 ], "texture": "#texture" },
        "east":  { "uv": [ 7, 6, 9, 12 ], "texture": "#texture" }
    }
},
{
    "from": [ 7, 3, 7.75 ],
    "to": [ 7.25, 4.25, 8.25 ],
    "faces": {
        "down":  { "uv": [ 12, 9, 11, 7 ], "texture": "#texture" },
        "up":    { "uv": [ 4, 7, 5, 9 ], "texture": "#texture" },
        "north": { "uv": [ 11, 0, 12, 4 ], "texture": "#texture" },
        "south": { "uv": [ 4, 0, 5, 4 ], "texture": "#texture" },
        "west":  { "uv": [ 7, 0, 9, 4 ], "texture": "#texture" },
        "east":  { "uv": [ 7, 0, 9, 4 ], "texture": "#texture" }
    }
},
{
    "from": [ 7.75, 3.5, 8.75 ],
    "to": [ 8.5, 4.25, 9.25 ],
    "faces": {
        "down":  { "uv": [ 9, 13, 6, 11 ], "texture": "#texture" },
        "up":    { "uv": [ 7, 11, 10, 13 ], "texture": "#texture" },
        "north": { "uv": [ 6, 0, 9, 2 ], "texture": "#texture" },
        "south": { "uv": [ 7, 0, 10, 2 ], "texture": "#texture" },
        "west":  { "uv": [ 11, 0, 13, 2 ], "texture": "#texture" },
        "east":  { "uv": [ 3, 0, 5, 2 ], "texture": "#texture" }
    }
},
{
    "from": [ 8, 4.25, 8.75 ],
    "to": [ 8.25, 4.5, 9.25 ],
    "faces": {
        "down":  { "uv": [ 8, 13, 7, 11 ], "texture": "#texture" },
        "up":    { "uv": [ 8, 11, 9, 13 ], "texture": "#texture" },
        "north": { "uv": [ 7, 0, 8, 0 ], "texture": "#texture" },
        "south": { "uv": [ 8, 0, 9, 0 ], "texture": "#texture" },
        "west":  { "uv": [ 11, 0, 13, 0 ], "texture": "#texture" },
        "east":  { "uv": [ 3, 0, 5, 0 ], "texture": "#texture" }
    }
},
{
    "from": [ 7.75, 3.75, 9.25 ],
    "to": [ 8.5, 4.5, 9.5 ],
    "faces": {
        "down":  { "uv": [ 9, 14, 6, 13 ], "texture": "#texture" },
        "up":    { "uv": [ 7, 13, 10, 14 ], "texture": "#texture" },
        "north": { "uv": [ 6, 0, 9, 1 ], "texture": "#texture" },
        "south": { "uv": [ 7, 0, 10, 1 ], "texture": "#texture" },
        "west":  { "uv": [ 13, 0, 14, 1 ], "texture": "#texture" },
        "east":  { "uv": [ 2, 0, 3, 1 ], "texture": "#texture" }
    }
},
{
    "from": [ 8, 2.75, 8.75 ],
    "to": [ 8.25, 3.5, 9 ],
    "faces": {
        "down":  { "uv": [ 8, 12, 7, 11 ], "texture": "#texture" },
        "up":    { "uv": [ 8, 11, 9, 12 ], "texture": "#texture" },
        "north": { "uv": [ 7, 2, 8, 5 ], "texture": "#texture" },
        "south": { "uv": [ 8, 2, 9, 5 ], "texture": "#texture" },
        "west":  { "uv": [ 11, 2, 12, 5 ], "texture": "#texture" },
        "east":  { "uv": [ 4, 2, 5, 5 ], "texture": "#texture" }
    }
},
{
    "from": [ 8, 3.25, 9 ],
    "to": [ 8.25, 3.5, 9.25 ],
    "faces": {
        "down":  { "uv": [ 8, 13, 7, 12 ], "texture": "#texture" },
        "up":    { "uv": [ 8, 12, 9, 13 ], "texture": "#texture" },
        "north": { "uv": [ 7, 2, 8, 3 ], "texture": "#texture" },
        "south": { "uv": [ 8, 2, 9, 3 ], "texture": "#texture" },
        "west":  { "uv": [ 12, 2, 13, 3 ], "texture": "#texture" },
        "east":  { "uv": [ 3, 2, 4, 3 ], "texture": "#texture" }
    }
},
{
    "from": [ 7.75, 4, 9.5 ],
    "to": [ 8.5, 4.75, 9.75 ],
    "faces": {
        "down":  { "uv": [ 9, 15, 6, 14 ], "texture": "#texture" },
        "up":    { "uv": [ 7, 14, 10, 15 ], "texture": "#texture" },
        "north": { "uv": [ 6, 0, 9, 0 ], "texture": "#texture" },
        "south": { "uv": [ 7, 0, 10, 0 ], "texture": "#texture" },
        "west":  { "uv": [ 14, 0, 15, 0 ], "texture": "#texture" },
        "east":  { "uv": [ 1, 0, 2, 0 ], "texture": "#texture" }
    }
},
{
    "from": [ 7.75, 4.5, 9.75 ],
    "to": [ 8.5, 4.75, 10 ],
    "faces": {
        "down":  { "uv": [ 9, 16, 6, 15 ], "texture": "#texture" },
        "up":    { "uv": [ 7, 15, 10, 16 ], "texture": "#texture" },
        "north": { "uv": [ 6, 0, 9, 0 ], "texture": "#texture" },
        "south": { "uv": [ 7, 0, 10, 0 ], "texture": "#texture" },
        "west":  { "uv": [ 15, 0, 16, 0 ], "texture": "#texture" },
        "east":  { "uv": [ 0, 0, 1, 0 ], "texture": "#texture" }
    }
},
{
    "from": [ 8, 4.25, 9.75 ],
    "to": [ 8.25, 5, 10 ],
    "faces": {
        "down":  { "uv": [ 8, 16, 7, 15 ], "texture": "#texture" },
        "up":    { "uv": [ 8, 15, 9, 16 ], "texture": "#texture" },
        "north": { "uv": [ 7, 0, 8, 0 ], "texture": "#texture" },
        "south": { "uv": [ 8, 0, 9, 0 ], "texture": "#texture" },
        "west":  { "uv": [ 15, 0, 16, 0 ], "texture": "#texture" },
        "east":  { "uv": [ 0, 0, 1, 0 ], "texture": "#texture" }
    }
},
{
    "from": [ 8, 4.75, 10 ],
    "to": [ 8.25, 5, 10.25 ],
    "faces": {
        "down":  { "uv": [ 8, 16, 7, 16 ], "texture": "#texture" },
        "up":    { "uv": [ 8, 16, 9, 16 ], "texture": "#texture" },
        "north": { "uv": [ 7, 0, 8, 0 ], "texture": "#texture" },
        "south": { "uv": [ 8, 0, 9, 0 ], "texture": "#texture" },
        "west":  { "uv": [ 16, 0, 16, 0 ], "texture": "#texture" },
        "east":  { "uv": [ 0, 0, 0, 0 ], "texture": "#texture" }
    }
},
{
    "from": [ 8, 3.5, 9.25 ],
    "to": [ 8.25, 3.75, 9.5 ],
    "faces": {
        "down":  { "uv": [ 8, 14, 7, 13 ], "texture": "#texture" },
        "up":    { "uv": [ 8, 13, 9, 14 ], "texture": "#texture" },
        "north": { "uv": [ 7, 1, 8, 2 ], "texture": "#texture" },
        "south": { "uv": [ 8, 1, 9, 2 ], "texture": "#texture" },
        "west":  { "uv": [ 13, 1, 14, 2 ], "texture": "#texture" },
        "east":  { "uv": [ 2, 1, 3, 2 ], "texture": "#texture" }
    }
},
{
    "from": [ 6.25, 1, 7.75 ],
    "to": [ 6.75, 1.25, 8 ],
    "faces": {
        "down":  { "uv": [ 15, 8, 13, 7 ], "texture": "#texture" },
        "up":    { "uv": [ 1, 7, 3, 8 ], "texture": "#texture" },
        "north": { "uv": [ 13, 11, 15, 12 ], "texture": "#texture" },
        "south": { "uv": [ 1, 11, 3, 12 ], "texture": "#texture" },
        "west":  { "uv": [ 7, 11, 8, 12 ], "texture": "#texture" },
        "east":  { "uv": [ 8, 11, 9, 12 ], "texture": "#texture" }
    }
},
{
    "from": [ 6.5, 1.25, 7.5 ],
    "to": [ 6.75, 1.75, 8.25 ],
    "faces": {
        "down":  { "uv": [ 14, 9, 13, 6 ], "texture": "#texture" },
        "up":    { "uv": [ 2, 6, 3, 9 ], "texture": "#texture" },
        "north": { "uv": [ 13, 9, 14, 11 ], "texture": "#texture" },
        "south": { "uv": [ 2, 9, 3, 11 ], "texture": "#texture" },
        "west":  { "uv": [ 6, 9, 9, 11 ], "texture": "#texture" },
        "east":  { "uv": [ 7, 9, 10, 11 ], "texture": "#texture" }
    }
},
{
    "from": [ 6.25, 1.5, 7.5 ],
    "to": [ 6.5, 1.75, 8.25 ],
    "faces": {
        "down":  { "uv": [ 15, 9, 14, 6 ], "texture": "#texture" },
        "up":    { "uv": [ 1, 6, 2, 9 ], "texture": "#texture" },
        "north": { "uv": [ 14, 9, 15, 10 ], "texture": "#texture" },
        "south": { "uv": [ 1, 9, 2, 10 ], "texture": "#texture" },
        "west":  { "uv": [ 6, 9, 9, 10 ], "texture": "#texture" },
        "east":  { "uv": [ 7, 9, 10, 10 ], "texture": "#texture" }
    }
},
{
    "from": [ 6.5, 0.75, 7.75 ],
    "to": [ 6.75, 1, 8 ],
    "faces": {
        "down":  { "uv": [ 14, 8, 13, 7 ], "texture": "#texture" },
        "up":    { "uv": [ 2, 7, 3, 8 ], "texture": "#texture" },
        "north": { "uv": [ 13, 12, 14, 13 ], "texture": "#texture" },
        "south": { "uv": [ 2, 12, 3, 13 ], "texture": "#texture" },
        "west":  { "uv": [ 7, 12, 8, 13 ], "texture": "#texture" },
        "east":  { "uv": [ 8, 12, 9, 13 ], "texture": "#texture" }
    }
},
{
    "from": [ 6, 1.25, 7.75 ],
    "to": [ 6.5, 2, 8 ],
    "faces": {
        "down":  { "uv": [ 16, 8, 14, 7 ], "texture": "#texture" },
        "up":    { "uv": [ 0, 7, 2, 8 ], "texture": "#texture" },
        "north": { "uv": [ 14, 8, 16, 11 ], "texture": "#texture" },
        "south": { "uv": [ 0, 8, 2, 11 ], "texture": "#texture" },
        "west":  { "uv": [ 7, 8, 8, 11 ], "texture": "#texture" },
        "east":  { "uv": [ 8, 8, 9, 11 ], "texture": "#texture" }
    }
},
{
    "from": [ 5.75, 1.75, 7.75 ],
    "to": [ 6, 2, 8 ],
    "faces": {
        "down":  { "uv": [ 16, 8, 16, 7 ], "texture": "#texture" },
        "up":    { "uv": [ 0, 7, 0, 8 ], "texture": "#texture" },
        "north": { "uv": [ 16, 8, 16, 9 ], "texture": "#texture" },
        "south": { "uv": [ 0, 8, 0, 9 ], "texture": "#texture" },
        "west":  { "uv": [ 7, 8, 8, 9 ], "texture": "#texture" },
        "east":  { "uv": [ 8, 8, 9, 9 ], "texture": "#texture" }
    }
},
{
    "from": [ 6.75, 1, 7.5 ],
    "to": [ 7, 1.75, 7.75 ],
    "faces": {
        "down":  { "uv": [ 13, 7, 12, 6 ], "texture": "#texture" },
        "up":    { "uv": [ 3, 6, 4, 7 ], "texture": "#texture" },
        "north": { "uv": [ 12, 9, 13, 12 ], "texture": "#texture" },
        "south": { "uv": [ 3, 9, 4, 12 ], "texture": "#texture" },
        "west":  { "uv": [ 6, 9, 7, 12 ], "texture": "#texture" },
        "east":  { "uv": [ 9, 9, 10, 12 ], "texture": "#texture" }
    }
},
{
    "from": [ 7.75, 3, 6.75 ],
    "to": [ 8.5, 3.75, 7.25 ],
    "faces": {
        "down":  { "uv": [ 9, 5, 6, 3 ], "texture": "#texture" },
        "up":    { "uv": [ 7, 3, 10, 5 ], "texture": "#texture" },
        "north": { "uv": [ 6, 1, 9, 4 ], "texture": "#texture" },
        "south": { "uv": [ 7, 1, 10, 4 ], "texture": "#texture" },
        "west":  { "uv": [ 3, 1, 5, 4 ], "texture": "#texture" },
        "east":  { "uv": [ 11, 1, 13, 4 ], "texture": "#texture" }
    }
},
{
    "from": [ 7.75, 2.75, 6.5 ],
    "to": [ 8.5, 3.5, 6.75 ],
    "faces": {
        "down":  { "uv": [ 9, 3, 6, 2 ], "texture": "#texture" },
        "up":    { "uv": [ 7, 2, 10, 3 ], "texture": "#texture" },
        "north": { "uv": [ 6, 2, 9, 5 ], "texture": "#texture" },
        "south": { "uv": [ 7, 2, 10, 5 ], "texture": "#texture" },
        "west":  { "uv": [ 2, 2, 3, 5 ], "texture": "#texture" },
        "east":  { "uv": [ 13, 2, 14, 5 ], "texture": "#texture" }
    }
},
{
    "from": [ 8, 2.75, 6.75 ],
    "to": [ 8.25, 3, 7.25 ],
    "faces": {
        "down":  { "uv": [ 8, 5, 7, 3 ], "texture": "#texture" },
        "up":    { "uv": [ 8, 3, 9, 5 ], "texture": "#texture" },
        "north": { "uv": [ 7, 4, 8, 5 ], "texture": "#texture" },
        "south": { "uv": [ 8, 4, 9, 5 ], "texture": "#texture" },
        "west":  { "uv": [ 3, 4, 5, 5 ], "texture": "#texture" },
        "east":  { "uv": [ 11, 4, 13, 5 ], "texture": "#texture" }
    }
},
{
    "from": [ 8, 3.75, 7 ],
    "to": [ 8.25, 4.5, 7.25 ],
    "faces": {
        "down":  { "uv": [ 8, 5, 7, 4 ], "texture": "#texture" },
        "up":    { "uv": [ 8, 4, 9, 5 ], "texture": "#texture" },
        "north": { "uv": [ 7, 0, 8, 1 ], "texture": "#texture" },
        "south": { "uv": [ 8, 0, 9, 1 ], "texture": "#texture" },
        "west":  { "uv": [ 4, 0, 5, 1 ], "texture": "#texture" },
        "east":  { "uv": [ 11, 0, 12, 1 ], "texture": "#texture" }
    }
},
{
    "from": [ 8, 3.75, 6.75 ],
    "to": [ 8.25, 4, 7 ],
    "faces": {
        "down":  { "uv": [ 8, 4, 7, 3 ], "texture": "#texture" },
        "up":    { "uv": [ 8, 3, 9, 4 ], "texture": "#texture" },
        "north": { "uv": [ 7, 0, 8, 1 ], "texture": "#texture" },
        "south": { "uv": [ 8, 0, 9, 1 ], "texture": "#texture" },
        "west":  { "uv": [ 3, 0, 4, 1 ], "texture": "#texture" },
        "east":  { "uv": [ 12, 0, 13, 1 ], "texture": "#texture" }
    }
},
{
    "from": [ 8, 3.5, 6.5 ],
    "to": [ 8.25, 3.75, 6.75 ],
    "faces": {
        "down":  { "uv": [ 8, 3, 7, 2 ], "texture": "#texture" },
        "up":    { "uv": [ 8, 2, 9, 3 ], "texture": "#texture" },
        "north": { "uv": [ 7, 1, 8, 2 ], "texture": "#texture" },
        "south": { "uv": [ 8, 1, 9, 2 ], "texture": "#texture" },
        "west":  { "uv": [ 2, 1, 3, 2 ], "texture": "#texture" },
        "east":  { "uv": [ 13, 1, 14, 2 ], "texture": "#texture" }
    }
},
{
    "from": [ 7.75, 2.5, 6.25 ],
    "to": [ 8.5, 3.25, 6.5 ],
    "faces": {
        "down":  { "uv": [ 9, 2, 6, 1 ], "texture": "#texture" },
        "up":    { "uv": [ 7, 1, 10, 2 ], "texture": "#texture" },
        "north": { "uv": [ 6, 3, 9, 6 ], "texture": "#texture" },
        "south": { "uv": [ 7, 3, 10, 6 ], "texture": "#texture" },
        "west":  { "uv": [ 1, 3, 2, 6 ], "texture": "#texture" },
        "east":  { "uv": [ 14, 3, 15, 6 ], "texture": "#texture" }
    }
},
{
    "from": [ 7.75, 2.5, 6 ],
    "to": [ 8.5, 2.75, 6.25 ],
    "faces": {
        "down":  { "uv": [ 9, 1, 6, 0 ], "texture": "#texture" },
        "up":    { "uv": [ 7, 0, 10, 1 ], "texture": "#texture" },
        "north": { "uv": [ 6, 5, 9, 6 ], "texture": "#texture" },
        "south": { "uv": [ 7, 5, 10, 6 ], "texture": "#texture" },
        "west":  { "uv": [ 0, 5, 1, 6 ], "texture": "#texture" },
        "east":  { "uv": [ 15, 5, 16, 6 ], "texture": "#texture" }
    }
},
{
    "from": [ 8, 2.25, 6 ],
    "to": [ 8.25, 3, 6.25 ],
    "faces": {
        "down":  { "uv": [ 8, 1, 7, 0 ], "texture": "#texture" },
        "up":    { "uv": [ 8, 0, 9, 1 ], "texture": "#texture" },
        "north": { "uv": [ 7, 4, 8, 7 ], "texture": "#texture" },
        "south": { "uv": [ 8, 4, 9, 7 ], "texture": "#texture" },
        "west":  { "uv": [ 0, 4, 1, 7 ], "texture": "#texture" },
        "east":  { "uv": [ 15, 4, 16, 7 ], "texture": "#texture" }
    }
},
{
    "from": [ 8, 2.25, 5.75 ],
    "to": [ 8.25, 2.5, 6 ],
    "faces": {
        "down":  { "uv": [ 8, 0, 7, 0 ], "texture": "#texture" },
        "up":    { "uv": [ 8, 0, 9, 0 ], "texture": "#texture" },
        "north": { "uv": [ 7, 6, 8, 7 ], "texture": "#texture" },
        "south": { "uv": [ 8, 6, 9, 7 ], "texture": "#texture" },
        "west":  { "uv": [ 0, 6, 0, 7 ], "texture": "#texture" },
        "east":  { "uv": [ 16, 6, 16, 7 ], "texture": "#texture" }
    }
},
{
    "from": [ 9, 4, 7.75 ],
    "to": [ 9.25, 4.5, 8.5 ],
    "faces": {
        "down":  { "uv": [ 4, 10, 3, 7 ], "texture": "#texture" },
        "up":    { "uv": [ 12, 7, 13, 10 ], "texture": "#texture" },
        "north": { "uv": [ 3, 0, 4, 0 ], "texture": "#texture" },
        "south": { "uv": [ 12, 0, 13, 0 ], "texture": "#texture" },
        "west":  { "uv": [ 7, 0, 10, 0 ], "texture": "#texture" },
        "east":  { "uv": [ 6, 0, 9, 0 ], "texture": "#texture" }
    }
},
{
    "from": [ 9.25, 4.25, 7.75 ],
    "to": [ 9.5, 4.5, 8.5 ],
    "faces": {
        "down":  { "uv": [ 3, 10, 2, 7 ], "texture": "#texture" },
        "up":    { "uv": [ 13, 7, 14, 10 ], "texture": "#texture" },
        "north": { "uv": [ 2, 0, 3, 0 ], "texture": "#texture" },
        "south": { "uv": [ 13, 0, 14, 0 ], "texture": "#texture" },
        "west":  { "uv": [ 7, 0, 10, 0 ], "texture": "#texture" },
        "east":  { "uv": [ 6, 0, 9, 0 ], "texture": "#texture" }
    }
},
{
    "from": [ 9, 3.75, 8 ],
    "to": [ 9.5, 4, 8.25 ],
    "faces": {
        "down":  { "uv": [ 4, 9, 2, 8 ], "texture": "#texture" },
        "up":    { "uv": [ 12, 8, 14, 9 ], "texture": "#texture" },
        "north": { "uv": [ 2, 0, 4, 1 ], "texture": "#texture" },
        "south": { "uv": [ 12, 0, 14, 1 ], "texture": "#texture" },
        "west":  { "uv": [ 8, 0, 9, 1 ], "texture": "#texture" },
        "east":  { "uv": [ 7, 0, 8, 1 ], "texture": "#texture" }
    }
},
{
    "from": [ 9.75, 4.5, 8 ],
    "to": [ 10, 4.75, 8.25 ],
    "faces": {
        "down":  { "uv": [ 1, 9, 0, 8 ], "texture": "#texture" },
        "up":    { "uv": [ 15, 8, 16, 9 ], "texture": "#texture" },
        "north": { "uv": [ 0, 0, 1, 0 ], "texture": "#texture" },
        "south": { "uv": [ 15, 0, 16, 0 ], "texture": "#texture" },
        "west":  { "uv": [ 8, 0, 9, 0 ], "texture": "#texture" },
        "east":  { "uv": [ 7, 0, 8, 0 ], "texture": "#texture" }
    }
},
{
    "from": [ 9.25, 4, 8 ],
    "to": [ 9.75, 4.75, 8.25 ],
    "faces": {
        "down":  { "uv": [ 3, 9, 1, 8 ], "texture": "#texture" },
        "up":    { "uv": [ 13, 8, 15, 9 ], "texture": "#texture" },
        "north": { "uv": [ 1, 0, 3, 0 ], "texture": "#texture" },
        "south": { "uv": [ 13, 0, 15, 0 ], "texture": "#texture" },
        "west":  { "uv": [ 8, 0, 9, 0 ], "texture": "#texture" },
        "east":  { "uv": [ 7, 0, 8, 0 ], "texture": "#texture" }
    }
},
{
    "from": [ 9, 3.5, 8 ],
    "to": [ 9.25, 3.75, 8.25 ],
    "faces": {
        "down":  { "uv": [ 4, 9, 3, 8 ], "texture": "#texture" },
        "up":    { "uv": [ 12, 8, 13, 9 ], "texture": "#texture" },
        "north": { "uv": [ 3, 1, 4, 2 ], "texture": "#texture" },
        "south": { "uv": [ 12, 1, 13, 2 ], "texture": "#texture" },
        "west":  { "uv": [ 8, 1, 9, 2 ], "texture": "#texture" },
        "east":  { "uv": [ 7, 1, 8, 2 ], "texture": "#texture" }
    }
},
{
    "from": [ 6, -3.25, 8 ],
    "to": [ 6.25, -2.5, 8.25 ],
    "faces": {
        "down":  { "uv": [ 16, 9, 15, 8 ], "texture": "#texture" },
        "up":    { "uv": [ 0, 8, 1, 9 ], "texture": "#texture" },
        "north": { "uv": [ 15, 16, 16, 16 ], "texture": "#texture" },
        "south": { "uv": [ 0, 16, 1, 16 ], "texture": "#texture" },
        "west":  { "uv": [ 8, 16, 9, 16 ], "texture": "#texture" },
        "east":  { "uv": [ 7, 16, 8, 16 ], "texture": "#texture" }
    }
},
{
    "from": [ 5.75, -4, 7.75 ],
    "to": [ 6.25, -3.25, 8.5 ],
    "faces": {
        "down":  { "uv": [ 16, 10, 15, 7 ], "texture": "#texture" },
        "up":    { "uv": [ 0, 7, 1, 10 ], "texture": "#texture" },
        "north": { "uv": [ 15, 16, 16, 16 ], "texture": "#texture" },
        "south": { "uv": [ 0, 16, 1, 16 ], "texture": "#texture" },
        "west":  { "uv": [ 7, 16, 10, 16 ], "texture": "#texture" },
        "east":  { "uv": [ 6, 16, 9, 16 ], "texture": "#texture" }
    }
},
{
    "from": [ 5.5, -4.25, 7.75 ],
    "to": [ 5.75, -3.5, 8.5 ],
    "faces": {
        "down":  { "uv": [ 16, 10, 16, 7 ], "texture": "#texture" },
        "up":    { "uv": [ 0, 7, 0, 10 ], "texture": "#texture" },
        "north": { "uv": [ 16, 16, 16, 16 ], "texture": "#texture" },
        "south": { "uv": [ 0, 16, 0, 16 ], "texture": "#texture" },
        "west":  { "uv": [ 7, 16, 10, 16 ], "texture": "#texture" },
        "east":  { "uv": [ 6, 16, 9, 16 ], "texture": "#texture" }
    }
},
{
    "from": [ 5.25, -4.5, 7.75 ],
    "to": [ 5.5, -3.75, 8.5 ],
    "faces": {
        "down":  { "uv": [ 16, 10, 16, 7 ], "texture": "#texture" },
        "up":    { "uv": [ 0, 7, 0, 10 ], "texture": "#texture" },
        "north": { "uv": [ 16, 16, 16, 16 ], "texture": "#texture" },
        "south": { "uv": [ 0, 16, 0, 16 ], "texture": "#texture" },
        "west":  { "uv": [ 7, 16, 10, 16 ], "texture": "#texture" },
        "east":  { "uv": [ 6, 16, 9, 16 ], "texture": "#texture" }
    }
},
{
    "from": [ 5, -4.5, 7.75 ],
    "to": [ 5.25, -4.25, 8.5 ],
    "faces": {
        "down":  { "uv": [ 16, 10, 16, 7 ], "texture": "#texture" },
        "up":    { "uv": [ 0, 7, 0, 10 ], "texture": "#texture" },
        "north": { "uv": [ 16, 16, 16, 16 ], "texture": "#texture" },
        "south": { "uv": [ 0, 16, 0, 16 ], "texture": "#texture" },
        "west":  { "uv": [ 7, 16, 10, 16 ], "texture": "#texture" },
        "east":  { "uv": [ 6, 16, 9, 16 ], "texture": "#texture" }
    }
},
{
    "from": [ 5.75, -3.25, 8 ],
    "to": [ 6, -3, 8.25 ],
    "faces": {
        "down":  { "uv": [ 16, 9, 16, 8 ], "texture": "#texture" },
        "up":    { "uv": [ 0, 8, 0, 9 ], "texture": "#texture" },
        "north": { "uv": [ 16, 16, 16, 16 ], "texture": "#texture" },
        "south": { "uv": [ 0, 16, 0, 16 ], "texture": "#texture" },
        "west":  { "uv": [ 8, 16, 9, 16 ], "texture": "#texture" },
        "east":  { "uv": [ 7, 16, 8, 16 ], "texture": "#texture" }
    }
},
{
    "from": [ 5.5, -3.5, 8 ],
    "to": [ 5.75, -3.25, 8.25 ],
    "faces": {
        "down":  { "uv": [ 16, 9, 16, 8 ], "texture": "#texture" },
        "up":    { "uv": [ 0, 8, 0, 9 ], "texture": "#texture" },
        "north": { "uv": [ 16, 16, 16, 16 ], "texture": "#texture" },
        "south": { "uv": [ 0, 16, 0, 16 ], "texture": "#texture" },
        "west":  { "uv": [ 8, 16, 9, 16 ], "texture": "#texture" },
        "east":  { "uv": [ 7, 16, 8, 16 ], "texture": "#texture" }
    }
},
{
    "from": [ 5, -4.75, 8 ],
    "to": [ 5.25, -4, 8.25 ],
    "faces": {
        "down":  { "uv": [ 16, 9, 16, 8 ], "texture": "#texture" },
        "up":    { "uv": [ 0, 8, 0, 9 ], "texture": "#texture" },
        "north": { "uv": [ 16, 16, 16, 16 ], "texture": "#texture" },
        "south": { "uv": [ 0, 16, 0, 16 ], "texture": "#texture" },
        "west":  { "uv": [ 8, 16, 9, 16 ], "texture": "#texture" },
        "east":  { "uv": [ 7, 16, 8, 16 ], "texture": "#texture" }
    }
},
{
    "from": [ 4.75, -4.75, 8 ],
    "to": [ 5, -4.5, 8.25 ],
    "faces": {
        "down":  { "uv": [ 16, 9, 16, 8 ], "texture": "#texture" },
        "up":    { "uv": [ 0, 8, 0, 9 ], "texture": "#texture" },
        "north": { "uv": [ 16, 16, 16, 16 ], "texture": "#texture" },
        "south": { "uv": [ 0, 16, 0, 16 ], "texture": "#texture" },
        "west":  { "uv": [ 8, 16, 9, 16 ], "texture": "#texture" },
        "east":  { "uv": [ 7, 16, 8, 16 ], "texture": "#texture" }
    }
},
{
    "from": [ 5.75, -4.25, 8 ],
    "to": [ 6.25, -4, 8.25 ],
    "faces": {
        "down":  { "uv": [ 16, 9, 15, 8 ], "texture": "#texture" },
        "up":    { "uv": [ 0, 8, 1, 9 ], "texture": "#texture" },
        "north": { "uv": [ 15, 16, 16, 16 ], "texture": "#texture" },
        "south": { "uv": [ 0, 16, 1, 16 ], "texture": "#texture" },
        "west":  { "uv": [ 8, 16, 9, 16 ], "texture": "#texture" },
        "east":  { "uv": [ 7, 16, 8, 16 ], "texture": "#texture" }
    }
},
{
    "from": [ 6.25, -4.5, 8.25 ],
    "to": [ 6.5, -2.75, 8.5 ],
    "faces": {
        "down":  { "uv": [ 15, 10, 14, 9 ], "texture": "#texture" },
        "up":    { "uv": [ 1, 9, 2, 10 ], "texture": "#texture" },
        "north": { "uv": [ 14, 16, 15, 16 ], "texture": "#texture" },
        "south": { "uv": [ 1, 16, 2, 16 ], "texture": "#texture" },
        "west":  { "uv": [ 9, 16, 10, 16 ], "texture": "#texture" },
        "east":  { "uv": [ 6, 16, 7, 16 ], "texture": "#texture" }
    }
},
{
    "from": [ 7.25, -7, 7.75 ],
    "to": [ 7.75, -6.75, 8 ],
    "faces": {
        "down":  { "uv": [ 11, 8, 9, 7 ], "texture": "#texture" },
        "up":    { "uv": [ 5, 7, 7, 8 ], "texture": "#texture" },
        "north": { "uv": [ 9, 16, 11, 16 ], "texture": "#texture" },
        "south": { "uv": [ 5, 16, 7, 16 ], "texture": "#texture" },
        "west":  { "uv": [ 7, 16, 8, 16 ], "texture": "#texture" },
        "east":  { "uv": [ 8, 16, 9, 16 ], "texture": "#texture" }
    }
},
{
    "from": [ 7.25, -7.75, 7.5 ],
    "to": [ 7.75, -7, 8.25 ],
    "faces": {
        "down":  { "uv": [ 11, 9, 9, 6 ], "texture": "#texture" },
        "up":    { "uv": [ 5, 6, 7, 9 ], "texture": "#texture" },
        "north": { "uv": [ 9, 16, 11, 16 ], "texture": "#texture" },
        "south": { "uv": [ 5, 16, 7, 16 ], "texture": "#texture" },
        "west":  { "uv": [ 6, 16, 9, 16 ], "texture": "#texture" },
        "east":  { "uv": [ 7, 16, 10, 16 ], "texture": "#texture" }
    }
},
{
    "from": [ 7.75, -7.5, 7.5 ],
    "to": [ 8, -6.75, 8.25 ],
    "faces": {
        "down":  { "uv": [ 9, 9, 8, 6 ], "texture": "#texture" },
        "up":    { "uv": [ 7, 6, 8, 9 ], "texture": "#texture" },
        "north": { "uv": [ 8, 16, 9, 16 ], "texture": "#texture" },
        "south": { "uv": [ 7, 16, 8, 16 ], "texture": "#texture" },
        "west":  { "uv": [ 6, 16, 9, 16 ], "texture": "#texture" },
        "east":  { "uv": [ 7, 16, 10, 16 ], "texture": "#texture" }
    }
},
{
    "from": [ 8, -7.25, 7.5 ],
    "to": [ 8.25, -6.5, 8.25 ],
    "faces": {
        "down":  { "uv": [ 8, 9, 7, 6 ], "texture": "#texture" },
        "up":    { "uv": [ 8, 6, 9, 9 ], "texture": "#texture" },
        "north": { "uv": [ 7, 16, 8, 16 ], "texture": "#texture" },
        "south": { "uv": [ 8, 16, 9, 16 ], "texture": "#texture" },
        "west":  { "uv": [ 6, 16, 9, 16 ], "texture": "#texture" },
        "east":  { "uv": [ 7, 16, 10, 16 ], "texture": "#texture" }
    }
},
{
    "from": [ 8.25, -6.75, 7.5 ],
    "to": [ 8.5, -6.5, 8.25 ],
    "faces": {
        "down":  { "uv": [ 7, 9, 6, 6 ], "texture": "#texture" },
        "up":    { "uv": [ 9, 6, 10, 9 ], "texture": "#texture" },
        "north": { "uv": [ 6, 16, 7, 16 ], "texture": "#texture" },
        "south": { "uv": [ 9, 16, 10, 16 ], "texture": "#texture" },
        "west":  { "uv": [ 6, 16, 9, 16 ], "texture": "#texture" },
        "east":  { "uv": [ 7, 16, 10, 16 ], "texture": "#texture" }
    }
},
{
    "from": [ 7.25, -8.5, 7.75 ],
    "to": [ 7.5, -7.75, 8 ],
    "faces": {
        "down":  { "uv": [ 11, 8, 10, 7 ], "texture": "#texture" },
        "up":    { "uv": [ 5, 7, 6, 8 ], "texture": "#texture" },
        "north": { "uv": [ 10, 16, 11, 16 ], "texture": "#texture" },
        "south": { "uv": [ 5, 16, 6, 16 ], "texture": "#texture" },
        "west":  { "uv": [ 7, 16, 8, 16 ], "texture": "#texture" },
        "east":  { "uv": [ 8, 16, 9, 16 ], "texture": "#texture" }
    }
},
{
    "from": [ 7, -9, 7.75 ],
    "to": [ 7.25, -8.5, 8 ],
    "faces": {
        "down":  { "uv": [ 12, 8, 11, 7 ], "texture": "#texture" },
        "up":    { "uv": [ 4, 7, 5, 8 ], "texture": "#texture" },
        "north": { "uv": [ 11, 16, 12, 16 ], "texture": "#texture" },
        "south": { "uv": [ 4, 16, 5, 16 ], "texture": "#texture" },
        "west":  { "uv": [ 7, 16, 8, 16 ], "texture": "#texture" },
        "east":  { "uv": [ 8, 16, 9, 16 ], "texture": "#texture" }
    }
},
{
    "from": [ 7.75, -7.75, 7.75 ],
    "to": [ 8, -7.5, 8 ],
    "faces": {
        "down":  { "uv": [ 9, 8, 8, 7 ], "texture": "#texture" },
        "up":    { "uv": [ 7, 7, 8, 8 ], "texture": "#texture" },
        "north": { "uv": [ 8, 16, 9, 16 ], "texture": "#texture" },
        "south": { "uv": [ 7, 16, 8, 16 ], "texture": "#texture" },
        "west":  { "uv": [ 7, 16, 8, 16 ], "texture": "#texture" },
        "east":  { "uv": [ 8, 16, 9, 16 ], "texture": "#texture" }
    }
},
{
    "from": [ 7.5, -8, 7.75 ],
    "to": [ 7.75, -7.75, 8 ],
    "faces": {
        "down":  { "uv": [ 10, 8, 9, 7 ], "texture": "#texture" },
        "up":    { "uv": [ 6, 7, 7, 8 ], "texture": "#texture" },
        "north": { "uv": [ 9, 16, 10, 16 ], "texture": "#texture" },
        "south": { "uv": [ 6, 16, 7, 16 ], "texture": "#texture" },
        "west":  { "uv": [ 7, 16, 8, 16 ], "texture": "#texture" },
        "east":  { "uv": [ 8, 16, 9, 16 ], "texture": "#texture" }
    }
},
{
    "from": [ 8.5, -6.5, 7.75 ],
    "to": [ 8.75, -6.25, 8 ],
    "faces": {
        "down":  { "uv": [ 6, 8, 5, 7 ], "texture": "#texture" },
        "up":    { "uv": [ 10, 7, 11, 8 ], "texture": "#texture" },
        "north": { "uv": [ 5, 16, 6, 16 ], "texture": "#texture" },
        "south": { "uv": [ 10, 16, 11, 16 ], "texture": "#texture" },
        "west":  { "uv": [ 7, 16, 8, 16 ], "texture": "#texture" },
        "east":  { "uv": [ 8, 16, 9, 16 ], "texture": "#texture" }
    }
},
{
    "from": [ 8.25, -7, 7.75 ],
    "to": [ 8.5, -6.25, 8 ],
    "faces": {
        "down":  { "uv": [ 7, 8, 6, 7 ], "texture": "#texture" },
        "up":    { "uv": [ 9, 7, 10, 8 ], "texture": "#texture" },
        "north": { "uv": [ 6, 16, 7, 16 ], "texture": "#texture" },
        "south": { "uv": [ 9, 16, 10, 16 ], "texture": "#texture" },
        "west":  { "uv": [ 7, 16, 8, 16 ], "texture": "#texture" },
        "east":  { "uv": [ 8, 16, 9, 16 ], "texture": "#texture" }
    }
},
{
    "from": [ 7, -8.5, 7.5 ],
    "to": [ 7.25, -7, 7.75 ],
    "faces": {
        "down":  { "uv": [ 12, 7, 11, 6 ], "texture": "#texture" },
        "up":    { "uv": [ 4, 6, 5, 7 ], "texture": "#texture" },
        "north": { "uv": [ 11, 16, 12, 16 ], "texture": "#texture" },
        "south": { "uv": [ 4, 16, 5, 16 ], "texture": "#texture" },
        "west":  { "uv": [ 6, 16, 7, 16 ], "texture": "#texture" },
        "east":  { "uv": [ 9, 16, 10, 16 ], "texture": "#texture" }
    }
}
]
}