{
	"credit": "Made with Blockbench",
	"textures": {
		"0": "item/harun_staff",
		"1": "item/harun_staff_flame",
		"particle": "item/harun_staff"
	},
	"elements": [
		{
			"from": [8, 2, 6.5],
			"to": [9, 6, 7.5],
			"faces": {
				"north": {"uv": [0, 5, 1, 9], "texture": "#0"},
				"east": {"uv": [3.5, 5, 4.5, 9], "texture": "#0"},
				"south": {"uv": [0, 5, 1, 9], "texture": "#0"},
				"west": {"uv": [3.5, 5, 4.5, 9], "texture": "#0"},
				"up": {"uv": [0, 5, 1, 6], "rotation": 90, "texture": "#0"},
				"down": {"uv": [0, 8, 1, 9], "texture": "#0"}
			}
		},
		{
			"from": [7, 5, 6.5],
			"to": [8, 7.5, 7.5],
			"faces": {
				"north": {"uv": [1, 3.5, 2, 6], "texture": "#0"},
				"east": {"uv": [3.5, 3.5, 4.5, 6], "texture": "#0"},
				"south": {"uv": [1, 3.5, 2, 6], "texture": "#0"},
				"west": {"uv": [3.5, 3.5, 4.5, 6], "texture": "#0"},
				"down": {"uv": [1, 5, 2, 6], "texture": "#0"}
			}
		},
		{
			"from": [7, 8, 7],
			"to": [8, 12.5, 8],
			"faces": {
				"north": {"uv": [2, 11.5, 3, 16], "texture": "#0"},
				"east": {"uv": [5.5, 11.5, 6.5, 16], "texture": "#0"},
				"south": {"uv": [2, 11.5, 3, 16], "texture": "#0"},
				"west": {"uv": [5.5, 11.5, 6.5, 16], "texture": "#0"}
			}
		},
		{
			"from": [7, 7.5, 6.5],
			"to": [8, 8, 8],
			"faces": {
				"north": {"uv": [1, 3, 2, 3.5], "texture": "#0"},
				"east": {"uv": [3, 3, 4.5, 3.5], "texture": "#0"},
				"south": {"uv": [1, 3, 2, 3.5], "texture": "#0"},
				"west": {"uv": [3, 3, 4, 3.5], "texture": "#0"},
				"up": {"uv": [3, 3, 4.5, 3.5], "rotation": 90, "texture": "#0"},
				"down": {"uv": [3, 3, 4.5, 3.5], "rotation": 90, "texture": "#0"}
			}
		},
		{
			"from": [7.5, -3, 6.5],
			"to": [8.5, 2, 7.5],
			"faces": {
				"north": {"uv": [0.5, 9, 1.5, 14], "texture": "#0"},
				"east": {"uv": [3.5, 9, 4.5, 14], "texture": "#0"},
				"south": {"uv": [0.5, 9, 1.5, 14], "texture": "#0"},
				"west": {"uv": [3.5, 9, 4.5, 14], "texture": "#0"},
				"up": {"uv": [0.5, 9, 1.5, 10], "rotation": 90, "texture": "#0"},
				"down": {"uv": [0.5, 13, 1.5, 14], "texture": "#0"}
			}
		},
		{
			"from": [7, 12.5, 6],
			"to": [8, 13.5, 8],
			"faces": {
				"north": {"uv": [3.5, 10.5, 4.5, 11.5], "texture": "#0"},
				"east": {"uv": [5.5, 10.5, 7.5, 11.5], "texture": "#0"},
				"south": {"uv": [3.5, 10.5, 4.5, 11.5], "texture": "#0"},
				"west": {"uv": [7.5, 10.5, 5.5, 11.5], "texture": "#0"},
				"up": {"uv": [5.5, 10.5, 7.5, 11], "rotation": 90, "texture": "#0"},
				"down": {"uv": [5.5, 11, 7.5, 11.5], "rotation": 90, "texture": "#0"}
			}
		},
		{
			"from": [7, 13.5, 5.5],
			"to": [8, 14, 7.5],
			"faces": {
				"north": {"uv": [2, 10, 3, 10.5], "texture": "#0"},
				"east": {"uv": [6, 10, 8, 10.5], "texture": "#0"},
				"south": {"uv": [2, 10, 3, 10.5], "texture": "#0"},
				"west": {"uv": [8, 10, 6, 10.5], "texture": "#0"},
				"up": {"uv": [6, 10, 8, 10.5], "rotation": 90, "texture": "#0"},
				"down": {"uv": [6, 10, 8, 10.5], "rotation": 90, "texture": "#0"}
			}
		},
		{
			"from": [7, 14, 5.5],
			"to": [8, 16.5, 6.5],
			"faces": {
				"north": {"uv": [2, 7.5, 3, 10], "texture": "#0"},
				"east": {"uv": [7, 7.5, 8, 10], "texture": "#0"},
				"south": {"uv": [2, 7.5, 3, 10], "texture": "#0"},
				"west": {"uv": [8, 7.5, 7, 10], "texture": "#0"}
			}
		},
		{
			"from": [7, 17, 6],
			"to": [8, 18, 7.5],
			"faces": {
				"north": {"uv": [2, 6, 3, 7], "texture": "#0"},
				"east": {"uv": [6, 6, 7.5, 7], "texture": "#0"},
				"south": {"uv": [2, 6, 3, 7], "texture": "#0"},
				"west": {"uv": [7.5, 6, 6, 7], "texture": "#0"},
				"up": {"uv": [6, 6, 7.5, 6.5], "rotation": 90, "texture": "#0"}
			}
		},
		{
			"from": [7, 16.5, 5.5],
			"to": [8, 17, 8],
			"faces": {
				"north": {"uv": [2, 7, 3, 7.5], "texture": "#0"},
				"east": {"uv": [5.5, 7, 8, 7.5], "texture": "#0"},
				"south": {"uv": [2, 7, 3, 7.5], "texture": "#0"},
				"west": {"uv": [8, 7, 5.5, 7.5], "texture": "#0"},
				"up": {"uv": [5.5, 7, 8, 7.5], "rotation": 90, "texture": "#0"},
				"down": {"uv": [5.5, 7, 8, 7.5], "texture": "#0"}
			}
		},
		{
			"from": [7, 18, 6],
			"to": [8, 19, 7],
			"faces": {
				"north": {"uv": [2, 5, 3, 6], "texture": "#0"},
				"east": {"uv": [6.5, 5, 7.5, 6], "texture": "#0"},
				"south": {"uv": [2, 5, 3, 6], "texture": "#0"},
				"west": {"uv": [7.5, 5, 6.5, 6], "texture": "#0"},
				"up": {"uv": [6.5, 5, 7.5, 5.5], "texture": "#0"}
			}
		},
		{
			"from": [7, 16, 7],
			"to": [8, 16.5, 8.5],
			"faces": {
				"north": {"uv": [2, 7.5, 3, 8], "texture": "#0"},
				"east": {"uv": [5, 7.5, 6.5, 8], "texture": "#0"},
				"south": {"uv": [2, 7.5, 3, 8], "texture": "#0"},
				"west": {"uv": [6.5, 7.5, 5, 8], "texture": "#0"},
				"up": {"uv": [5, 7.5, 6.5, 8], "rotation": 90, "texture": "#0"},
				"down": {"uv": [5, 7.5, 6.5, 8], "rotation": 90, "texture": "#0"}
			}
		},
		{
			"from": [7, 15.5, 8],
			"to": [8, 16, 9],
			"faces": {
				"north": {"uv": [2, 8, 3, 8.5], "texture": "#0"},
				"east": {"uv": [4.5, 8, 5.5, 8.5], "texture": "#0"},
				"south": {"uv": [2, 8, 3, 8.5], "texture": "#0"},
				"west": {"uv": [5.5, 8, 4.5, 8.5], "texture": "#0"},
				"up": {"uv": [4.5, 8, 5.5, 8.5], "rotation": 90, "texture": "#0"},
				"down": {"uv": [4.5, 8, 5.5, 8.5], "rotation": 90, "texture": "#0"}
			}
		},
		{
			"from": [7, 15, 8.5],
			"to": [8, 15.5, 9],
			"faces": {
				"north": {"uv": [2, 8.5, 3, 9], "texture": "#0"},
				"east": {"uv": [4.5, 8.5, 5, 9], "texture": "#0"},
				"south": {"uv": [2, 8.5, 3, 9], "texture": "#0"},
				"west": {"uv": [5, 8.5, 4.5, 9], "texture": "#0"},
				"down": {"uv": [4.5, 8.5, 5, 9], "rotation": 90, "texture": "#0"}
			}
		},
		{
			"from": [8, -5, 6.5],
			"to": [8.5, -3, 7.5],
			"faces": {
				"north": {"uv": [0.5, 14, 1, 16], "texture": "#0"},
				"east": {"uv": [3.5, 14, 4.5, 16], "texture": "#0"},
				"south": {"uv": [0.5, 14, 1, 16], "texture": "#0"},
				"west": {"uv": [3.5, 14, 4.5, 16], "texture": "#0"},
				"down": {"uv": [3.5, 15.5, 4.5, 16], "rotation": 90, "texture": "#0"}
			}
		},
		{
			"from": [5, 8.5, 7],
			"to": [7, 11.5, 7],
			"rotation": {"angle": -45, "axis": "y", "origin": [7, 10.5, 7]},
			"faces": {
				"north": {"uv": [9, 13, 11, 16], "texture": "#0"},
				"south": {"uv": [11, 13, 9, 16], "texture": "#0"}
			}
		},
		{
			"from": [3.5, 10, 7],
			"to": [11.5, 18, 7],
			"rotation": {"angle": 45, "axis": "y", "origin": [7.5, 14, 7]},
			"faces": {
				"north": {"uv": [0, 0, 16, 16], "texture": "#1"},
				"south": {"uv": [0, 0, 16, 16], "texture": "#1"}
			}
		},
		{
			"from": [3.5, 10, 7],
			"to": [11.5, 18, 7],
			"rotation": {"angle": -45, "axis": "y", "origin": [7.5, 14, 7]},
			"faces": {
				"north": {"uv": [0, 0, 16, 16], "texture": "#1"},
				"south": {"uv": [0, 0, 16, 16], "texture": "#1"}
			}
		}
	],
	"display": {
		"thirdperson_righthand": {
			"scale": [1.5, 1.5, 1.5],
			"rotation": [0, -90, 0],
			"translation": [-1.5, 4, 1.5]
		},
		"thirdperson_lefthand": {
			"scale": [1.5, 1.5, 1.5],
			"rotation": [5, -90, 0],
			"translation": [-1.5, 4, 3]
		},
		"firstperson_righthand": {
			"rotation": [-32, -90, 0],
			"translation": [0, 4, 2]
		},
		"firstperson_lefthand": {
			"rotation": [-32, 90, 0],
			"translation": [0, 4, 2]
		},
		"ground": {
			"scale": [0.75, 0.75, 0.75],
			"rotation": [0, 0, 60],
			"translation": [-0.5, -0.5, 0]
		},
		"fixed": {
			"scale": [1.5, 1.5, 1.5],
			"translation": [0, 2, 0]
		},
		"gui": {
			"rotation": [-35, -22, -45],
			"translation": [-1.5, -0.5, 0]
		}
	}
}