{
	"credit": "Made with Blockbench",
	"textures": {
		"0": "entity/harun",
		"1": "entity/harun_cape",
		"particle": "entity/harun"
	},
	"elements": [
		{
			"from": [4, 10, 6],
			"to": [12, 22, 10],
			"faces": {
				"north": {"uv": [5, 5, 7, 8], "texture": "#0"},
				"east": {"uv": [4, 5, 5, 8], "texture": "#0"},
				"south": {"uv": [8, 5, 10, 8], "texture": "#0"},
				"west": {"uv": [7, 5, 8, 8], "texture": "#0"},
				"up": {"uv": [5, 4, 7, 5], "texture": "#0"},
				"down": {"uv": [7, 4, 9, 5], "texture": "#0"}
			}
		},
		{
			"from": [3.5, 4, 5.5],
			"to": [12.5, 10, 10.5],
			"faces": {
				"north": {"uv": [5, 9.25, 7.25, 10.75], "texture": "#0"},
				"east": {"uv": [3.75, 9.25, 5, 10.75], "texture": "#0"},
				"south": {"uv": [8.5, 9.25, 10.75, 10.75], "texture": "#0"},
				"west": {"uv": [7.25, 9.25, 8.5, 10.75], "texture": "#0"},
				"up": {"uv": [5, 8, 7.25, 9.25], "texture": "#0"}
			}
		},
		{
			"from": [11.5, 17.5, 5.5],
			"to": [16.5, 22.5, 10.5],
			"faces": {
				"north": {"uv": [12, 5, 13, 6], "texture": "#0"},
				"east": {"uv": [11, 5, 12, 6], "texture": "#0"},
				"south": {"uv": [10, 5, 11, 6], "texture": "#0"},
				"west": {"uv": [13.25, 5, 14.25, 6], "texture": "#0"},
				"up": {"uv": [11, 6, 12, 7], "texture": "#0"}
			}
		},
		{
			"from": [-0.5, 17.5, 5.5],
			"to": [4.5, 22.5, 10.5],
			"faces": {
				"north": {"uv": [12, 4, 13, 5], "texture": "#0"},
				"east": {"uv": [11, 4, 12, 5], "texture": "#0"},
				"south": {"uv": [10, 4, 11, 5], "texture": "#0"},
				"west": {"uv": [13.25, 4, 14.25, 5], "texture": "#0"},
				"up": {"uv": [10, 6, 11, 7], "texture": "#0"}
			}
		},
		{
			"from": [4, 22, 4],
			"to": [12, 30, 12],
			"faces": {
				"north": {"uv": [2, 2, 4, 4], "texture": "#0"},
				"east": {"uv": [0, 2, 2, 4], "texture": "#0"},
				"south": {"uv": [6, 2, 8, 4], "texture": "#0"},
				"west": {"uv": [4, 2, 6, 4], "texture": "#0"},
				"up": {"uv": [2, 0, 4, 2], "rotation": 180, "texture": "#0"},
				"down": {"uv": [4, 0, 6, 2], "texture": "#0"}
			}
		},
		{
			"from": [3.75, 21.5, 3.75],
			"to": [12.25, 30.5, 12.25],
			"faces": {
				"north": {"uv": [10, 2, 12, 4], "texture": "#0"},
				"east": {"uv": [8, 2, 10, 4], "texture": "#0"},
				"south": {"uv": [14, 2, 16, 4], "texture": "#0"},
				"west": {"uv": [12, 2, 14, 4], "texture": "#0"},
				"up": {"uv": [10, 0, 12, 2], "rotation": 180, "texture": "#0"},
				"down": {"uv": [12, 0, 14, 2], "texture": "#0"}
			}
		},
		{
			"from": [-2, 0, 11],
			"to": [18, 22, 11],
			"faces": {
				"north": {"uv": [3, 0, 13, 11], "texture": "#1"},
				"east": {"uv": [0, 0, 0, 16], "texture": "#missing"},
				"south": {"uv": [13, 0, 3, 11], "texture": "#1"},
				"west": {"uv": [0, 0, 0, 16], "texture": "#missing"},
				"up": {"uv": [0, 0, 16, 0], "texture": "#missing"},
				"down": {"uv": [0, 0, 16, 0], "texture": "#missing"}
			}
		}
	],
	"display": {
		"head": {
			"scale": [1.6, 1.6, 1.6],
			"translation": [0, -28.5, 0]
		}
	}
}