{
    "variants": {
        "": [
            { "model": "block/stone" },
            { "model": "block/stone", "y": 90 },
            { "model": "block/stone", "y": 180 },
            { "model": "block/stone", "y": 270 },
            { "model": "block/stone_2" },
            { "model": "block/stone_2", "y": 90 },
            { "model": "block/stone_2", "y": 180 },
            { "model": "block/stone_2", "y": 270 },
            { "model": "block/stone_3" },
            { "model": "block/stone_3", "y": 90 },
            { "model": "block/stone_3", "y": 180 },
            { "model": "block/stone_3", "y": 270 }
		]
    }
}
