{
	"credit": "by Katniss",
	"parent": "block/fence_side",
	"textures": {
		"texture": "block/acacia_fence"
	},
	"elements": [
		{
			"name": "lower bar",
			"from": [7, 1, 0],
			"to": [9, 4, 9],
			"faces": {
				"north": {"uv": [0, 12, 2, 15], "texture": "#texture", "cullface": "north"},
				"east": {"uv": [0, 12, 9, 15], "texture": "#texture"},
				"west": {"uv": [0, 12, 9, 15], "texture": "#texture"},
				"up": {"uv": [0, 12, 9, 14], "rotation": 90, "texture": "#texture"},
				"down": {"uv": [0, 13, 9, 15], "rotation": 90, "texture": "#texture"}
			}
		},
		{
			"name": "top bar",
			"from": [7, 6, 0],
			"to": [9, 9, 9],
			"faces": {
				"north": {"uv": [0, 7, 2, 10], "texture": "#texture", "cullface": "north"},
				"east": {"uv": [0, 7, 9, 10], "texture": "#texture"},
				"west": {"uv": [0, 7, 9, 10], "texture": "#texture"},
				"up": {"uv": [0, 7, 9, 9], "rotation": 90, "texture": "#texture"},
				"down": {"uv": [0, 8, 9, 10], "rotation": 90, "texture": "#texture"}
			}
		},
		{
			"name": "top bar",
			"from": [7, 11, 0],
			"to": [9, 14, 9],
			"faces": {
				"north": {"uv": [0, 2, 2, 5], "texture": "#texture", "cullface": "north"},
				"east": {"uv": [0, 2, 9, 5], "texture": "#texture"},
				"west": {"uv": [0, 2, 9, 5], "texture": "#texture"},
				"up": {"uv": [0, 2, 9, 4], "rotation": 90, "texture": "#texture"},
				"down": {"uv": [0, 3, 9, 5], "rotation": 90, "texture": "#texture"}
			}
		}
	]
}