{
	"credit": "by Katniss",
	"elements": [
		{
			"from": [0, 6, 0],
			"to": [8, 8, 16],
			"color": 5,
			"faces": {
				"north": {"uv": [0, 0, 8, 2], "texture": "#missing"},
				"east": {"uv": [0, 0, 16, 2], "texture": "#missing"},
				"south": {"uv": [0, 0, 8, 2], "texture": "#missing"},
				"west": {"uv": [0, 0, 16, 2], "texture": "#missing"},
				"up": {"uv": [0, 0, 8, 16], "texture": "#missing"},
				"down": {"uv": [0, 0, 8, 16], "texture": "#missing"}
			}
		},
		{
			"from": [8, 14, 0],
			"to": [16, 16, 16],
			"color": 5,
			"faces": {
				"north": {"uv": [0, 0, 8, 2], "texture": "#missing"},
				"east": {"uv": [0, 0, 16, 2], "texture": "#missing"},
				"south": {"uv": [0, 0, 8, 2], "texture": "#missing"},
				"west": {"uv": [0, 0, 16, 2], "texture": "#missing"},
				"up": {"uv": [0, 0, 8, 16], "texture": "#missing"},
				"down": {"uv": [0, 0, 8, 16], "texture": "#missing"}
			}
		},
		{
			"from": [-8.05204, 0.05456, -1],
			"to": [14.57538, 6.12563, 1],
			"rotation": {"angle": 45, "axis": "z", "origin": [0.57538, 3.62563, 0]},
			"color": 7,
			"faces": {
				"north": {"uv": [0, 0, 16, 6], "texture": "#missing"},
				"east": {"uv": [0, 0, 2, 6], "texture": "#missing"},
				"south": {"uv": [0, 0, 16, 6], "texture": "#missing"},
				"west": {"uv": [0, 0, 2, 6], "texture": "#missing"},
				"up": {"uv": [0, 0, 16, 2], "texture": "#missing"},
				"down": {"uv": [0, 0, 16, 2], "texture": "#missing"}
			}
		},
		{
			"from": [10, 11, 0],
			"to": [16, 15, 2],
			"color": 7,
			"faces": {
				"north": {"uv": [0, 0, 6, 4], "texture": "#missing"},
				"east": {"uv": [0, 0, 2, 4], "texture": "#missing"},
				"south": {"uv": [0, 0, 6, 4], "texture": "#missing"},
				"west": {"uv": [0, 0, 2, 4], "texture": "#missing"},
				"up": {"uv": [0, 0, 6, 2], "texture": "#missing"},
				"down": {"uv": [0, 0, 6, 2], "texture": "#missing"}
			}
		},
		{
			"from": [2, 2, 0],
			"to": [8, 6, 2],
			"color": 7,
			"faces": {
				"north": {"uv": [0, 0, 6, 4], "texture": "#missing"},
				"east": {"uv": [0, 0, 2, 4], "texture": "#missing"},
				"south": {"uv": [0, 0, 6, 4], "texture": "#missing"},
				"west": {"uv": [0, 0, 2, 4], "texture": "#missing"},
				"up": {"uv": [0, 0, 6, 2], "texture": "#missing"},
				"down": {"uv": [0, 0, 6, 2], "texture": "#missing"}
			}
		},
		{
			"from": [-8.05204, 0.05456, 15],
			"to": [14.57538, 6.12563, 17],
			"rotation": {"angle": 45, "axis": "z", "origin": [0.57538, 3.62563, 16]},
			"color": 7,
			"faces": {
				"north": {"uv": [0, 0, 16, 6.07107], "texture": "#missing"},
				"east": {"uv": [0, 0, 2, 6.07107], "texture": "#missing"},
				"south": {"uv": [0, 0, 16, 6.07107], "texture": "#missing"},
				"west": {"uv": [0, 0, 2, 6.07107], "texture": "#missing"},
				"up": {"uv": [0, 0, 16, 2], "texture": "#missing"},
				"down": {"uv": [0, 0, 16, 2], "texture": "#missing"}
			}
		},
		{
			"from": [2, 2, 14],
			"to": [8, 6, 16],
			"color": 7,
			"faces": {
				"north": {"uv": [0, 0, 6, 4], "texture": "#missing"},
				"east": {"uv": [0, 0, 2, 4], "texture": "#missing"},
				"south": {"uv": [0, 0, 6, 4], "texture": "#missing"},
				"west": {"uv": [0, 0, 2, 4], "texture": "#missing"},
				"up": {"uv": [0, 0, 6, 2], "texture": "#missing"},
				"down": {"uv": [0, 0, 6, 2], "texture": "#missing"}
			}
		},
		{
			"from": [10, 11, 14],
			"to": [16, 15, 16],
			"color": 7,
			"faces": {
				"north": {"uv": [0, 0, 6, 4], "texture": "#missing"},
				"east": {"uv": [0, 0, 2, 4], "texture": "#missing"},
				"south": {"uv": [0, 0, 6, 4], "texture": "#missing"},
				"west": {"uv": [0, 0, 2, 4], "texture": "#missing"},
				"up": {"uv": [0, 0, 6, 2], "texture": "#missing"},
				"down": {"uv": [0, 0, 6, 2], "texture": "#missing"}
			}
		}
	],
	"groups": [
		{
			"name": "group",
			"children": [0, 1, 2, 3, 4, 5, 6, 7]
		}
	]
}