﻿{
    "ambientocclusion": false,
	"textures": {
		"1": "block/candle_unlit",
		"particle": "block/candle_unlit"
	},
	"elements": [
		{
			"name": "cube",
			"from": [5, 1, 5],
			"to": [11, 2, 11],
			"faces": {
				"north": {"uv": [0, 10, 6, 11], "texture": "#1"},
				"east": {"uv": [0, 10, 6, 11], "texture": "#1"},
				"south": {"uv": [0, 10, 6, 11], "texture": "#1"},
				"west": {"uv": [0, 10, 6, 11], "texture": "#1"},
				"up": {"uv": [9, 3, 15, 9], "texture": "#1"},
				"down": {"uv": [9, 3, 15, 9], "texture": "#1"}
			},
			"type": "cube"
		},
		{
			"name": "cube",
			"from": [7.5, 9, 7.5],
			"to": [8.5, 10, 8.5],
			"faces": {
				"north": {"uv": [3, 2, 4, 3], "texture": "#1"},
				"east": {"uv": [3, 2, 4, 3], "texture": "#1"},
				"south": {"uv": [3, 2, 4, 3], "texture": "#1"},
				"west": {"uv": [3, 2, 4, 3], "texture": "#1"},
				"up": {"uv": [3, 2, 4, 3], "texture": "#1"}
			},
			"type": "cube"
		},
		{
			"name": "cube",
			"from": [6, 0, 6],
			"to": [10, 9, 10],
			"faces": {
				"north": {"uv": [1, 3, 5, 12], "texture": "#1"},
				"east": {"uv": [1, 3, 5, 12], "texture": "#1"},
				"south": {"uv": [1, 3, 5, 12], "texture": "#1"},
				"west": {"uv": [1, 3, 5, 12], "texture": "#1"},
				"up": {"uv": [1, 12, 5, 16], "texture": "#1"},
				"down": {"uv": [10, 4, 14, 8], "texture": "#1"}
			},
			"type": "cube"
		}
	]
}