{
	"credit": "by Katniss",
	"textures": {
		"0": "block/tabletop_top",
		"1": "block/tabletop_sides",
		"2": "block/table_legs",
		"particle": "block/tabletop_top"
	},
	"elements": [
		{
			"from": [0, 14, 0],
			"to": [16, 16, 16],
			"faces": {
				"north": {"uv": [0, 2, 16, 4], "texture": "#1"},
				"east": {"uv": [16, 0, 0, 2], "texture": "#1"},
				"south": {"uv": [0, 2, 16, 4], "texture": "#1"},
				"west": {"uv": [0, 0, 16, 2], "texture": "#1"},
				"up": {"uv": [0, 0, 16, 16], "texture": "#0"},
				"down": {"uv": [0, 16, 16, 0], "texture": "#0"}
			}
		},
		{
			"from": [13, 0, 13],
			"to": [15, 14, 15],
			"faces": {
				"north": {"uv": [1, 2, 3, 16], "texture": "#2"},
				"east": {"uv": [1, 2, 3, 16], "texture": "#2"},
				"south": {"uv": [13, 2, 15, 16], "texture": "#2"},
				"west": {"uv": [13, 2, 15, 16], "texture": "#2"},
				"up": {"uv": [1, 2, 3, 16], "texture": "#2"},
				"down": {"uv": [1, 2, 3, 16], "texture": "#2"}
			}
		},
		{
			"from": [13, 0, 1],
			"to": [15, 14, 3],
			"faces": {
				"north": {"uv": [1, 2, 3, 16], "texture": "#2"},
				"east": {"uv": [13, 2, 15, 16], "texture": "#2"},
				"south": {"uv": [13, 2, 15, 16], "texture": "#2"},
				"west": {"uv": [1, 2, 3, 16], "texture": "#2"},
				"up": {"uv": [1, 2, 3, 16], "texture": "#2"},
				"down": {"uv": [1, 2, 3, 16], "texture": "#2"}
			}
		},
		{
			"from": [1, 0, 1],
			"to": [3, 14, 3],
			"faces": {
				"north": {"uv": [13, 2, 15, 16], "texture": "#2"},
				"east": {"uv": [13, 2, 15, 16], "texture": "#2"},
				"south": {"uv": [1, 2, 3, 16], "texture": "#2"},
				"west": {"uv": [1, 2, 3, 16], "texture": "#2"},
				"up": {"uv": [1, 2, 3, 16], "texture": "#2"},
				"down": {"uv": [1, 2, 3, 16], "texture": "#2"}
			}
		},
		{
			"from": [1, 0, 13],
			"to": [3, 14, 15],
			"faces": {
				"north": {"uv": [13, 2, 15, 16], "texture": "#2"},
				"east": {"uv": [1, 2, 3, 16], "texture": "#2"},
				"south": {"uv": [1, 2, 3, 16], "texture": "#2"},
				"west": {"uv": [13, 2, 15, 16], "texture": "#2"},
				"up": {"uv": [1, 2, 3, 16], "texture": "#2"},
				"down": {"uv": [1, 2, 3, 16], "texture": "#2"}
			}
		},
		{
			"from": [1, 11, 3],
			"to": [1, 14, 6],
			"faces": {
				"east": {"uv": [10, 2, 13, 5], "texture": "#2"},
				"west": {"uv": [3, 2, 6, 5], "texture": "#2"}
			}
		},
		{
			"from": [15, 11, 10],
			"to": [15, 14, 13],
			"faces": {
				"east": {"uv": [3, 2, 6, 5], "texture": "#2"},
				"west": {"uv": [10, 2, 13, 5], "texture": "#2"}
			}
		},
		{
			"from": [1, 11, 10],
			"to": [1, 14, 13],
			"faces": {
				"east": {"uv": [3, 2, 6, 5], "texture": "#2"},
				"west": {"uv": [10, 2, 13, 5], "texture": "#2"}
			}
		},
		{
			"from": [15, 11, 3],
			"to": [15, 14, 6],
			"faces": {
				"east": {"uv": [10, 2, 13, 5], "texture": "#2"},
				"west": {"uv": [3, 2, 6, 5], "texture": "#2"}
			}
		},
		{
			"from": [3, 11, 1],
			"to": [6, 14, 1],
			"faces": {
				"north": {"uv": [10, 2, 13, 5], "texture": "#2"},
				"south": {"uv": [3, 2, 6, 5], "texture": "#2"}
			}
		},
		{
			"from": [10, 11, 1],
			"to": [13, 14, 1],
			"faces": {
				"north": {"uv": [3, 2, 6, 5], "texture": "#2"},
				"south": {"uv": [10, 2, 13, 5], "texture": "#2"}
			}
		},
		{
			"from": [10, 11, 15],
			"to": [13, 14, 15],
			"faces": {
				"north": {"uv": [3, 2, 6, 5], "texture": "#2"},
				"south": {"uv": [10, 2, 13, 5], "texture": "#2"}
			}
		},
		{
			"from": [3, 11, 15],
			"to": [6, 14, 15],
			"faces": {
				"north": {"uv": [10, 2, 13, 5], "texture": "#2"},
				"south": {"uv": [3, 2, 6, 5], "texture": "#2"}
			}
		}
	]
}