{
	"credit": "by Katniss",
	"textures": {
		"0": "block/yellow_glazed_terracotta",
		"1": "block/yellow_glazed_terracotta_side",
		"2": "block/yellow_glazed_terracotta_top",
		"particle": "block/yellow_glazed_terracotta"
	},
	"elements": [
		{
			"from": [0, 0, 0],
			"to": [16, 16, 16],
			"faces": {
				"north": {"uv": [0, 0, 16, 16], "texture": "#0"},
				"east": {"uv": [0, 0, 16, 16], "texture": "#1"},
				"south": {"uv": [0, 0, 16, 16], "texture": "#0"},
				"west": {"uv": [0, 0, 16, 16], "texture": "#1"},
				"up": {"uv": [0, 0, 16, 16], "texture": "#2"},
				"down": {"uv": [0, 0, 16, 16], "texture": "#2"}
			}
		}
	]
}