{
"__comment": "Designed by MasterianoX",
"textures": {
    "particle": "wynn/weapons/sets/money_set/money_wand",
    "texture": "wynn/weapons/sets/money_set/money_wand"
},
"elements": [ 
{
    "from": [ 6.5, 1.5, 7 ],
    "to": [ 8.5, 2.5, 9 ],
    "faces": {
        "down":  { "uv": [ 1, 11.5, 3, 11 ], "texture": "#texture" },
        "up":    { "uv": [ 1, 10.5, 3, 11 ], "texture": "#texture" },
        "north": { "uv": [ 3, 10.5, 1, 11.5 ], "texture": "#texture" },
        "south": { "uv": [ 1, 10.5, 3, 11.5 ], "texture": "#texture" },
        "west":  { "uv": [ 1, 10.5, 1.5, 11.5 ], "texture": "#texture" },
        "east":  { "uv": [ 3, 10.5, 2.5, 11.5 ], "texture": "#texture" }
    }
},
{
    "from": [ 7, 0.5, 7 ],
    "to": [ 8, 1.5, 9 ],
    "faces": {
        "down":  { "uv": [ 1.5, 12.5, 2.5, 12 ], "texture": "#texture" },
        "up":    { "uv": [ 1.5, 11.5, 2.5, 12 ], "texture": "#texture" },
        "north": { "uv": [ 2.5, 11.5, 1.5, 12.5 ], "texture": "#texture" },
        "south": { "uv": [ 1.5, 11.5, 2.5, 12.5 ], "texture": "#texture" },
        "west":  { "uv": [ 1.5, 11.5, 2, 12.5 ], "texture": "#texture" },
        "east":  { "uv": [ 2.5, 11.5, 2, 12.5 ], "texture": "#texture" }
    }
},
{
    "from": [ 6, 1.5, 7.5 ],
    "to": [ 9, 2.5, 8.5 ],
    "faces": {
        "down":  { "uv": [ 0.5, 11.5, 3.5, 11 ], "texture": "#texture" },
        "up":    { "uv": [ 0.5, 10.5, 3.5, 11 ], "texture": "#texture" },
        "north": { "uv": [ 3.5, 10.5, 0.5, 11.5 ], "texture": "#texture" },
        "south": { "uv": [ 0.5, 10.5, 3.5, 11.5 ], "texture": "#texture" },
        "west":  { "uv": [ 0.5, 10.5, 1, 11.5 ], "texture": "#texture" },
        "east":  { "uv": [ 3.5, 10.5, 3, 11.5 ], "texture": "#texture" }
    }
},
{
    "from": [ 6.5, 2.5, 7.5 ],
    "to": [ 8.5, 3, 8.5 ],
    "faces": {
        "down":  { "uv": [ 1, 10.5, 3, 10 ], "texture": "#texture" },
        "up":    { "uv": [ 1, 10, 3, 10.5 ], "texture": "#texture" },
        "north": { "uv": [ 3, 10, 1, 10.5 ], "texture": "#texture" },
        "south": { "uv": [ 1, 10, 3, 10.5 ], "texture": "#texture" },
        "west":  { "uv": [ 1, 10, 1.5, 10.5 ], "texture": "#texture" },
        "east":  { "uv": [ 3, 10, 2.5, 10.5 ], "texture": "#texture" }
    }
},
{
    "from": [ 6.5, 0.5, 7.5 ],
    "to": [ 8.5, 1.5, 8.5 ],
    "faces": {
        "down":  { "uv": [ 1, 12.5, 3, 12 ], "texture": "#texture" },
        "up":    { "uv": [ 1, 11.5, 3, 12 ], "texture": "#texture" },
        "north": { "uv": [ 3, 11.5, 1, 12.5 ], "texture": "#texture" },
        "south": { "uv": [ 1, 11.5, 3, 12.5 ], "texture": "#texture" },
        "west":  { "uv": [ 1, 11.5, 1.5, 12.5 ], "texture": "#texture" },
        "east":  { "uv": [ 3, 11.5, 2.5, 12.5 ], "texture": "#texture" }
    }
},
{
    "from": [ 7, -0.5, 7.5 ],
    "to": [ 8, 0.5, 8.5 ],
    "faces": {
        "down":  { "uv": [ 1.5, 13.5, 2.5, 13 ], "texture": "#texture" },
        "up":    { "uv": [ 1.5, 12.5, 2.5, 13 ], "texture": "#texture" },
        "north": { "uv": [ 2.5, 12.5, 1.5, 13.5 ], "texture": "#texture" },
        "south": { "uv": [ 1.5, 12.5, 2.5, 13.5 ], "texture": "#texture" },
        "west":  { "uv": [ 1.5, 12.5, 2, 13.5 ], "texture": "#texture" },
        "east":  { "uv": [ 2.5, 12.5, 2, 13.5 ], "texture": "#texture" }
    }
},
{
    "from": [ 5, 13, 7 ],
    "to": [ 5.5, 13.5, 9 ],
    "faces": {
        "down":  { "uv": [ 1, 7, 1.5, 6.5 ], "texture": "#texture" },
        "up":    { "uv": [ 1, 6.5, 1.5, 7 ], "texture": "#texture" },
        "north": { "uv": [ 1.5, 6.5, 1, 7 ], "texture": "#texture" },
        "south": { "uv": [ 1, 6.5, 1.5, 7 ], "texture": "#texture" },
        "west":  { "uv": [ 1, 6.5, 1.5, 7 ], "texture": "#texture" },
        "east":  { "uv": [ 1.5, 6.5, 1, 7 ], "texture": "#texture" }
    }
},
{
    "from": [ 5.5, 12.5, 7 ],
    "to": [ 6.5, 13, 9 ],
    "faces": {
        "down":  { "uv": [ 1.5, 7.5, 2.5, 7 ], "texture": "#texture" },
        "up":    { "uv": [ 1.5, 7, 2.5, 7.5 ], "texture": "#texture" },
        "north": { "uv": [ 2.5, 7, 1.5, 7.5 ], "texture": "#texture" },
        "south": { "uv": [ 1.5, 7, 2.5, 7.5 ], "texture": "#texture" },
        "west":  { "uv": [ 1.5, 7, 2, 7.5 ], "texture": "#texture" },
        "east":  { "uv": [ 2.5, 7, 2, 7.5 ], "texture": "#texture" }
    }
},
{
    "from": [ 6.5, 12, 7 ],
    "to": [ 8.5, 12.5, 9 ],
    "faces": {
        "down":  { "uv": [ 2.5, 8, 4.5, 7.5 ], "texture": "#texture" },
        "up":    { "uv": [ 2.5, 7.5, 4.5, 8 ], "texture": "#texture" },
        "north": { "uv": [ 4.5, 7.5, 2.5, 8 ], "texture": "#texture" },
        "south": { "uv": [ 2.5, 7.5, 4.5, 8 ], "texture": "#texture" },
        "west":  { "uv": [ 2.5, 7.5, 3, 8 ], "texture": "#texture" },
        "east":  { "uv": [ 4.5, 7.5, 4, 8 ], "texture": "#texture" }
    }
},
{
    "from": [ 7, 18.5, 7 ],
    "to": [ 8, 19, 9 ],
    "faces": {
        "down":  { "uv": [ 3, 1.5, 4, 1 ], "texture": "#texture" },
        "up":    { "uv": [ 3, 1, 4, 1.5 ], "texture": "#texture" },
        "north": { "uv": [ 4, 1, 3, 1.5 ], "texture": "#texture" },
        "south": { "uv": [ 3, 1, 4, 1.5 ], "texture": "#texture" },
        "west":  { "uv": [ 3, 1, 3.5, 1.5 ], "texture": "#texture" },
        "east":  { "uv": [ 4, 1, 3.5, 1.5 ], "texture": "#texture" }
    }
},
{
    "from": [ 7, 11, 7 ],
    "to": [ 8, 12, 9 ],
    "faces": {
        "down":  { "uv": [ 3, 9, 4, 8.5 ], "texture": "#texture" },
        "up":    { "uv": [ 3, 8, 4, 8.5 ], "texture": "#texture" },
        "north": { "uv": [ 4, 8, 3, 9 ], "texture": "#texture" },
        "south": { "uv": [ 3, 8, 4, 9 ], "texture": "#texture" },
        "west":  { "uv": [ 3, 8, 3.5, 9 ], "texture": "#texture" },
        "east":  { "uv": [ 4, 8, 3.5, 9 ], "texture": "#texture" }
    }
},
{
    "from": [ 8, 18, 7 ],
    "to": [ 9, 18.5, 9 ],
    "faces": {
        "down":  { "uv": [ 4, 2, 5, 1.5 ], "texture": "#texture" },
        "up":    { "uv": [ 4, 1.5, 5, 2 ], "texture": "#texture" },
        "north": { "uv": [ 5, 1.5, 4, 2 ], "texture": "#texture" },
        "south": { "uv": [ 4, 1.5, 5, 2 ], "texture": "#texture" },
        "west":  { "uv": [ 4, 1.5, 4.5, 2 ], "texture": "#texture" },
        "east":  { "uv": [ 5, 1.5, 4.5, 2 ], "texture": "#texture" }
    }
},
{
    "from": [ 8, 12.5, 7 ],
    "to": [ 9.5, 13, 9 ],
    "faces": {
        "down":  { "uv": [ 4, 7.5, 5.5, 7 ], "texture": "#texture" },
        "up":    { "uv": [ 4, 7, 5.5, 7.5 ], "texture": "#texture" },
        "north": { "uv": [ 5.5, 7, 4, 7.5 ], "texture": "#texture" },
        "south": { "uv": [ 4, 7, 5.5, 7.5 ], "texture": "#texture" },
        "west":  { "uv": [ 4, 7, 4.5, 7.5 ], "texture": "#texture" },
        "east":  { "uv": [ 5.5, 7, 5, 7.5 ], "texture": "#texture" }
    }
},
{
    "from": [ 9, 17.5, 7 ],
    "to": [ 9.5, 18, 9 ],
    "faces": {
        "down":  { "uv": [ 5, 2.5, 5.5, 2 ], "texture": "#texture" },
        "up":    { "uv": [ 5, 2, 5.5, 2.5 ], "texture": "#texture" },
        "north": { "uv": [ 5.5, 2, 5, 2.5 ], "texture": "#texture" },
        "south": { "uv": [ 5, 2, 5.5, 2.5 ], "texture": "#texture" },
        "west":  { "uv": [ 5, 2, 5.5, 2.5 ], "texture": "#texture" },
        "east":  { "uv": [ 5.5, 2, 5, 2.5 ], "texture": "#texture" }
    }
},
{
    "from": [ 9, 13, 7 ],
    "to": [ 10, 13.5, 9 ],
    "faces": {
        "down":  { "uv": [ 5, 7, 6, 6.5 ], "texture": "#texture" },
        "up":    { "uv": [ 5, 6.5, 6, 7 ], "texture": "#texture" },
        "north": { "uv": [ 6, 6.5, 5, 7 ], "texture": "#texture" },
        "south": { "uv": [ 5, 6.5, 6, 7 ], "texture": "#texture" },
        "west":  { "uv": [ 5, 6.5, 5.5, 7 ], "texture": "#texture" },
        "east":  { "uv": [ 6, 6.5, 5.5, 7 ], "texture": "#texture" }
    }
},
{
    "from": [ 9.5, 16, 7 ],
    "to": [ 10, 17.5, 9 ],
    "faces": {
        "down":  { "uv": [ 5.5, 4, 6, 3.5 ], "texture": "#texture" },
        "up":    { "uv": [ 5.5, 2.5, 6, 3 ], "texture": "#texture" },
        "north": { "uv": [ 6, 2.5, 5.5, 4 ], "texture": "#texture" },
        "south": { "uv": [ 5.5, 2.5, 6, 4 ], "texture": "#texture" },
        "west":  { "uv": [ 5.5, 2.5, 6, 4 ], "texture": "#texture" },
        "east":  { "uv": [ 6, 2.5, 5.5, 4 ], "texture": "#texture" }
    }
},
{
    "from": [ 9.5, 13.5, 7 ],
    "to": [ 10.5, 14.5, 9 ],
    "faces": {
        "down":  { "uv": [ 5.5, 6.5, 6.5, 6 ], "texture": "#texture" },
        "up":    { "uv": [ 5.5, 5.5, 6.5, 6 ], "texture": "#texture" },
        "north": { "uv": [ 6.5, 5.5, 5.5, 6.5 ], "texture": "#texture" },
        "south": { "uv": [ 5.5, 5.5, 6.5, 6.5 ], "texture": "#texture" },
        "west":  { "uv": [ 5.5, 5.5, 6, 6.5 ], "texture": "#texture" },
        "east":  { "uv": [ 6.5, 5.5, 6, 6.5 ], "texture": "#texture" }
    }
},
{
    "from": [ 10, 14.5, 7 ],
    "to": [ 10.5, 17, 9 ],
    "faces": {
        "down":  { "uv": [ 6, 5.5, 6.5, 5 ], "texture": "#texture" },
        "up":    { "uv": [ 6, 3, 6.5, 3.5 ], "texture": "#texture" },
        "north": { "uv": [ 6.5, 3, 6, 5.5 ], "texture": "#texture" },
        "south": { "uv": [ 6, 3, 6.5, 5.5 ], "texture": "#texture" },
        "west":  { "uv": [ 6, 3, 6.5, 5.5 ], "texture": "#texture" },
        "east":  { "uv": [ 6.5, 3, 6, 5.5 ], "texture": "#texture" }
    }
},
{
    "from": [ 4.5, 13, 7.5 ],
    "to": [ 5.5, 14.5, 8.5 ],
    "faces": {
        "down":  { "uv": [ 0.5, 7, 1.5, 6.5 ], "texture": "#texture" },
        "up":    { "uv": [ 0.5, 5.5, 1.5, 6 ], "texture": "#texture" },
        "north": { "uv": [ 1.5, 5.5, 0.5, 7 ], "texture": "#texture" },
        "south": { "uv": [ 0.5, 5.5, 1.5, 7 ], "texture": "#texture" },
        "west":  { "uv": [ 0.5, 5.5, 1, 7 ], "texture": "#texture" },
        "east":  { "uv": [ 1.5, 5.5, 1, 7 ], "texture": "#texture" }
    }
},
{
    "from": [ 5, 14.5, 7.5 ],
    "to": [ 5.5, 15, 8.5 ],
    "faces": {
        "down":  { "uv": [ 1, 5.5, 1.5, 5 ], "texture": "#texture" },
        "up":    { "uv": [ 1, 5, 1.5, 5.5 ], "texture": "#texture" },
        "north": { "uv": [ 1.5, 5, 1, 5.5 ], "texture": "#texture" },
        "south": { "uv": [ 1, 5, 1.5, 5.5 ], "texture": "#texture" },
        "west":  { "uv": [ 1, 5, 1.5, 5.5 ], "texture": "#texture" },
        "east":  { "uv": [ 1.5, 5, 1, 5.5 ], "texture": "#texture" }
    }
},
{
    "from": [ 5, 12.5, 7.5 ],
    "to": [ 10.5, 13, 8.5 ],
    "faces": {
        "down":  { "uv": [ 1, 7.5, 6.5, 7 ], "texture": "#texture" },
        "up":    { "uv": [ 1, 7, 6.5, 7.5 ], "texture": "#texture" },
        "north": { "uv": [ 6.5, 7, 1, 7.5 ], "texture": "#texture" },
        "south": { "uv": [ 1, 7, 6.5, 7.5 ], "texture": "#texture" },
        "west":  { "uv": [ 1, 7, 1.5, 7.5 ], "texture": "#texture" },
        "east":  { "uv": [ 6.5, 7, 6, 7.5 ], "texture": "#texture" }
    }
},
{
    "from": [ 5.5, 18, 7.5 ],
    "to": [ 10, 18.5, 8.5 ],
    "faces": {
        "down":  { "uv": [ 1.5, 2, 6, 1.5 ], "texture": "#texture" },
        "up":    { "uv": [ 1.5, 1.5, 6, 2 ], "texture": "#texture" },
        "north": { "uv": [ 6, 1.5, 1.5, 2 ], "texture": "#texture" },
        "south": { "uv": [ 1.5, 1.5, 6, 2 ], "texture": "#texture" },
        "west":  { "uv": [ 1.5, 1.5, 2, 2 ], "texture": "#texture" },
        "east":  { "uv": [ 6, 1.5, 5.5, 2 ], "texture": "#texture" }
    }
},
{
    "from": [ 5.5, 13, 7.5 ],
    "to": [ 6.5, 13.5, 8.5 ],
    "faces": {
        "down":  { "uv": [ 1.5, 7, 2.5, 6.5 ], "texture": "#texture" },
        "up":    { "uv": [ 1.5, 6.5, 2.5, 7 ], "texture": "#texture" },
        "north": { "uv": [ 2.5, 6.5, 1.5, 7 ], "texture": "#texture" },
        "south": { "uv": [ 1.5, 6.5, 2.5, 7 ], "texture": "#texture" },
        "west":  { "uv": [ 1.5, 6.5, 2, 7 ], "texture": "#texture" },
        "east":  { "uv": [ 2.5, 6.5, 2, 7 ], "texture": "#texture" }
    }
},
{
    "from": [ 5.5, 12, 7.5 ],
    "to": [ 9.5, 12.5, 8.5 ],
    "faces": {
        "down":  { "uv": [ 1.5, 8, 5.5, 7.5 ], "texture": "#texture" },
        "up":    { "uv": [ 1.5, 7.5, 5.5, 8 ], "texture": "#texture" },
        "north": { "uv": [ 5.5, 7.5, 1.5, 8 ], "texture": "#texture" },
        "south": { "uv": [ 1.5, 7.5, 5.5, 8 ], "texture": "#texture" },
        "west":  { "uv": [ 1.5, 7.5, 2, 8 ], "texture": "#texture" },
        "east":  { "uv": [ 5.5, 7.5, 5, 8 ], "texture": "#texture" }
    }
},
{
    "from": [ 6, 18.5, 7.5 ],
    "to": [ 9, 19, 8.5 ],
    "faces": {
        "down":  { "uv": [ 2, 1.5, 5, 1 ], "texture": "#texture" },
        "up":    { "uv": [ 2, 1, 5, 1.5 ], "texture": "#texture" },
        "north": { "uv": [ 5, 1, 2, 1.5 ], "texture": "#texture" },
        "south": { "uv": [ 2, 1, 5, 1.5 ], "texture": "#texture" },
        "west":  { "uv": [ 2, 1, 2.5, 1.5 ], "texture": "#texture" },
        "east":  { "uv": [ 5, 1, 4.5, 1.5 ], "texture": "#texture" }
    }
},
{
    "from": [ 6, 17.5, 7.5 ],
    "to": [ 6.5, 18, 8.5 ],
    "faces": {
        "down":  { "uv": [ 2, 2.5, 2.5, 2 ], "texture": "#texture" },
        "up":    { "uv": [ 2, 2, 2.5, 2.5 ], "texture": "#texture" },
        "north": { "uv": [ 2.5, 2, 2, 2.5 ], "texture": "#texture" },
        "south": { "uv": [ 2, 2, 2.5, 2.5 ], "texture": "#texture" },
        "west":  { "uv": [ 2, 2, 2.5, 2.5 ], "texture": "#texture" },
        "east":  { "uv": [ 2.5, 2, 2, 2.5 ], "texture": "#texture" }
    }
},
{
    "from": [ 6.5, 11, 7.5 ],
    "to": [ 8.5, 12, 8.5 ],
    "faces": {
        "down":  { "uv": [ 2.5, 9, 4.5, 8.5 ], "texture": "#texture" },
        "up":    { "uv": [ 2.5, 8, 4.5, 8.5 ], "texture": "#texture" },
        "north": { "uv": [ 4.5, 8, 2.5, 9 ], "texture": "#texture" },
        "south": { "uv": [ 2.5, 8, 4.5, 9 ], "texture": "#texture" },
        "west":  { "uv": [ 2.5, 8, 3, 9 ], "texture": "#texture" },
        "east":  { "uv": [ 4.5, 8, 4, 9 ], "texture": "#texture" }
    }
},
{
    "from": [ 7, 19, 7.5 ],
    "to": [ 8, 19.5, 8.5 ],
    "faces": {
        "down":  { "uv": [ 3, 1, 4, 0.5 ], "texture": "#texture" },
        "up":    { "uv": [ 3, 0.5, 4, 1 ], "texture": "#texture" },
        "north": { "uv": [ 4, 0.5, 3, 1 ], "texture": "#texture" },
        "south": { "uv": [ 3, 0.5, 4, 1 ], "texture": "#texture" },
        "west":  { "uv": [ 3, 0.5, 3.5, 1 ], "texture": "#texture" },
        "east":  { "uv": [ 4, 0.5, 3.5, 1 ], "texture": "#texture" }
    }
},
{
    "from": [ 7, 10.5, 7.5 ],
    "to": [ 8, 11, 8.5 ],
    "faces": {
        "down":  { "uv": [ 3, 9.5, 4, 9 ], "texture": "#texture" },
        "up":    { "uv": [ 3, 9, 4, 9.5 ], "texture": "#texture" },
        "north": { "uv": [ 4, 9, 3, 9.5 ], "texture": "#texture" },
        "south": { "uv": [ 3, 9, 4, 9.5 ], "texture": "#texture" },
        "west":  { "uv": [ 3, 9, 3.5, 9.5 ], "texture": "#texture" },
        "east":  { "uv": [ 4, 9, 3.5, 9.5 ], "texture": "#texture" }
    }
},
{
    "from": [ 8, 17.5, 7.5 ],
    "to": [ 10, 18, 8.5 ],
    "faces": {
        "down":  { "uv": [ 4, 2.5, 6, 2 ], "texture": "#texture" },
        "up":    { "uv": [ 4, 2, 6, 2.5 ], "texture": "#texture" },
        "north": { "uv": [ 6, 2, 4, 2.5 ], "texture": "#texture" },
        "south": { "uv": [ 4, 2, 6, 2.5 ], "texture": "#texture" },
        "west":  { "uv": [ 4, 2, 4.5, 2.5 ], "texture": "#texture" },
        "east":  { "uv": [ 6, 2, 5.5, 2.5 ], "texture": "#texture" }
    }
},
{
    "from": [ 8, 13, 7.5 ],
    "to": [ 10.5, 13.5, 8.5 ],
    "faces": {
        "down":  { "uv": [ 4, 7, 6.5, 6.5 ], "texture": "#texture" },
        "up":    { "uv": [ 4, 6.5, 6.5, 7 ], "texture": "#texture" },
        "north": { "uv": [ 6.5, 6.5, 4, 7 ], "texture": "#texture" },
        "south": { "uv": [ 4, 6.5, 6.5, 7 ], "texture": "#texture" },
        "west":  { "uv": [ 4, 6.5, 4.5, 7 ], "texture": "#texture" },
        "east":  { "uv": [ 6.5, 6.5, 6, 7 ], "texture": "#texture" }
    }
},
{
    "from": [ 9, 16, 7.5 ],
    "to": [ 10.5, 17.5, 8.5 ],
    "faces": {
        "down":  { "uv": [ 5, 4, 6.5, 3.5 ], "texture": "#texture" },
        "up":    { "uv": [ 5, 2.5, 6.5, 3 ], "texture": "#texture" },
        "north": { "uv": [ 6.5, 2.5, 5, 4 ], "texture": "#texture" },
        "south": { "uv": [ 5, 2.5, 6.5, 4 ], "texture": "#texture" },
        "west":  { "uv": [ 5, 2.5, 5.5, 4 ], "texture": "#texture" },
        "east":  { "uv": [ 6.5, 2.5, 6, 4 ], "texture": "#texture" }
    }
},
{
    "from": [ 9, 13.5, 7.5 ],
    "to": [ 11, 14.5, 8.5 ],
    "faces": {
        "down":  { "uv": [ 5, 6.5, 7, 6 ], "texture": "#texture" },
        "up":    { "uv": [ 5, 5.5, 7, 6 ], "texture": "#texture" },
        "north": { "uv": [ 7, 5.5, 5, 6.5 ], "texture": "#texture" },
        "south": { "uv": [ 5, 5.5, 7, 6.5 ], "texture": "#texture" },
        "west":  { "uv": [ 5, 5.5, 5.5, 6.5 ], "texture": "#texture" },
        "east":  { "uv": [ 7, 5.5, 6.5, 6.5 ], "texture": "#texture" }
    }
},
{
    "from": [ 9.5, 14.5, 7.5 ],
    "to": [ 11, 16, 8.5 ],
    "faces": {
        "down":  { "uv": [ 5.5, 5.5, 7, 5 ], "texture": "#texture" },
        "up":    { "uv": [ 5.5, 4, 7, 4.5 ], "texture": "#texture" },
        "north": { "uv": [ 7, 4, 5.5, 5.5 ], "texture": "#texture" },
        "south": { "uv": [ 5.5, 4, 7, 5.5 ], "texture": "#texture" },
        "west":  { "uv": [ 5.5, 4, 6, 5.5 ], "texture": "#texture" },
        "east":  { "uv": [ 7, 4, 6.5, 5.5 ], "texture": "#texture" }
    }
},
{
    "from": [ 10.5, 16, 7.5 ],
    "to": [ 11, 17, 8.5 ],
    "faces": {
        "down":  { "uv": [ 6.5, 4, 7, 3.5 ], "texture": "#texture" },
        "up":    { "uv": [ 6.5, 3, 7, 3.5 ], "texture": "#texture" },
        "north": { "uv": [ 7, 3, 6.5, 4 ], "texture": "#texture" },
        "south": { "uv": [ 6.5, 3, 7, 4 ], "texture": "#texture" },
        "west":  { "uv": [ 6.5, 3, 7, 4 ], "texture": "#texture" },
        "east":  { "uv": [ 7, 3, 6.5, 4 ], "texture": "#texture" }
    }
},
{
    "from": [ 7, 7, 7.5 ],
    "to": [ 8, 10.5, 8.5 ],
    "faces": {
        "down":  { "uv": [ 9, 8.5, 9.5, 9 ], "texture": "#texture" },
        "up":    { "uv": [ 9, 8.5, 9.5, 9 ], "texture": "#texture" },
        "north": { "uv": [ 9, 8.5, 9.5, 9 ], "texture": "#texture" },
        "south": { "uv": [ 9, 8.5, 9.5, 9 ], "texture": "#texture" },
        "west":  { "uv": [ 9, 8.5, 9.5, 9 ], "texture": "#texture" },
        "east":  { "uv": [ 9, 8.5, 9.5, 9 ], "texture": "#texture" }
    }
},
{
    "from": [ 6.5, 8, 7 ],
    "to": [ 8.5, 9.5, 9 ],
    "faces": {
        "down":  { "uv": [ 9.5, 1.5, 12.5, 4.5 ], "texture": "#texture" },
        "up":    { "uv": [ 12.5, 1.5, 15.5, 4.5 ], "texture": "#texture" },
        "north": { "uv": [ 12.5, 5, 15.5, 7 ], "texture": "#texture" },
        "south": { "uv": [ 12.5, 5, 15.5, 7 ], "texture": "#texture" },
        "west":  { "uv": [ 15.5, 5, 12.5, 7 ], "texture": "#texture" },
        "east":  { "uv": [ 15.5, 5, 12.5, 7 ], "texture": "#texture" }
    }
},
{
    "from": [ 6.75, 10, 7.25 ],
    "to": [ 8.25, 10.5, 8.75 ],
    "faces": {
        "down":  { "uv": [ 13, 13, 14.5, 14.5 ], "texture": "#texture" },
        "up":    { "uv": [ 13, 13, 14.5, 14.5 ], "texture": "#texture" },
        "north": { "uv": [ 13, 14, 14.5, 14.5 ], "texture": "#texture" },
        "south": { "uv": [ 13, 13, 14.5, 13.5 ], "texture": "#texture" },
        "west":  { "uv": [ 13, 13, 13.5, 14.5 ], "rotation": 90, "texture": "#texture" },
        "east":  { "uv": [ 14, 13, 14.5, 14.5 ], "rotation": 90, "texture": "#texture" }
    }
},
{
    "from": [ 6.75, 7, 7.25 ],
    "to": [ 8.25, 7.5, 8.75 ],
    "faces": {
        "down":  { "uv": [ 13, 13, 14.5, 14.5 ], "texture": "#texture" },
        "up":    { "uv": [ 13, 13, 14.5, 14.5 ], "texture": "#texture" },
        "north": { "uv": [ 13, 14, 14.5, 14.5 ], "texture": "#texture" },
        "south": { "uv": [ 13, 13, 14.5, 13.5 ], "texture": "#texture" },
        "west":  { "uv": [ 13, 13, 13.5, 14.5 ], "rotation": 90, "texture": "#texture" },
        "east":  { "uv": [ 14, 13, 14.5, 14.5 ], "rotation": 90, "texture": "#texture" }
    }
},
{
    "from": [ 7, 3.5, 7.5 ],
    "to": [ 8, 7, 8.5 ],
    "faces": {
        "down":  { "uv": [ 5.5, 12.5, 6.5, 13.5 ], "texture": "#texture" },
        "up":    { "uv": [ 4.5, 10, 5.5, 11 ], "texture": "#texture" },
        "north": { "uv": [ 4.5, 10, 5.5, 13.5 ], "texture": "#texture" },
        "south": { "uv": [ 4.5, 10, 5.5, 13.5 ], "texture": "#texture" },
        "west":  { "uv": [ 6.5, 10, 5.5, 13.5 ], "texture": "#texture" },
        "east":  { "uv": [ 6.5, 10, 5.5, 13.5 ], "texture": "#texture" }
    }
},
{
    "from": [ 6.25, 14.5, 7 ],
    "to": [ 8.25, 16.5, 9 ],
    "faces": {
        "down":  { "uv": [ 13, 11.5, 15, 12 ], "texture": "#texture" },
        "up":    { "uv": [ 13, 7.5, 15, 9.5 ], "texture": "#texture" },
        "north": { "uv": [ 13, 10, 15, 12 ], "texture": "#texture" },
        "south": { "uv": [ 13, 10, 15, 12 ], "texture": "#texture" },
        "west":  { "uv": [ 15, 10, 13, 12 ], "texture": "#texture" },
        "east":  { "uv": [ 15, 10, 13, 12 ], "texture": "#texture" }
    }
},
{
    "from": [ 6.5, 14.25, 7.25 ],
    "to": [ 8, 14.5, 8.75 ],
    "faces": {
        "down":  { "uv": [ 14, 11, 15, 12 ], "texture": "#texture" },
        "up":    { "uv": [ 14, 11, 15, 12 ], "texture": "#texture" },
        "north": { "uv": [ 14, 11.5, 15, 12 ], "texture": "#texture" },
        "south": { "uv": [ 14, 11, 15, 11.5 ], "texture": "#texture" },
        "west":  { "uv": [ 14, 11, 14.5, 12 ], "rotation": 90, "texture": "#texture" },
        "east":  { "uv": [ 14.5, 11, 15, 12 ], "texture": "#texture" }
    }
},
{
    "from": [ 6.5, 16.5, 7.25 ],
    "to": [ 8, 16.75, 8.75 ],
    "faces": {
        "down":  { "uv": [ 11, 8.5, 12, 9.5 ], "texture": "#texture" },
        "up":    { "uv": [ 11, 8.5, 12, 9.5 ], "rotation": 270, "texture": "#texture" },
        "north": { "uv": [ 12, 9, 11, 9.5 ], "texture": "#texture" },
        "south": { "uv": [ 11, 8.5, 12, 9 ], "texture": "#texture" },
        "west":  { "uv": [ 11, 8.5, 11.5, 9.5 ], "rotation": 90, "texture": "#texture" },
        "east":  { "uv": [ 11.5, 9.5, 12, 8.5 ], "rotation": 90, "texture": "#texture" }
    }
},
{
    "from": [ 6.5, 3, 7 ],
    "to": [ 8.5, 3.5, 9 ],
    "faces": {
        "down":  { "uv": [ 15, 15, 13, 13 ], "texture": "#texture" },
        "up":    { "uv": [ 15, 13, 13, 15 ], "texture": "#texture" },
        "north": { "uv": [ 13, 13, 15, 13.5 ], "texture": "#texture" },
        "south": { "uv": [ 15, 14.5, 13, 15 ], "texture": "#texture" },
        "west":  { "uv": [ 14.5, 15, 15, 13 ], "rotation": 90, "texture": "#texture" },
        "east":  { "uv": [ 13, 13, 13.5, 15 ], "rotation": 90, "texture": "#texture" }
    }
}
],
"display": {
    "thirdperson_righthand": {
        "rotation": [ 0, -55, 0 ],
        "translation": [ 0, 2.46, 1.89 ],
        "scale": [ 1.5, 1.5, 1.5 ]
    },
    "thirdperson_lefthand": {
        "rotation": [ 0, 55, 0 ],
        "translation": [ 0, 2.46, 1.89 ],
        "scale": [ 1.5, 1.5, 1.5 ]
    },
    "ground": {
        "rotation": [ 0, 0, -45 ],
        "translation": [ 0, 5.29, 0 ],
        "scale": [ 0.5, 0.5, 0.5 ]
    },
    "fixed": {
        "rotation": [ 0, 0, 45 ],
        "translation": [ 1.89, -0.94, -0.38 ],
        "scale": [ 1, 1, 1 ]
    },
    "firstperson_righthand": {
        "rotation": [ 0, -71, 7 ],
        "translation": [ 0, 2.46, 1.13 ],
        "scale": [ 1, 1, 1 ]
    },
    "firstperson_lefthand": {
        "rotation": [ 0, 105, -7 ],
        "translation": [ 0, 2.46, 0.57 ],
        "scale": [ 1, 1, 1 ]
    },
    "gui": {
        "rotation": [ 0, 0, -45 ],
        "translation": [ -0.94, -1.7, 0 ],
        "scale": [ 1, 1, 1 ]
    }
}
}