{
"__comment": "Designed by MasterianoX",
"textures": {
    "particle": "wynn/weapons/sets/money_set/money_spear",
    "texture": "wynn/weapons/sets/money_set/money_spear"
},
"elements": [ 
{
    "from": [ 7, 18, 6.5 ],
    "to": [ 9, 19, 9.5 ],
    "faces": {
        "down":  { "uv": [ 5, 6, 7, 5.5 ], "texture": "#texture" },
        "up":    { "uv": [ 5, 5, 7, 5.5 ], "texture": "#texture" },
        "north": { "uv": [ 7, 5, 5, 6 ], "texture": "#texture" },
        "south": { "uv": [ 5, 5, 7, 6 ], "texture": "#texture" },
        "west":  { "uv": [ 5, 5, 5.5, 6 ], "texture": "#texture" },
        "east":  { "uv": [ 7, 5, 6.5, 6 ], "texture": "#texture" }
    }
},
{
    "from": [ 7.5, 20, 6.5 ],
    "to": [ 8.5, 21, 9.5 ],
    "faces": {
        "down":  { "uv": [ 5.5, 4, 6.5, 3.5 ], "texture": "#texture" },
        "up":    { "uv": [ 5.5, 3, 6.5, 3.5 ], "texture": "#texture" },
        "north": { "uv": [ 6.5, 3, 5.5, 4 ], "texture": "#texture" },
        "south": { "uv": [ 5.5, 3, 6.5, 4 ], "texture": "#texture" },
        "west":  { "uv": [ 5.5, 3, 6, 4 ], "texture": "#texture" },
        "east":  { "uv": [ 6.5, 3, 6, 4 ], "texture": "#texture" }
    }
},
{
    "from": [ 7.5, 19, 6.5 ],
    "to": [ 8.5, 19.5, 9.5 ],
    "faces": {
        "down":  { "uv": [ 5.5, 5, 6.5, 4.5 ], "texture": "#texture" },
        "up":    { "uv": [ 5.5, 4.5, 6.5, 5 ], "texture": "#texture" },
        "north": { "uv": [ 6.5, 4.5, 5.5, 5 ], "texture": "#texture" },
        "south": { "uv": [ 5.5, 4.5, 6.5, 5 ], "texture": "#texture" },
        "west":  { "uv": [ 5.5, 4.5, 6, 5 ], "texture": "#texture" },
        "east":  { "uv": [ 6.5, 4.5, 6, 5 ], "texture": "#texture" }
    }
},
{
    "from": [ 7.5, 17.5, 6.5 ],
    "to": [ 8.5, 18, 9.5 ],
    "faces": {
        "down":  { "uv": [ 5.5, 6.5, 6.5, 6 ], "texture": "#texture" },
        "up":    { "uv": [ 5.5, 6, 6.5, 6.5 ], "texture": "#texture" },
        "north": { "uv": [ 6.5, 6, 5.5, 6.5 ], "texture": "#texture" },
        "south": { "uv": [ 5.5, 6, 6.5, 6.5 ], "texture": "#texture" },
        "west":  { "uv": [ 5.5, 6, 6, 6.5 ], "texture": "#texture" },
        "east":  { "uv": [ 6.5, 6, 6, 6.5 ], "texture": "#texture" }
    }
},
{
    "from": [ 7.5, 6.5, 6.75 ],
    "to": [ 8, 7, 9.25 ],
    "faces": {
        "down":  { "uv": [ 13.5, 1.5, 14, 1 ], "texture": "#texture" },
        "up":    { "uv": [ 13.5, 1, 14, 1.5 ], "texture": "#texture" },
        "north": { "uv": [ 14, 1, 13.5, 1.5 ], "texture": "#texture" },
        "south": { "uv": [ 13.5, 1, 14, 1.5 ], "texture": "#texture" },
        "west":  { "uv": [ 13.5, 1, 14, 1.5 ], "texture": "#texture" },
        "east":  { "uv": [ 14, 1, 13.5, 1.5 ], "texture": "#texture" }
    }
},
{
    "from": [ 7.5, 4, 6.75 ],
    "to": [ 8, 4.5, 9.25 ],
    "faces": {
        "down":  { "uv": [ 13.5, 4, 14, 3.5 ], "texture": "#texture" },
        "up":    { "uv": [ 13.5, 3.5, 14, 4 ], "texture": "#texture" },
        "north": { "uv": [ 14, 3.5, 13.5, 4 ], "texture": "#texture" },
        "south": { "uv": [ 13.5, 3.5, 14, 4 ], "texture": "#texture" },
        "west":  { "uv": [ 13.5, 3.5, 14, 4 ], "texture": "#texture" },
        "east":  { "uv": [ 14, 3.5, 13.5, 4 ], "texture": "#texture" }
    }
},
{
    "from": [ 7.5, 2, 6.75 ],
    "to": [ 8.5, 2.5, 9.25 ],
    "faces": {
        "down":  { "uv": [ 13.5, 6, 14.5, 5.5 ], "texture": "#texture" },
        "up":    { "uv": [ 13.5, 5.5, 14.5, 6 ], "texture": "#texture" },
        "north": { "uv": [ 14.5, 5.5, 13.5, 6 ], "texture": "#texture" },
        "south": { "uv": [ 13.5, 5.5, 14.5, 6 ], "texture": "#texture" },
        "west":  { "uv": [ 13.5, 5.5, 14, 6 ], "texture": "#texture" },
        "east":  { "uv": [ 14.5, 5.5, 14, 6 ], "texture": "#texture" }
    }
},
{
    "from": [ 7.5, -5, 6.75 ],
    "to": [ 8.5, -4.5, 9.25 ],
    "faces": {
        "down":  { "uv": [ 13.5, 13, 14.5, 12.5 ], "texture": "#texture" },
        "up":    { "uv": [ 13.5, 12.5, 14.5, 13 ], "texture": "#texture" },
        "north": { "uv": [ 14.5, 12.5, 13.5, 13 ], "texture": "#texture" },
        "south": { "uv": [ 13.5, 12.5, 14.5, 13 ], "texture": "#texture" },
        "west":  { "uv": [ 13.5, 12.5, 14, 13 ], "texture": "#texture" },
        "east":  { "uv": [ 14.5, 12.5, 14, 13 ], "texture": "#texture" }
    }
},
{
    "from": [ 8, 7, 6.75 ],
    "to": [ 8.5, 7.5, 9.25 ],
    "faces": {
        "down":  { "uv": [ 14, 1, 14.5, 0.5 ], "texture": "#texture" },
        "up":    { "uv": [ 14, 0.5, 14.5, 1 ], "texture": "#texture" },
        "north": { "uv": [ 14.5, 0.5, 14, 1 ], "texture": "#texture" },
        "south": { "uv": [ 14, 0.5, 14.5, 1 ], "texture": "#texture" },
        "west":  { "uv": [ 14, 0.5, 14.5, 1 ], "texture": "#texture" },
        "east":  { "uv": [ 14.5, 0.5, 14, 1 ], "texture": "#texture" }
    }
},
{
    "from": [ 8, 4.5, 6.75 ],
    "to": [ 8.5, 5, 9.25 ],
    "faces": {
        "down":  { "uv": [ 14, 3.5, 14.5, 3 ], "texture": "#texture" },
        "up":    { "uv": [ 14, 3, 14.5, 3.5 ], "texture": "#texture" },
        "north": { "uv": [ 14.5, 3, 14, 3.5 ], "texture": "#texture" },
        "south": { "uv": [ 14, 3, 14.5, 3.5 ], "texture": "#texture" },
        "west":  { "uv": [ 14, 3, 14.5, 3.5 ], "texture": "#texture" },
        "east":  { "uv": [ 14.5, 3, 14, 3.5 ], "texture": "#texture" }
    }
},
{
    "from": [ 3, 17, 7 ],
    "to": [ 4, 17.5, 9 ],
    "faces": {
        "down":  { "uv": [ 1, 7, 2, 6.5 ], "texture": "#texture" },
        "up":    { "uv": [ 1, 6.5, 2, 7 ], "texture": "#texture" },
        "north": { "uv": [ 2, 6.5, 1, 7 ], "texture": "#texture" },
        "south": { "uv": [ 1, 6.5, 2, 7 ], "texture": "#texture" },
        "west":  { "uv": [ 1, 6.5, 1.5, 7 ], "texture": "#texture" },
        "east":  { "uv": [ 2, 6.5, 1.5, 7 ], "texture": "#texture" }
    }
},
{
    "from": [ 3.5, 16, 7 ],
    "to": [ 5, 17, 9 ],
    "faces": {
        "down":  { "uv": [ 1.5, 8, 3, 7.5 ], "texture": "#texture" },
        "up":    { "uv": [ 1.5, 7, 3, 7.5 ], "texture": "#texture" },
        "north": { "uv": [ 3, 7, 1.5, 8 ], "texture": "#texture" },
        "south": { "uv": [ 1.5, 7, 3, 8 ], "texture": "#texture" },
        "west":  { "uv": [ 1.5, 7, 2, 8 ], "texture": "#texture" },
        "east":  { "uv": [ 3, 7, 2.5, 8 ], "texture": "#texture" }
    }
},
{
    "from": [ 4, 15, 7 ],
    "to": [ 5, 16, 9 ],
    "faces": {
        "down":  { "uv": [ 2, 9, 3, 8.5 ], "texture": "#texture" },
        "up":    { "uv": [ 2, 8, 3, 8.5 ], "texture": "#texture" },
        "north": { "uv": [ 3, 8, 2, 9 ], "texture": "#texture" },
        "south": { "uv": [ 2, 8, 3, 9 ], "texture": "#texture" },
        "west":  { "uv": [ 2, 8, 2.5, 9 ], "texture": "#texture" },
        "east":  { "uv": [ 3, 8, 2.5, 9 ], "texture": "#texture" }
    }
},
{
    "from": [ 4.5, 13.5, 7 ],
    "to": [ 5, 15, 9 ],
    "faces": {
        "down":  { "uv": [ 2.5, 10.5, 3, 10 ], "texture": "#texture" },
        "up":    { "uv": [ 2.5, 9, 3, 9.5 ], "texture": "#texture" },
        "north": { "uv": [ 3, 9, 2.5, 10.5 ], "texture": "#texture" },
        "south": { "uv": [ 2.5, 9, 3, 10.5 ], "texture": "#texture" },
        "west":  { "uv": [ 2.5, 9, 3, 10.5 ], "texture": "#texture" },
        "east":  { "uv": [ 3, 9, 2.5, 10.5 ], "texture": "#texture" }
    }
},
{
    "from": [ 5, 15.5, 7 ],
    "to": [ 5.5, 16.5, 9 ],
    "faces": {
        "down":  { "uv": [ 3, 8.5, 3.5, 8 ], "texture": "#texture" },
        "up":    { "uv": [ 3, 7.5, 3.5, 8 ], "texture": "#texture" },
        "north": { "uv": [ 3.5, 7.5, 3, 8.5 ], "texture": "#texture" },
        "south": { "uv": [ 3, 7.5, 3.5, 8.5 ], "texture": "#texture" },
        "west":  { "uv": [ 3, 7.5, 3.5, 8.5 ], "texture": "#texture" },
        "east":  { "uv": [ 3.5, 7.5, 3, 8.5 ], "texture": "#texture" }
    }
},
{
    "from": [ 5, 12.5, 7 ],
    "to": [ 5.5, 14.5, 9 ],
    "faces": {
        "down":  { "uv": [ 3, 11.5, 3.5, 11 ], "texture": "#texture" },
        "up":    { "uv": [ 3, 9.5, 3.5, 10 ], "texture": "#texture" },
        "north": { "uv": [ 3.5, 9.5, 3, 11.5 ], "texture": "#texture" },
        "south": { "uv": [ 3, 9.5, 3.5, 11.5 ], "texture": "#texture" },
        "west":  { "uv": [ 3, 9.5, 3.5, 11.5 ], "texture": "#texture" },
        "east":  { "uv": [ 3.5, 9.5, 3, 11.5 ], "texture": "#texture" }
    }
},
{
    "from": [ 5.5, 16, 7 ],
    "to": [ 6, 16.5, 9 ],
    "faces": {
        "down":  { "uv": [ 3.5, 8, 4, 7.5 ], "texture": "#texture" },
        "up":    { "uv": [ 3.5, 7.5, 4, 8 ], "texture": "#texture" },
        "north": { "uv": [ 4, 7.5, 3.5, 8 ], "texture": "#texture" },
        "south": { "uv": [ 3.5, 7.5, 4, 8 ], "texture": "#texture" },
        "west":  { "uv": [ 3.5, 7.5, 4, 8 ], "texture": "#texture" },
        "east":  { "uv": [ 4, 7.5, 3.5, 8 ], "texture": "#texture" }
    }
},
{
    "from": [ 5.5, 12, 7 ],
    "to": [ 6, 13.5, 9 ],
    "faces": {
        "down":  { "uv": [ 3.5, 12, 4, 11.5 ], "texture": "#texture" },
        "up":    { "uv": [ 3.5, 10.5, 4, 11 ], "texture": "#texture" },
        "north": { "uv": [ 4, 10.5, 3.5, 12 ], "texture": "#texture" },
        "south": { "uv": [ 3.5, 10.5, 4, 12 ], "texture": "#texture" },
        "west":  { "uv": [ 3.5, 10.5, 4, 12 ], "texture": "#texture" },
        "east":  { "uv": [ 4, 10.5, 3.5, 12 ], "texture": "#texture" }
    }
},
{
    "from": [ 6, 15.5, 7 ],
    "to": [ 12, 16, 9 ],
    "faces": {
        "down":  { "uv": [ 4, 8.5, 10, 8 ], "texture": "#texture" },
        "up":    { "uv": [ 4, 8, 10, 8.5 ], "texture": "#texture" },
        "north": { "uv": [ 10, 8, 4, 8.5 ], "texture": "#texture" },
        "south": { "uv": [ 4, 8, 10, 8.5 ], "texture": "#texture" },
        "west":  { "uv": [ 4, 8, 4.5, 8.5 ], "texture": "#texture" },
        "east":  { "uv": [ 10, 8, 9.5, 8.5 ], "texture": "#texture" }
    }
},
{
    "from": [ 6.5, 17.5, 7 ],
    "to": [ 9.5, 20, 9 ],
    "faces": {
        "down":  { "uv": [ 4.5, 6.5, 7.5, 6 ], "texture": "#texture" },
        "up":    { "uv": [ 4.5, 4, 7.5, 4.5 ], "texture": "#texture" },
        "north": { "uv": [ 7.5, 4, 4.5, 6.5 ], "texture": "#texture" },
        "south": { "uv": [ 4.5, 4, 7.5, 6.5 ], "texture": "#texture" },
        "west":  { "uv": [ 4.5, 4, 5, 6.5 ], "texture": "#texture" },
        "east":  { "uv": [ 7.5, 4, 7, 6.5 ], "texture": "#texture" }
    }
},
{
    "from": [ 6.5, 16, 7 ],
    "to": [ 9.5, 16.5, 9 ],
    "faces": {
        "down":  { "uv": [ 4.5, 8, 7.5, 7.5 ], "texture": "#texture" },
        "up":    { "uv": [ 4.5, 7.5, 7.5, 8 ], "texture": "#texture" },
        "north": { "uv": [ 7.5, 7.5, 4.5, 8 ], "texture": "#texture" },
        "south": { "uv": [ 4.5, 7.5, 7.5, 8 ], "texture": "#texture" },
        "west":  { "uv": [ 4.5, 7.5, 5, 8 ], "texture": "#texture" },
        "east":  { "uv": [ 7.5, 7.5, 7, 8 ], "texture": "#texture" }
    }
},
{
    "from": [ 6.5, 15, 7 ],
    "to": [ 9.5, 15.5, 9 ],
    "faces": {
        "down":  { "uv": [ 4.5, 9, 7.5, 8.5 ], "texture": "#texture" },
        "up":    { "uv": [ 4.5, 8.5, 7.5, 9 ], "texture": "#texture" },
        "north": { "uv": [ 7.5, 8.5, 4.5, 9 ], "texture": "#texture" },
        "south": { "uv": [ 4.5, 8.5, 7.5, 9 ], "texture": "#texture" },
        "west":  { "uv": [ 4.5, 8.5, 5, 9 ], "texture": "#texture" },
        "east":  { "uv": [ 7.5, 8.5, 7, 9 ], "texture": "#texture" }
    }
},
{
    "from": [ 7, 20, 7 ],
    "to": [ 9, 21.5, 9 ],
    "faces": {
        "down":  { "uv": [ 5, 4, 7, 3.5 ], "texture": "#texture" },
        "up":    { "uv": [ 5, 2.5, 7, 3 ], "texture": "#texture" },
        "north": { "uv": [ 7, 2.5, 5, 4 ], "texture": "#texture" },
        "south": { "uv": [ 5, 2.5, 7, 4 ], "texture": "#texture" },
        "west":  { "uv": [ 5, 2.5, 5.5, 4 ], "texture": "#texture" },
        "east":  { "uv": [ 7, 2.5, 6.5, 4 ], "texture": "#texture" }
    }
},
{
    "from": [ 7, 16.5, 7 ],
    "to": [ 9, 17.5, 9 ],
    "faces": {
        "down":  { "uv": [ 5, 7.5, 7, 7 ], "texture": "#texture" },
        "up":    { "uv": [ 5, 6.5, 7, 7 ], "texture": "#texture" },
        "north": { "uv": [ 7, 6.5, 5, 7.5 ], "texture": "#texture" },
        "south": { "uv": [ 5, 6.5, 7, 7.5 ], "texture": "#texture" },
        "west":  { "uv": [ 5, 6.5, 5.5, 7.5 ], "texture": "#texture" },
        "east":  { "uv": [ 7, 6.5, 6.5, 7.5 ], "texture": "#texture" }
    }
},
{
    "from": [ 7, 13.5, 7 ],
    "to": [ 9, 15, 9 ],
    "faces": {
        "down":  { "uv": [ 5, 10.5, 7, 10 ], "texture": "#texture" },
        "up":    { "uv": [ 5, 9, 7, 9.5 ], "texture": "#texture" },
        "north": { "uv": [ 7, 9, 5, 10.5 ], "texture": "#texture" },
        "south": { "uv": [ 5, 9, 7, 10.5 ], "texture": "#texture" },
        "west":  { "uv": [ 5, 9, 5.5, 10.5 ], "texture": "#texture" },
        "east":  { "uv": [ 7, 9, 6.5, 10.5 ], "texture": "#texture" }
    }
},
{
    "from": [ 7.5, 21.5, 7 ],
    "to": [ 8.5, 23, 9 ],
    "faces": {
        "down":  { "uv": [ 5.5, 2.5, 6.5, 2 ], "texture": "#texture" },
        "up":    { "uv": [ 5.5, 1, 6.5, 1.5 ], "texture": "#texture" },
        "north": { "uv": [ 6.5, 1, 5.5, 2.5 ], "texture": "#texture" },
        "south": { "uv": [ 5.5, 1, 6.5, 2.5 ], "texture": "#texture" },
        "west":  { "uv": [ 5.5, 1, 6, 2.5 ], "texture": "#texture" },
        "east":  { "uv": [ 6.5, 1, 6, 2.5 ], "texture": "#texture" }
    }
},
{
    "from": [ 7.5, 8, 7 ],
    "to": [ 8.5, 13, 9 ],
    "faces": {
        "down":  { "uv": [ 5.5, 16, 6.5, 15.5 ], "texture": "#texture" },
        "up":    { "uv": [ 5.5, 11, 6.5, 11.5 ], "texture": "#texture" },
        "north": { "uv": [ 6.5, 11, 5.5, 16 ], "texture": "#texture" },
        "south": { "uv": [ 5.5, 11, 6.5, 16 ], "texture": "#texture" },
        "west":  { "uv": [ 5.5, 11, 6, 16 ], "texture": "#texture" },
        "east":  { "uv": [ 6.5, 11, 6, 16 ], "texture": "#texture" }
    }
},
{
    "from": [ 8.5, 8, 7 ],
    "to": [ 9, 8.5, 9 ],
    "faces": {
        "down":  { "uv": [ 6.5, 16, 7, 15.5 ], "texture": "#texture" },
        "up":    { "uv": [ 6.5, 15.5, 7, 16 ], "texture": "#texture" },
        "north": { "uv": [ 7, 15.5, 6.5, 16 ], "texture": "#texture" },
        "south": { "uv": [ 6.5, 15.5, 7, 16 ], "texture": "#texture" },
        "west":  { "uv": [ 6.5, 15.5, 7, 16 ], "texture": "#texture" },
        "east":  { "uv": [ 7, 15.5, 6.5, 16 ], "texture": "#texture" }
    }
},
{
    "from": [ 10, 16, 7 ],
    "to": [ 12.5, 16.5, 9 ],
    "faces": {
        "down":  { "uv": [ 8, 8, 10.5, 7.5 ], "texture": "#texture" },
        "up":    { "uv": [ 8, 7.5, 10.5, 8 ], "texture": "#texture" },
        "north": { "uv": [ 10.5, 7.5, 8, 8 ], "texture": "#texture" },
        "south": { "uv": [ 8, 7.5, 10.5, 8 ], "texture": "#texture" },
        "west":  { "uv": [ 8, 7.5, 8.5, 8 ], "texture": "#texture" },
        "east":  { "uv": [ 10.5, 7.5, 10, 8 ], "texture": "#texture" }
    }
},
{
    "from": [ 10, 12, 7 ],
    "to": [ 10.5, 13.5, 9 ],
    "faces": {
        "down":  { "uv": [ 8, 12, 8.5, 11.5 ], "texture": "#texture" },
        "up":    { "uv": [ 8, 10.5, 8.5, 11 ], "texture": "#texture" },
        "north": { "uv": [ 8.5, 10.5, 8, 12 ], "texture": "#texture" },
        "south": { "uv": [ 8, 10.5, 8.5, 12 ], "texture": "#texture" },
        "west":  { "uv": [ 8, 10.5, 8.5, 12 ], "texture": "#texture" },
        "east":  { "uv": [ 8.5, 10.5, 8, 12 ], "texture": "#texture" }
    }
},
{
    "from": [ 10.5, 12.5, 7 ],
    "to": [ 11, 14.5, 9 ],
    "faces": {
        "down":  { "uv": [ 8.5, 11.5, 9, 11 ], "texture": "#texture" },
        "up":    { "uv": [ 8.5, 9.5, 9, 10 ], "texture": "#texture" },
        "north": { "uv": [ 9, 9.5, 8.5, 11.5 ], "texture": "#texture" },
        "south": { "uv": [ 8.5, 9.5, 9, 11.5 ], "texture": "#texture" },
        "west":  { "uv": [ 8.5, 9.5, 9, 11.5 ], "texture": "#texture" },
        "east":  { "uv": [ 9, 9.5, 8.5, 11.5 ], "texture": "#texture" }
    }
},
{
    "from": [ 11, 16.5, 7 ],
    "to": [ 12.5, 17, 9 ],
    "faces": {
        "down":  { "uv": [ 9, 7.5, 10.5, 7 ], "texture": "#texture" },
        "up":    { "uv": [ 9, 7, 10.5, 7.5 ], "texture": "#texture" },
        "north": { "uv": [ 10.5, 7, 9, 7.5 ], "texture": "#texture" },
        "south": { "uv": [ 9, 7, 10.5, 7.5 ], "texture": "#texture" },
        "west":  { "uv": [ 9, 7, 9.5, 7.5 ], "texture": "#texture" },
        "east":  { "uv": [ 10.5, 7, 10, 7.5 ], "texture": "#texture" }
    }
},
{
    "from": [ 11, 13.5, 7 ],
    "to": [ 11.5, 15.5, 9 ],
    "faces": {
        "down":  { "uv": [ 9, 10.5, 9.5, 10 ], "texture": "#texture" },
        "up":    { "uv": [ 9, 8.5, 9.5, 9 ], "texture": "#texture" },
        "north": { "uv": [ 9.5, 8.5, 9, 10.5 ], "texture": "#texture" },
        "south": { "uv": [ 9, 8.5, 9.5, 10.5 ], "texture": "#texture" },
        "west":  { "uv": [ 9, 8.5, 9.5, 10.5 ], "texture": "#texture" },
        "east":  { "uv": [ 9.5, 8.5, 9, 10.5 ], "texture": "#texture" }
    }
},
{
    "from": [ 11.5, 15, 7 ],
    "to": [ 12, 15.5, 9 ],
    "faces": {
        "down":  { "uv": [ 9.5, 9, 10, 8.5 ], "texture": "#texture" },
        "up":    { "uv": [ 9.5, 8.5, 10, 9 ], "texture": "#texture" },
        "north": { "uv": [ 10, 8.5, 9.5, 9 ], "texture": "#texture" },
        "south": { "uv": [ 9.5, 8.5, 10, 9 ], "texture": "#texture" },
        "west":  { "uv": [ 9.5, 8.5, 10, 9 ], "texture": "#texture" },
        "east":  { "uv": [ 10, 8.5, 9.5, 9 ], "texture": "#texture" }
    }
},
{
    "from": [ 12, 17, 7 ],
    "to": [ 13, 17.5, 9 ],
    "faces": {
        "down":  { "uv": [ 10, 7, 11, 6.5 ], "texture": "#texture" },
        "up":    { "uv": [ 10, 6.5, 11, 7 ], "texture": "#texture" },
        "north": { "uv": [ 11, 6.5, 10, 7 ], "texture": "#texture" },
        "south": { "uv": [ 10, 6.5, 11, 7 ], "texture": "#texture" },
        "west":  { "uv": [ 10, 6.5, 10.5, 7 ], "texture": "#texture" },
        "east":  { "uv": [ 11, 6.5, 10.5, 7 ], "texture": "#texture" }
    }
},
{
    "from": [ 7, 6, 7 ],
    "to": [ 8.5, 7, 9 ],
    "faces": {
        "down":  { "uv": [ 13, 2, 14.5, 1.5 ], "texture": "#texture" },
        "up":    { "uv": [ 13, 1, 14.5, 1.5 ], "texture": "#texture" },
        "north": { "uv": [ 14.5, 1, 13, 2 ], "texture": "#texture" },
        "south": { "uv": [ 13, 1, 14.5, 2 ], "texture": "#texture" },
        "west":  { "uv": [ 13, 1, 13.5, 2 ], "texture": "#texture" },
        "east":  { "uv": [ 14.5, 1, 14, 2 ], "texture": "#texture" }
    }
},
{
    "from": [ 7, 3.5, 7 ],
    "to": [ 8.5, 4.5, 9 ],
    "faces": {
        "down":  { "uv": [ 13, 4.5, 14.5, 4 ], "texture": "#texture" },
        "up":    { "uv": [ 13, 3.5, 14.5, 4 ], "texture": "#texture" },
        "north": { "uv": [ 14.5, 3.5, 13, 4.5 ], "texture": "#texture" },
        "south": { "uv": [ 13, 3.5, 14.5, 4.5 ], "texture": "#texture" },
        "west":  { "uv": [ 13, 3.5, 13.5, 4.5 ], "texture": "#texture" },
        "east":  { "uv": [ 14.5, 3.5, 14, 4.5 ], "texture": "#texture" }
    }
},
{
    "from": [ 7, 2, 7 ],
    "to": [ 9, 2.5, 9 ],
    "faces": {
        "down":  { "uv": [ 13, 6, 15, 5.5 ], "texture": "#texture" },
        "up":    { "uv": [ 13, 5.5, 15, 6 ], "texture": "#texture" },
        "north": { "uv": [ 15, 5.5, 13, 6 ], "texture": "#texture" },
        "south": { "uv": [ 13, 5.5, 15, 6 ], "texture": "#texture" },
        "west":  { "uv": [ 13, 5.5, 13.5, 6 ], "texture": "#texture" },
        "east":  { "uv": [ 15, 5.5, 14.5, 6 ], "texture": "#texture" }
    }
},
{
    "from": [ 7, -5, 7 ],
    "to": [ 9, -4.5, 9 ],
    "faces": {
        "down":  { "uv": [ 13, 13, 15, 12.5 ], "texture": "#texture" },
        "up":    { "uv": [ 13, 12.5, 15, 13 ], "texture": "#texture" },
        "north": { "uv": [ 15, 12.5, 13, 13 ], "texture": "#texture" },
        "south": { "uv": [ 13, 12.5, 15, 13 ], "texture": "#texture" },
        "west":  { "uv": [ 13, 12.5, 13.5, 13 ], "texture": "#texture" },
        "east":  { "uv": [ 15, 12.5, 14.5, 13 ], "texture": "#texture" }
    }
},
{
    "from": [ 7, -6, 7 ],
    "to": [ 9, -5.5, 9 ],
    "faces": {
        "down":  { "uv": [ 13, 14, 15, 13.5 ], "texture": "#texture" },
        "up":    { "uv": [ 13, 13.5, 15, 14 ], "texture": "#texture" },
        "north": { "uv": [ 15, 13.5, 13, 14 ], "texture": "#texture" },
        "south": { "uv": [ 13, 13.5, 15, 14 ], "texture": "#texture" },
        "west":  { "uv": [ 13, 13.5, 13.5, 14 ], "texture": "#texture" },
        "east":  { "uv": [ 15, 13.5, 14.5, 14 ], "texture": "#texture" }
    }
},
{
    "from": [ 7.5, 7, 7 ],
    "to": [ 9, 8, 9 ],
    "faces": {
        "down":  { "uv": [ 13.5, 1, 15, 0.5 ], "texture": "#texture" },
        "up":    { "uv": [ 13.5, 0, 15, 0.5 ], "texture": "#texture" },
        "north": { "uv": [ 15, 0, 13.5, 1 ], "texture": "#texture" },
        "south": { "uv": [ 13.5, 0, 15, 1 ], "texture": "#texture" },
        "west":  { "uv": [ 13.5, 0, 14, 1 ], "texture": "#texture" },
        "east":  { "uv": [ 15, 0, 14.5, 1 ], "texture": "#texture" }
    }
},
{
    "from": [ 7.5, 4.5, 7 ],
    "to": [ 9, 6, 9 ],
    "faces": {
        "down":  { "uv": [ 13.5, 3.5, 15, 3 ], "texture": "#texture" },
        "up":    { "uv": [ 13.5, 2, 15, 2.5 ], "texture": "#texture" },
        "north": { "uv": [ 15, 2, 13.5, 3.5 ], "texture": "#texture" },
        "south": { "uv": [ 13.5, 2, 15, 3.5 ], "texture": "#texture" },
        "west":  { "uv": [ 13.5, 2, 14, 3.5 ], "texture": "#texture" },
        "east":  { "uv": [ 15, 2, 14.5, 3.5 ], "texture": "#texture" }
    }
},
{
    "from": [ 7.5, 2.5, 7 ],
    "to": [ 8.5, 3.5, 9 ],
    "faces": {
        "down":  { "uv": [ 13.5, 5.5, 14.5, 5 ], "texture": "#texture" },
        "up":    { "uv": [ 13.5, 4.5, 14.5, 5 ], "texture": "#texture" },
        "north": { "uv": [ 14.5, 4.5, 13.5, 5.5 ], "texture": "#texture" },
        "south": { "uv": [ 13.5, 4.5, 14.5, 5.5 ], "texture": "#texture" },
        "west":  { "uv": [ 13.5, 4.5, 14, 5.5 ], "texture": "#texture" },
        "east":  { "uv": [ 14.5, 4.5, 14, 5.5 ], "texture": "#texture" }
    }
},
{
    "from": [ 7.5, 1.5, 7 ],
    "to": [ 8.5, 2, 9 ],
    "faces": {
        "down":  { "uv": [ 13.5, 6.5, 14.5, 6 ], "texture": "#texture" },
        "up":    { "uv": [ 13.5, 6, 14.5, 6.5 ], "texture": "#texture" },
        "north": { "uv": [ 14.5, 6, 13.5, 6.5 ], "texture": "#texture" },
        "south": { "uv": [ 13.5, 6, 14.5, 6.5 ], "texture": "#texture" },
        "west":  { "uv": [ 13.5, 6, 14, 6.5 ], "texture": "#texture" },
        "east":  { "uv": [ 14.5, 6, 14, 6.5 ], "texture": "#texture" }
    }
},
{
    "from": [ 7.5, -4.5, 7 ],
    "to": [ 8.5, -4, 9 ],
    "faces": {
        "down":  { "uv": [ 13.5, 12.5, 14.5, 12 ], "texture": "#texture" },
        "up":    { "uv": [ 13.5, 12, 14.5, 12.5 ], "texture": "#texture" },
        "north": { "uv": [ 14.5, 12, 13.5, 12.5 ], "texture": "#texture" },
        "south": { "uv": [ 13.5, 12, 14.5, 12.5 ], "texture": "#texture" },
        "west":  { "uv": [ 13.5, 12, 14, 12.5 ], "texture": "#texture" },
        "east":  { "uv": [ 14.5, 12, 14, 12.5 ], "texture": "#texture" }
    }
},
{
    "from": [ 7.5, -5.5, 7 ],
    "to": [ 8.5, -5, 9 ],
    "faces": {
        "down":  { "uv": [ 13.5, 13.5, 14.5, 13 ], "texture": "#texture" },
        "up":    { "uv": [ 13.5, 13, 14.5, 13.5 ], "texture": "#texture" },
        "north": { "uv": [ 14.5, 13, 13.5, 13.5 ], "texture": "#texture" },
        "south": { "uv": [ 13.5, 13, 14.5, 13.5 ], "texture": "#texture" },
        "west":  { "uv": [ 13.5, 13, 14, 13.5 ], "texture": "#texture" },
        "east":  { "uv": [ 14.5, 13, 14, 13.5 ], "texture": "#texture" }
    }
},
{
    "from": [ 7.5, -6.5, 7 ],
    "to": [ 8.5, -6, 9 ],
    "faces": {
        "down":  { "uv": [ 13.5, 14.5, 14.5, 14 ], "texture": "#texture" },
        "up":    { "uv": [ 13.5, 14, 14.5, 14.5 ], "texture": "#texture" },
        "north": { "uv": [ 14.5, 14, 13.5, 14.5 ], "texture": "#texture" },
        "south": { "uv": [ 13.5, 14, 14.5, 14.5 ], "texture": "#texture" },
        "west":  { "uv": [ 13.5, 14, 14, 14.5 ], "texture": "#texture" },
        "east":  { "uv": [ 14.5, 14, 14, 14.5 ], "texture": "#texture" }
    }
},
{
    "from": [ 2, 17.5, 7.5 ],
    "to": [ 4, 18, 8.5 ],
    "faces": {
        "down":  { "uv": [ 0, 6.5, 2, 6 ], "texture": "#texture" },
        "up":    { "uv": [ 0, 6, 2, 6.5 ], "texture": "#texture" },
        "north": { "uv": [ 2, 6, 0, 6.5 ], "texture": "#texture" },
        "south": { "uv": [ 0, 6, 2, 6.5 ], "texture": "#texture" },
        "west":  { "uv": [ 0, 6, 0.5, 6.5 ], "texture": "#texture" },
        "east":  { "uv": [ 2, 6, 1.5, 6.5 ], "texture": "#texture" }
    }
},
{
    "from": [ 2.5, 17, 7.5 ],
    "to": [ 5, 17.5, 8.5 ],
    "faces": {
        "down":  { "uv": [ 0.5, 7, 3, 6.5 ], "texture": "#texture" },
        "up":    { "uv": [ 0.5, 6.5, 3, 7 ], "texture": "#texture" },
        "north": { "uv": [ 3, 6.5, 0.5, 7 ], "texture": "#texture" },
        "south": { "uv": [ 0.5, 6.5, 3, 7 ], "texture": "#texture" },
        "west":  { "uv": [ 0.5, 6.5, 1, 7 ], "texture": "#texture" },
        "east":  { "uv": [ 3, 6.5, 2.5, 7 ], "texture": "#texture" }
    }
},
{
    "from": [ 3, 16, 7.5 ],
    "to": [ 6, 17, 8.5 ],
    "faces": {
        "down":  { "uv": [ 1, 8, 4, 7.5 ], "texture": "#texture" },
        "up":    { "uv": [ 1, 7, 4, 7.5 ], "texture": "#texture" },
        "north": { "uv": [ 4, 7, 1, 8 ], "texture": "#texture" },
        "south": { "uv": [ 1, 7, 4, 8 ], "texture": "#texture" },
        "west":  { "uv": [ 1, 7, 1.5, 8 ], "texture": "#texture" },
        "east":  { "uv": [ 4, 7, 3.5, 8 ], "texture": "#texture" }
    }
},
{
    "from": [ 3.5, 15, 7.5 ],
    "to": [ 5.5, 16, 8.5 ],
    "faces": {
        "down":  { "uv": [ 1.5, 9, 3.5, 8.5 ], "texture": "#texture" },
        "up":    { "uv": [ 1.5, 8, 3.5, 8.5 ], "texture": "#texture" },
        "north": { "uv": [ 3.5, 8, 1.5, 9 ], "texture": "#texture" },
        "south": { "uv": [ 1.5, 8, 3.5, 9 ], "texture": "#texture" },
        "west":  { "uv": [ 1.5, 8, 2, 9 ], "texture": "#texture" },
        "east":  { "uv": [ 3.5, 8, 3, 9 ], "texture": "#texture" }
    }
},
{
    "from": [ 4, 13.5, 7.5 ],
    "to": [ 5.5, 15, 8.5 ],
    "faces": {
        "down":  { "uv": [ 2, 10.5, 3.5, 10 ], "texture": "#texture" },
        "up":    { "uv": [ 2, 9, 3.5, 9.5 ], "texture": "#texture" },
        "north": { "uv": [ 3.5, 9, 2, 10.5 ], "texture": "#texture" },
        "south": { "uv": [ 2, 9, 3.5, 10.5 ], "texture": "#texture" },
        "west":  { "uv": [ 2, 9, 2.5, 10.5 ], "texture": "#texture" },
        "east":  { "uv": [ 3.5, 9, 3, 10.5 ], "texture": "#texture" }
    }
},
{
    "from": [ 4.5, 12.5, 7.5 ],
    "to": [ 6.5, 13.5, 8.5 ],
    "faces": {
        "down":  { "uv": [ 2.5, 11.5, 4.5, 11 ], "texture": "#texture" },
        "up":    { "uv": [ 2.5, 10.5, 4.5, 11 ], "texture": "#texture" },
        "north": { "uv": [ 4.5, 10.5, 2.5, 11.5 ], "texture": "#texture" },
        "south": { "uv": [ 2.5, 10.5, 4.5, 11.5 ], "texture": "#texture" },
        "west":  { "uv": [ 2.5, 10.5, 3, 11.5 ], "texture": "#texture" },
        "east":  { "uv": [ 4.5, 10.5, 4, 11.5 ], "texture": "#texture" }
    }
},
{
    "from": [ 5, 11.5, 7.5 ],
    "to": [ 6.5, 12.5, 8.5 ],
    "faces": {
        "down":  { "uv": [ 3, 12.5, 4.5, 12 ], "texture": "#texture" },
        "up":    { "uv": [ 3, 11.5, 4.5, 12 ], "texture": "#texture" },
        "north": { "uv": [ 4.5, 11.5, 3, 12.5 ], "texture": "#texture" },
        "south": { "uv": [ 3, 11.5, 4.5, 12.5 ], "texture": "#texture" },
        "west":  { "uv": [ 3, 11.5, 3.5, 12.5 ], "texture": "#texture" },
        "east":  { "uv": [ 4.5, 11.5, 4, 12.5 ], "texture": "#texture" }
    }
},
{
    "from": [ 5.5, 15.5, 7.5 ],
    "to": [ 12.5, 16, 8.5 ],
    "faces": {
        "down":  { "uv": [ 3.5, 8.5, 10.5, 8 ], "texture": "#texture" },
        "up":    { "uv": [ 3.5, 8, 10.5, 8.5 ], "texture": "#texture" },
        "north": { "uv": [ 10.5, 8, 3.5, 8.5 ], "texture": "#texture" },
        "south": { "uv": [ 3.5, 8, 10.5, 8.5 ], "texture": "#texture" },
        "west":  { "uv": [ 3.5, 8, 4, 8.5 ], "texture": "#texture" },
        "east":  { "uv": [ 10.5, 8, 10, 8.5 ], "texture": "#texture" }
    }
},
{
    "from": [ 5.5, 13.5, 7.5 ],
    "to": [ 6, 14.5, 8.5 ],
    "faces": {
        "down":  { "uv": [ 3.5, 10.5, 4, 10 ], "texture": "#texture" },
        "up":    { "uv": [ 3.5, 9.5, 4, 10 ], "texture": "#texture" },
        "north": { "uv": [ 4, 9.5, 3.5, 10.5 ], "texture": "#texture" },
        "south": { "uv": [ 3.5, 9.5, 4, 10.5 ], "texture": "#texture" },
        "west":  { "uv": [ 3.5, 9.5, 4, 10.5 ], "texture": "#texture" },
        "east":  { "uv": [ 4, 9.5, 3.5, 10.5 ], "texture": "#texture" }
    }
},
{
    "from": [ 6, 17.5, 7.5 ],
    "to": [ 10, 20, 8.5 ],
    "faces": {
        "down":  { "uv": [ 4, 6.5, 8, 6 ], "texture": "#texture" },
        "up":    { "uv": [ 4, 4, 8, 4.5 ], "texture": "#texture" },
        "north": { "uv": [ 8, 4, 4, 6.5 ], "texture": "#texture" },
        "south": { "uv": [ 4, 4, 8, 6.5 ], "texture": "#texture" },
        "west":  { "uv": [ 4, 4, 4.5, 6.5 ], "texture": "#texture" },
        "east":  { "uv": [ 8, 4, 7.5, 6.5 ], "texture": "#texture" }
    }
},
{
    "from": [ 6, 16, 7.5 ],
    "to": [ 13, 16.5, 8.5 ],
    "faces": {
        "down":  { "uv": [ 4, 8, 11, 7.5 ], "texture": "#texture" },
        "up":    { "uv": [ 4, 7.5, 11, 8 ], "texture": "#texture" },
        "north": { "uv": [ 11, 7.5, 4, 8 ], "texture": "#texture" },
        "south": { "uv": [ 4, 7.5, 11, 8 ], "texture": "#texture" },
        "west":  { "uv": [ 4, 7.5, 4.5, 8 ], "texture": "#texture" },
        "east":  { "uv": [ 11, 7.5, 10.5, 8 ], "texture": "#texture" }
    }
},
{
    "from": [ 6, 15, 7.5 ],
    "to": [ 10, 15.5, 8.5 ],
    "faces": {
        "down":  { "uv": [ 4, 9, 8, 8.5 ], "texture": "#texture" },
        "up":    { "uv": [ 4, 8.5, 8, 9 ], "texture": "#texture" },
        "north": { "uv": [ 8, 8.5, 4, 9 ], "texture": "#texture" },
        "south": { "uv": [ 4, 8.5, 8, 9 ], "texture": "#texture" },
        "west":  { "uv": [ 4, 8.5, 4.5, 9 ], "texture": "#texture" },
        "east":  { "uv": [ 8, 8.5, 7.5, 9 ], "texture": "#texture" }
    }
},
{
    "from": [ 6, 11, 7.5 ],
    "to": [ 6.5, 11.5, 8.5 ],
    "faces": {
        "down":  { "uv": [ 4, 13, 4.5, 12.5 ], "texture": "#texture" },
        "up":    { "uv": [ 4, 12.5, 4.5, 13 ], "texture": "#texture" },
        "north": { "uv": [ 4.5, 12.5, 4, 13 ], "texture": "#texture" },
        "south": { "uv": [ 4, 12.5, 4.5, 13 ], "texture": "#texture" },
        "west":  { "uv": [ 4, 12.5, 4.5, 13 ], "texture": "#texture" },
        "east":  { "uv": [ 4.5, 12.5, 4, 13 ], "texture": "#texture" }
    }
},
{
    "from": [ 6.5, 20, 7.5 ],
    "to": [ 9.5, 21.5, 8.5 ],
    "faces": {
        "down":  { "uv": [ 4.5, 4, 7.5, 3.5 ], "texture": "#texture" },
        "up":    { "uv": [ 4.5, 2.5, 7.5, 3 ], "texture": "#texture" },
        "north": { "uv": [ 7.5, 2.5, 4.5, 4 ], "texture": "#texture" },
        "south": { "uv": [ 4.5, 2.5, 7.5, 4 ], "texture": "#texture" },
        "west":  { "uv": [ 4.5, 2.5, 5, 4 ], "texture": "#texture" },
        "east":  { "uv": [ 7.5, 2.5, 7, 4 ], "texture": "#texture" }
    }
},
{
    "from": [ 6.5, 16.5, 7.5 ],
    "to": [ 9.5, 17.5, 8.5 ],
    "faces": {
        "down":  { "uv": [ 4.5, 7.5, 7.5, 7 ], "texture": "#texture" },
        "up":    { "uv": [ 4.5, 6.5, 7.5, 7 ], "texture": "#texture" },
        "north": { "uv": [ 7.5, 6.5, 4.5, 7.5 ], "texture": "#texture" },
        "south": { "uv": [ 4.5, 6.5, 7.5, 7.5 ], "texture": "#texture" },
        "west":  { "uv": [ 4.5, 6.5, 5, 7.5 ], "texture": "#texture" },
        "east":  { "uv": [ 7.5, 6.5, 7, 7.5 ], "texture": "#texture" }
    }
},
{
    "from": [ 6.5, 13.5, 7.5 ],
    "to": [ 9.5, 15, 8.5 ],
    "faces": {
        "down":  { "uv": [ 4.5, 10.5, 7.5, 10 ], "texture": "#texture" },
        "up":    { "uv": [ 4.5, 9, 7.5, 9.5 ], "texture": "#texture" },
        "north": { "uv": [ 7.5, 9, 4.5, 10.5 ], "texture": "#texture" },
        "south": { "uv": [ 4.5, 9, 7.5, 10.5 ], "texture": "#texture" },
        "west":  { "uv": [ 4.5, 9, 5, 10.5 ], "texture": "#texture" },
        "east":  { "uv": [ 7.5, 9, 7, 10.5 ], "texture": "#texture" }
    }
},
{
    "from": [ 7, 21.5, 7.5 ],
    "to": [ 9, 23, 8.5 ],
    "faces": {
        "down":  { "uv": [ 5, 2.5, 7, 2 ], "texture": "#texture" },
        "up":    { "uv": [ 5, 1, 7, 1.5 ], "texture": "#texture" },
        "north": { "uv": [ 7, 1, 5, 2.5 ], "texture": "#texture" },
        "south": { "uv": [ 5, 1, 7, 2.5 ], "texture": "#texture" },
        "west":  { "uv": [ 5, 1, 5.5, 2.5 ], "texture": "#texture" },
        "east":  { "uv": [ 7, 1, 6.5, 2.5 ], "texture": "#texture" }
    }
},
{
    "from": [ 7, 8, 7.5 ],
    "to": [ 9, 13.5, 8.5 ],
    "faces": {
        "down":  { "uv": [ 5, 16, 7, 15.5 ], "texture": "#texture" },
        "up":    { "uv": [ 5, 10.5, 7, 11 ], "texture": "#texture" },
        "north": { "uv": [ 7, 10.5, 5, 16 ], "texture": "#texture" },
        "south": { "uv": [ 5, 10.5, 7, 16 ], "texture": "#texture" },
        "west":  { "uv": [ 5, 10.5, 5.5, 16 ], "texture": "#texture" },
        "east":  { "uv": [ 7, 10.5, 6.5, 16 ], "texture": "#texture" }
    }
},
{
    "from": [ 7.5, 23, 7.5 ],
    "to": [ 8, 24, 8.5 ],
    "faces": {
        "down":  { "uv": [ 5.5, 1, 6, 0.5 ], "texture": "#texture" },
        "up":    { "uv": [ 5.5, 0, 6, 0.5 ], "texture": "#texture" },
        "north": { "uv": [ 6, 0, 5.5, 1 ], "texture": "#texture" },
        "south": { "uv": [ 5.5, 0, 6, 1 ], "texture": "#texture" },
        "west":  { "uv": [ 5.5, 0, 6, 1 ], "texture": "#texture" },
        "east":  { "uv": [ 6, 0, 5.5, 1 ], "texture": "#texture" }
    }
},
{
    "from": [ 8, 23, 7.5 ],
    "to": [ 8.5, 23.5, 8.5 ],
    "faces": {
        "down":  { "uv": [ 6, 1, 6.5, 0.5 ], "texture": "#texture" },
        "up":    { "uv": [ 6, 0.5, 6.5, 1 ], "texture": "#texture" },
        "north": { "uv": [ 6.5, 0.5, 6, 1 ], "texture": "#texture" },
        "south": { "uv": [ 6, 0.5, 6.5, 1 ], "texture": "#texture" },
        "west":  { "uv": [ 6, 0.5, 6.5, 1 ], "texture": "#texture" },
        "east":  { "uv": [ 6.5, 0.5, 6, 1 ], "texture": "#texture" }
    }
},
{
    "from": [ 9, 8, 7.5 ],
    "to": [ 9.5, 8.5, 8.5 ],
    "faces": {
        "down":  { "uv": [ 7, 16, 7.5, 15.5 ], "texture": "#texture" },
        "up":    { "uv": [ 7, 15.5, 7.5, 16 ], "texture": "#texture" },
        "north": { "uv": [ 7.5, 15.5, 7, 16 ], "texture": "#texture" },
        "south": { "uv": [ 7, 15.5, 7.5, 16 ], "texture": "#texture" },
        "west":  { "uv": [ 7, 15.5, 7.5, 16 ], "texture": "#texture" },
        "east":  { "uv": [ 7.5, 15.5, 7, 16 ], "texture": "#texture" }
    }
},
{
    "from": [ 9.5, 11, 7.5 ],
    "to": [ 10, 13.5, 8.5 ],
    "faces": {
        "down":  { "uv": [ 7.5, 13, 8, 12.5 ], "texture": "#texture" },
        "up":    { "uv": [ 7.5, 10.5, 8, 11 ], "texture": "#texture" },
        "north": { "uv": [ 8, 10.5, 7.5, 13 ], "texture": "#texture" },
        "south": { "uv": [ 7.5, 10.5, 8, 13 ], "texture": "#texture" },
        "west":  { "uv": [ 7.5, 10.5, 8, 13 ], "texture": "#texture" },
        "east":  { "uv": [ 8, 10.5, 7.5, 13 ], "texture": "#texture" }
    }
},
{
    "from": [ 10, 16.5, 7.5 ],
    "to": [ 13, 17, 8.5 ],
    "faces": {
        "down":  { "uv": [ 8, 7.5, 11, 7 ], "texture": "#texture" },
        "up":    { "uv": [ 8, 7, 11, 7.5 ], "texture": "#texture" },
        "north": { "uv": [ 11, 7, 8, 7.5 ], "texture": "#texture" },
        "south": { "uv": [ 8, 7, 11, 7.5 ], "texture": "#texture" },
        "west":  { "uv": [ 8, 7, 8.5, 7.5 ], "texture": "#texture" },
        "east":  { "uv": [ 11, 7, 10.5, 7.5 ], "texture": "#texture" }
    }
},
{
    "from": [ 10, 11.5, 7.5 ],
    "to": [ 11, 14.5, 8.5 ],
    "faces": {
        "down":  { "uv": [ 8, 12.5, 9, 12 ], "texture": "#texture" },
        "up":    { "uv": [ 8, 9.5, 9, 10 ], "texture": "#texture" },
        "north": { "uv": [ 9, 9.5, 8, 12.5 ], "texture": "#texture" },
        "south": { "uv": [ 8, 9.5, 9, 12.5 ], "texture": "#texture" },
        "west":  { "uv": [ 8, 9.5, 8.5, 12.5 ], "texture": "#texture" },
        "east":  { "uv": [ 9, 9.5, 8.5, 12.5 ], "texture": "#texture" }
    }
},
{
    "from": [ 10.5, 14.5, 7.5 ],
    "to": [ 12, 15.5, 8.5 ],
    "faces": {
        "down":  { "uv": [ 8.5, 9.5, 10, 9 ], "texture": "#texture" },
        "up":    { "uv": [ 8.5, 8.5, 10, 9 ], "texture": "#texture" },
        "north": { "uv": [ 10, 8.5, 8.5, 9.5 ], "texture": "#texture" },
        "south": { "uv": [ 8.5, 8.5, 10, 9.5 ], "texture": "#texture" },
        "west":  { "uv": [ 8.5, 8.5, 9, 9.5 ], "texture": "#texture" },
        "east":  { "uv": [ 10, 8.5, 9.5, 9.5 ], "texture": "#texture" }
    }
},
{
    "from": [ 11, 17, 7.5 ],
    "to": [ 13.5, 17.5, 8.5 ],
    "faces": {
        "down":  { "uv": [ 9, 7, 11.5, 6.5 ], "texture": "#texture" },
        "up":    { "uv": [ 9, 6.5, 11.5, 7 ], "texture": "#texture" },
        "north": { "uv": [ 11.5, 6.5, 9, 7 ], "texture": "#texture" },
        "south": { "uv": [ 9, 6.5, 11.5, 7 ], "texture": "#texture" },
        "west":  { "uv": [ 9, 6.5, 9.5, 7 ], "texture": "#texture" },
        "east":  { "uv": [ 11.5, 6.5, 11, 7 ], "texture": "#texture" }
    }
},
{
    "from": [ 11, 12.5, 7.5 ],
    "to": [ 11.5, 14.5, 8.5 ],
    "faces": {
        "down":  { "uv": [ 9, 11.5, 9.5, 11 ], "texture": "#texture" },
        "up":    { "uv": [ 9, 9.5, 9.5, 10 ], "texture": "#texture" },
        "north": { "uv": [ 9.5, 9.5, 9, 11.5 ], "texture": "#texture" },
        "south": { "uv": [ 9, 9.5, 9.5, 11.5 ], "texture": "#texture" },
        "west":  { "uv": [ 9, 9.5, 9.5, 11.5 ], "texture": "#texture" },
        "east":  { "uv": [ 9.5, 9.5, 9, 11.5 ], "texture": "#texture" }
    }
},
{
    "from": [ 11.5, 13.5, 7.5 ],
    "to": [ 12, 14.5, 8.5 ],
    "faces": {
        "down":  { "uv": [ 9.5, 10.5, 10, 10 ], "texture": "#texture" },
        "up":    { "uv": [ 9.5, 9.5, 10, 10 ], "texture": "#texture" },
        "north": { "uv": [ 10, 9.5, 9.5, 10.5 ], "texture": "#texture" },
        "south": { "uv": [ 9.5, 9.5, 10, 10.5 ], "texture": "#texture" },
        "west":  { "uv": [ 9.5, 9.5, 10, 10.5 ], "texture": "#texture" },
        "east":  { "uv": [ 10, 9.5, 9.5, 10.5 ], "texture": "#texture" }
    }
},
{
    "from": [ 12, 17.5, 7.5 ],
    "to": [ 14, 18, 8.5 ],
    "faces": {
        "down":  { "uv": [ 10, 6.5, 12, 6 ], "texture": "#texture" },
        "up":    { "uv": [ 10, 6, 12, 6.5 ], "texture": "#texture" },
        "north": { "uv": [ 12, 6, 10, 6.5 ], "texture": "#texture" },
        "south": { "uv": [ 10, 6, 12, 6.5 ], "texture": "#texture" },
        "west":  { "uv": [ 10, 6, 10.5, 6.5 ], "texture": "#texture" },
        "east":  { "uv": [ 12, 6, 11.5, 6.5 ], "texture": "#texture" }
    }
},
{
    "from": [ 12, 15, 7.5 ],
    "to": [ 12.5, 15.5, 8.5 ],
    "faces": {
        "down":  { "uv": [ 10, 9, 10.5, 8.5 ], "texture": "#texture" },
        "up":    { "uv": [ 10, 8.5, 10.5, 9 ], "texture": "#texture" },
        "north": { "uv": [ 10.5, 8.5, 10, 9 ], "texture": "#texture" },
        "south": { "uv": [ 10, 8.5, 10.5, 9 ], "texture": "#texture" },
        "west":  { "uv": [ 10, 8.5, 10.5, 9 ], "texture": "#texture" },
        "east":  { "uv": [ 10.5, 8.5, 10, 9 ], "texture": "#texture" }
    }
},
{
    "from": [ 6, -7.5, 7.5 ],
    "to": [ 6.5, -6, 8.5 ],
    "faces": {
        "down":  { "uv": [ 12, 15.5, 12.5, 15 ], "texture": "#texture" },
        "up":    { "uv": [ 12, 14, 12.5, 14.5 ], "texture": "#texture" },
        "north": { "uv": [ 12.5, 14, 12, 15.5 ], "texture": "#texture" },
        "south": { "uv": [ 12, 14, 12.5, 15.5 ], "texture": "#texture" },
        "west":  { "uv": [ 12, 14, 12.5, 15.5 ], "texture": "#texture" },
        "east":  { "uv": [ 12.5, 14, 12, 15.5 ], "texture": "#texture" }
    }
},
{
    "from": [ 6.5, 6, 7.5 ],
    "to": [ 9, 7, 8.5 ],
    "faces": {
        "down":  { "uv": [ 12.5, 2, 15, 1.5 ], "texture": "#texture" },
        "up":    { "uv": [ 12.5, 1, 15, 1.5 ], "texture": "#texture" },
        "north": { "uv": [ 15, 1, 12.5, 2 ], "texture": "#texture" },
        "south": { "uv": [ 12.5, 1, 15, 2 ], "texture": "#texture" },
        "west":  { "uv": [ 12.5, 1, 13, 2 ], "texture": "#texture" },
        "east":  { "uv": [ 15, 1, 14.5, 2 ], "texture": "#texture" }
    }
},
{
    "from": [ 6.5, 3.5, 7.5 ],
    "to": [ 9, 4.5, 8.5 ],
    "faces": {
        "down":  { "uv": [ 12.5, 4.5, 15, 4 ], "texture": "#texture" },
        "up":    { "uv": [ 12.5, 3.5, 15, 4 ], "texture": "#texture" },
        "north": { "uv": [ 15, 3.5, 12.5, 4.5 ], "texture": "#texture" },
        "south": { "uv": [ 12.5, 3.5, 15, 4.5 ], "texture": "#texture" },
        "west":  { "uv": [ 12.5, 3.5, 13, 4.5 ], "texture": "#texture" },
        "east":  { "uv": [ 15, 3.5, 14.5, 4.5 ], "texture": "#texture" }
    }
},
{
    "from": [ 6.5, 2, 7.5 ],
    "to": [ 9.5, 2.5, 8.5 ],
    "faces": {
        "down":  { "uv": [ 12.5, 6, 15.5, 5.5 ], "texture": "#texture" },
        "up":    { "uv": [ 12.5, 5.5, 15.5, 6 ], "texture": "#texture" },
        "north": { "uv": [ 15.5, 5.5, 12.5, 6 ], "texture": "#texture" },
        "south": { "uv": [ 12.5, 5.5, 15.5, 6 ], "texture": "#texture" },
        "west":  { "uv": [ 12.5, 5.5, 13, 6 ], "texture": "#texture" },
        "east":  { "uv": [ 15.5, 5.5, 15, 6 ], "texture": "#texture" }
    }
},
{
    "from": [ 6.5, -5, 7.5 ],
    "to": [ 9.5, -4.5, 8.5 ],
    "faces": {
        "down":  { "uv": [ 12.5, 13, 15.5, 12.5 ], "texture": "#texture" },
        "up":    { "uv": [ 12.5, 12.5, 15.5, 13 ], "texture": "#texture" },
        "north": { "uv": [ 15.5, 12.5, 12.5, 13 ], "texture": "#texture" },
        "south": { "uv": [ 12.5, 12.5, 15.5, 13 ], "texture": "#texture" },
        "west":  { "uv": [ 12.5, 12.5, 13, 13 ], "texture": "#texture" },
        "east":  { "uv": [ 15.5, 12.5, 15, 13 ], "texture": "#texture" }
    }
},
{
    "from": [ 6.5, -6.5, 7.5 ],
    "to": [ 9.5, -5.5, 8.5 ],
    "faces": {
        "down":  { "uv": [ 12.5, 14.5, 15.5, 14 ], "texture": "#texture" },
        "up":    { "uv": [ 12.5, 13.5, 15.5, 14 ], "texture": "#texture" },
        "north": { "uv": [ 15.5, 13.5, 12.5, 14.5 ], "texture": "#texture" },
        "south": { "uv": [ 12.5, 13.5, 15.5, 14.5 ], "texture": "#texture" },
        "west":  { "uv": [ 12.5, 13.5, 13, 14.5 ], "texture": "#texture" },
        "east":  { "uv": [ 15.5, 13.5, 15, 14.5 ], "texture": "#texture" }
    }
},
{
    "from": [ 6.5, -7.5, 7.5 ],
    "to": [ 7, -7, 8.5 ],
    "faces": {
        "down":  { "uv": [ 12.5, 15.5, 13, 15 ], "texture": "#texture" },
        "up":    { "uv": [ 12.5, 15, 13, 15.5 ], "texture": "#texture" },
        "north": { "uv": [ 13, 15, 12.5, 15.5 ], "texture": "#texture" },
        "south": { "uv": [ 12.5, 15, 13, 15.5 ], "texture": "#texture" },
        "west":  { "uv": [ 12.5, 15, 13, 15.5 ], "texture": "#texture" },
        "east":  { "uv": [ 13, 15, 12.5, 15.5 ], "texture": "#texture" }
    }
},
{
    "from": [ 7, 7, 7.5 ],
    "to": [ 9.5, 8, 8.5 ],
    "faces": {
        "down":  { "uv": [ 13, 1, 15.5, 0.5 ], "texture": "#texture" },
        "up":    { "uv": [ 13, 0, 15.5, 0.5 ], "texture": "#texture" },
        "north": { "uv": [ 15.5, 0, 13, 1 ], "texture": "#texture" },
        "south": { "uv": [ 13, 0, 15.5, 1 ], "texture": "#texture" },
        "west":  { "uv": [ 13, 0, 13.5, 1 ], "texture": "#texture" },
        "east":  { "uv": [ 15.5, 0, 15, 1 ], "texture": "#texture" }
    }
},
{
    "from": [ 7, 4.5, 7.5 ],
    "to": [ 9.5, 6, 8.5 ],
    "faces": {
        "down":  { "uv": [ 13, 3.5, 15.5, 3 ], "texture": "#texture" },
        "up":    { "uv": [ 13, 2, 15.5, 2.5 ], "texture": "#texture" },
        "north": { "uv": [ 15.5, 2, 13, 3.5 ], "texture": "#texture" },
        "south": { "uv": [ 13, 2, 15.5, 3.5 ], "texture": "#texture" },
        "west":  { "uv": [ 13, 2, 13.5, 3.5 ], "texture": "#texture" },
        "east":  { "uv": [ 15.5, 2, 15, 3.5 ], "texture": "#texture" }
    }
},
{
    "from": [ 7, 2.5, 7.5 ],
    "to": [ 9, 3.5, 8.5 ],
    "faces": {
        "down":  { "uv": [ 13, 5.5, 15, 5 ], "texture": "#texture" },
        "up":    { "uv": [ 13, 4.5, 15, 5 ], "texture": "#texture" },
        "north": { "uv": [ 15, 4.5, 13, 5.5 ], "texture": "#texture" },
        "south": { "uv": [ 13, 4.5, 15, 5.5 ], "texture": "#texture" },
        "west":  { "uv": [ 13, 4.5, 13.5, 5.5 ], "texture": "#texture" },
        "east":  { "uv": [ 15, 4.5, 14.5, 5.5 ], "texture": "#texture" }
    }
},
{
    "from": [ 7, 1.5, 7.5 ],
    "to": [ 9, 2, 8.5 ],
    "faces": {
        "down":  { "uv": [ 13, 6.5, 15, 6 ], "texture": "#texture" },
        "up":    { "uv": [ 13, 6, 15, 6.5 ], "texture": "#texture" },
        "north": { "uv": [ 15, 6, 13, 6.5 ], "texture": "#texture" },
        "south": { "uv": [ 13, 6, 15, 6.5 ], "texture": "#texture" },
        "west":  { "uv": [ 13, 6, 13.5, 6.5 ], "texture": "#texture" },
        "east":  { "uv": [ 15, 6, 14.5, 6.5 ], "texture": "#texture" }
    }
},
{
    "from": [ 7, -3.5, 7 ],
    "to": [ 9, 1, 9 ],
    "faces": {
        "down":  { "uv": [ 13, 11.5, 15, 11 ], "texture": "#texture" },
        "up":    { "uv": [ 13, 7, 15, 7.5 ], "texture": "#texture" },
        "north": { "uv": [ 13, 7, 15, 11.5 ], "texture": "#texture" },
        "south": { "uv": [ 13, 7, 15, 11.5 ], "texture": "#texture" },
        "west":  { "uv": [ 15, 7, 13, 11.5 ], "texture": "#texture" },
        "east":  { "uv": [ 15, 7, 13, 11.5 ], "texture": "#texture" }
    }
},
{
    "from": [ 7, -4.5, 7.5 ],
    "to": [ 9, -4, 8.5 ],
    "faces": {
        "down":  { "uv": [ 13, 12.5, 15, 12 ], "texture": "#texture" },
        "up":    { "uv": [ 13, 12, 15, 12.5 ], "texture": "#texture" },
        "north": { "uv": [ 15, 12, 13, 12.5 ], "texture": "#texture" },
        "south": { "uv": [ 13, 12, 15, 12.5 ], "texture": "#texture" },
        "west":  { "uv": [ 13, 12, 13.5, 12.5 ], "texture": "#texture" },
        "east":  { "uv": [ 15, 12, 14.5, 12.5 ], "texture": "#texture" }
    }
},
{
    "from": [ 7, -5.5, 7.5 ],
    "to": [ 9, -5, 8.5 ],
    "faces": {
        "down":  { "uv": [ 13, 13.5, 15, 13 ], "texture": "#texture" },
        "up":    { "uv": [ 13, 13, 15, 13.5 ], "texture": "#texture" },
        "north": { "uv": [ 15, 13, 13, 13.5 ], "texture": "#texture" },
        "south": { "uv": [ 13, 13, 15, 13.5 ], "texture": "#texture" },
        "west":  { "uv": [ 13, 13, 13.5, 13.5 ], "texture": "#texture" },
        "east":  { "uv": [ 15, 13, 14.5, 13.5 ], "texture": "#texture" }
    }
},
{
    "from": [ 7.5, 1, 7.5 ],
    "to": [ 8.5, 1.5, 8.5 ],
    "faces": {
        "down":  { "uv": [ 13.5, 7, 14.5, 6.5 ], "texture": "#texture" },
        "up":    { "uv": [ 13.5, 6.5, 14.5, 7 ], "texture": "#texture" },
        "north": { "uv": [ 14.5, 6.5, 13.5, 7 ], "texture": "#texture" },
        "south": { "uv": [ 13.5, 6.5, 14.5, 7 ], "texture": "#texture" },
        "west":  { "uv": [ 13.5, 6.5, 14, 7 ], "texture": "#texture" },
        "east":  { "uv": [ 14.5, 6.5, 14, 7 ], "texture": "#texture" }
    }
},
{
    "from": [ 7.5, -4, 7.5 ],
    "to": [ 8.5, -3.5, 8.5 ],
    "faces": {
        "down":  { "uv": [ 13.5, 12, 14.5, 11.5 ], "texture": "#texture" },
        "up":    { "uv": [ 13.5, 11.5, 14.5, 12 ], "texture": "#texture" },
        "north": { "uv": [ 14.5, 11.5, 13.5, 12 ], "texture": "#texture" },
        "south": { "uv": [ 13.5, 11.5, 14.5, 12 ], "texture": "#texture" },
        "west":  { "uv": [ 13.5, 11.5, 14, 12 ], "texture": "#texture" },
        "east":  { "uv": [ 14.5, 11.5, 14, 12 ], "texture": "#texture" }
    }
},
{
    "from": [ 7.5, -8, 7.5 ],
    "to": [ 8.5, -6.5, 8.5 ],
    "faces": {
        "down":  { "uv": [ 13.5, 16, 14.5, 15.5 ], "texture": "#texture" },
        "up":    { "uv": [ 13.5, 14.5, 14.5, 15 ], "texture": "#texture" },
        "north": { "uv": [ 14.5, 14.5, 13.5, 16 ], "texture": "#texture" },
        "south": { "uv": [ 13.5, 14.5, 14.5, 16 ], "texture": "#texture" },
        "west":  { "uv": [ 13.5, 14.5, 14, 16 ], "texture": "#texture" },
        "east":  { "uv": [ 14.5, 14.5, 14, 16 ], "texture": "#texture" }
    }
},
{
    "from": [ 9, -7.5, 7.5 ],
    "to": [ 10, -7, 8.5 ],
    "faces": {
        "down":  { "uv": [ 15, 15.5, 16, 15 ], "texture": "#texture" },
        "up":    { "uv": [ 15, 15, 16, 15.5 ], "texture": "#texture" },
        "north": { "uv": [ 16, 15, 15, 15.5 ], "texture": "#texture" },
        "south": { "uv": [ 15, 15, 16, 15.5 ], "texture": "#texture" },
        "west":  { "uv": [ 15, 15, 15.5, 15.5 ], "texture": "#texture" },
        "east":  { "uv": [ 16, 15, 15.5, 15.5 ], "texture": "#texture" }
    }
},
{
    "from": [ 9.5, -7, 7.5 ],
    "to": [ 10, -6, 8.5 ],
    "faces": {
        "down":  { "uv": [ 15.5, 15, 16, 14.5 ], "texture": "#texture" },
        "up":    { "uv": [ 15.5, 14, 16, 14.5 ], "texture": "#texture" },
        "north": { "uv": [ 16, 14, 15.5, 15 ], "texture": "#texture" },
        "south": { "uv": [ 15.5, 14, 16, 15 ], "texture": "#texture" },
        "west":  { "uv": [ 15.5, 14, 16, 15 ], "texture": "#texture" },
        "east":  { "uv": [ 16, 14, 15.5, 15 ], "texture": "#texture" }
    }
}
],
"display": {
    "thirdperson_righthand": {
        "rotation": [ 0, -58, 0 ],
        "translation": [ 0, 11.34, 0.76 ],
        "scale": [ 1.4, 1.4, 1.4 ]
    },
    "thirdperson_lefthand": {
        "rotation": [ 0, 58, 0 ],
        "translation": [ 0, 11.34, 0.76 ],
        "scale": [ 1.4, 1.4, 1.4 ]
    },
    "ground": {
        "rotation": [ 0, 0, 45 ],
        "translation": [ 0, 8.69, 0 ],
        "scale": [ 0.5, 0.5, 0.5 ]
    },
    "fixed": {
        "rotation": [ 0, 0, 45 ],
        "translation": [ 0, 0, 0 ],
        "scale": [ 0.5, 0.5, 0.5 ]
    },
    "firstperson_righthand": {
        "rotation": [ 0, -61, 11 ],
        "translation": [ 1.51, 1.89, -0.57 ],
        "scale": [ 1, 1, 1 ]
    },
    "firstperson_lefthand": {
        "rotation": [ 0, -61, 11 ],
        "translation": [ 1.51, 1.89, -0.57 ],
        "scale": [ 1, 1, 1 ]
    },
    "gui": {
        "rotation": [ 0, 0, -45 ],
        "translation": [ 0, 0, 0 ],
        "scale": [ 0.5, 0.5, 0.5 ]
    }
}
}