{
"__comment": "Designed by MasterianoX",
"textures": {
    "particle": "wynn/weapons/sets/food_set_1/banana_bow",
    "texture": "wynn/weapons/sets/food_set_1/banana_bow"
},
"elements": [ 
{
    "from": [ 4, 6.5, 6.75 ],
    "to": [ 6, 8.5, 9.25 ],
    "faces": {
        "down":  { "uv": [ 4, 9.5, 6, 9 ], "texture": "#texture" },
        "up":    { "uv": [ 4, 7.5, 6, 8 ], "texture": "#texture" },
        "north": { "uv": [ 6, 7.5, 4, 9.5 ], "texture": "#texture" },
        "south": { "uv": [ 4, 7.5, 6, 9.5 ], "texture": "#texture" },
        "west":  { "uv": [ 4, 7.5, 4.5, 9.5 ], "texture": "#texture" },
        "east":  { "uv": [ 6, 7.5, 5.5, 9.5 ], "texture": "#texture" }
    }
},
{
    "from": [ 4.5, 8.5, 6.75 ],
    "to": [ 6, 10, 9.25 ],
    "faces": {
        "down":  { "uv": [ 4.5, 7.5, 6, 7 ], "texture": "#texture" },
        "up":    { "uv": [ 4.5, 6, 6, 6.5 ], "texture": "#texture" },
        "north": { "uv": [ 6, 6, 4.5, 7.5 ], "texture": "#texture" },
        "south": { "uv": [ 4.5, 6, 6, 7.5 ], "texture": "#texture" },
        "west":  { "uv": [ 4.5, 6, 5, 7.5 ], "texture": "#texture" },
        "east":  { "uv": [ 6, 6, 5.5, 7.5 ], "texture": "#texture" }
    }
},
{
    "from": [ 4.5, 5, 6.75 ],
    "to": [ 6, 6.5, 9.25 ],
    "faces": {
        "down":  { "uv": [ 4.5, 11, 6, 10.5 ], "texture": "#texture" },
        "up":    { "uv": [ 4.5, 9.5, 6, 10 ], "texture": "#texture" },
        "north": { "uv": [ 6, 9.5, 4.5, 11 ], "texture": "#texture" },
        "south": { "uv": [ 4.5, 9.5, 6, 11 ], "texture": "#texture" },
        "west":  { "uv": [ 4.5, 9.5, 5, 11 ], "texture": "#texture" },
        "east":  { "uv": [ 6, 9.5, 5.5, 11 ], "texture": "#texture" }
    }
},
{
    "from": [ 5, 10, 6.75 ],
    "to": [ 6.5, 11, 9.25 ],
    "faces": {
        "down":  { "uv": [ 5, 6, 6.5, 5.5 ], "texture": "#texture" },
        "up":    { "uv": [ 5, 5, 6.5, 5.5 ], "texture": "#texture" },
        "north": { "uv": [ 6.5, 5, 5, 6 ], "texture": "#texture" },
        "south": { "uv": [ 5, 5, 6.5, 6 ], "texture": "#texture" },
        "west":  { "uv": [ 5, 5, 5.5, 6 ], "texture": "#texture" },
        "east":  { "uv": [ 6.5, 5, 6, 6 ], "texture": "#texture" }
    }
},
{
    "from": [ 5, 4, 6.75 ],
    "to": [ 7, 5, 9.25 ],
    "faces": {
        "down":  { "uv": [ 5, 12, 7, 11.5 ], "texture": "#texture" },
        "up":    { "uv": [ 5, 11, 7, 11.5 ], "texture": "#texture" },
        "north": { "uv": [ 7, 11, 5, 12 ], "texture": "#texture" },
        "south": { "uv": [ 5, 11, 7, 12 ], "texture": "#texture" },
        "west":  { "uv": [ 5, 11, 5.5, 12 ], "texture": "#texture" },
        "east":  { "uv": [ 7, 11, 6.5, 12 ], "texture": "#texture" }
    }
},
{
    "from": [ 5.5, 11, 6.75 ],
    "to": [ 7, 11.5, 9.25 ],
    "faces": {
        "down":  { "uv": [ 5.5, 5, 7, 4.5 ], "texture": "#texture" },
        "up":    { "uv": [ 5.5, 4.5, 7, 5 ], "texture": "#texture" },
        "north": { "uv": [ 7, 4.5, 5.5, 5 ], "texture": "#texture" },
        "south": { "uv": [ 5.5, 4.5, 7, 5 ], "texture": "#texture" },
        "west":  { "uv": [ 5.5, 4.5, 6, 5 ], "texture": "#texture" },
        "east":  { "uv": [ 7, 4.5, 6.5, 5 ], "texture": "#texture" }
    }
},
{
    "from": [ 5.5, 3.5, 6.75 ],
    "to": [ 7.5, 4, 9.25 ],
    "faces": {
        "down":  { "uv": [ 5.5, 12.5, 7.5, 12 ], "texture": "#texture" },
        "up":    { "uv": [ 5.5, 12, 7.5, 12.5 ], "texture": "#texture" },
        "north": { "uv": [ 7.5, 12, 5.5, 12.5 ], "texture": "#texture" },
        "south": { "uv": [ 5.5, 12, 7.5, 12.5 ], "texture": "#texture" },
        "west":  { "uv": [ 5.5, 12, 6, 12.5 ], "texture": "#texture" },
        "east":  { "uv": [ 7.5, 12, 7, 12.5 ], "texture": "#texture" }
    }
},
{
    "from": [ 6, 11.5, 6.75 ],
    "to": [ 7, 12.5, 9.25 ],
    "faces": {
        "down":  { "uv": [ 6, 4.5, 7, 4 ], "texture": "#texture" },
        "up":    { "uv": [ 6, 3.5, 7, 4 ], "texture": "#texture" },
        "north": { "uv": [ 7, 3.5, 6, 4.5 ], "texture": "#texture" },
        "south": { "uv": [ 6, 3.5, 7, 4.5 ], "texture": "#texture" },
        "west":  { "uv": [ 6, 3.5, 6.5, 4.5 ], "texture": "#texture" },
        "east":  { "uv": [ 7, 3.5, 6.5, 4.5 ], "texture": "#texture" }
    }
},
{
    "from": [ 6, 9, 6.75 ],
    "to": [ 6.5, 10, 9.25 ],
    "faces": {
        "down":  { "uv": [ 6, 7, 6.5, 6.5 ], "texture": "#texture" },
        "up":    { "uv": [ 6, 6, 6.5, 6.5 ], "texture": "#texture" },
        "north": { "uv": [ 6.5, 6, 6, 7 ], "texture": "#texture" },
        "south": { "uv": [ 6, 6, 6.5, 7 ], "texture": "#texture" },
        "west":  { "uv": [ 6, 6, 6.5, 7 ], "texture": "#texture" },
        "east":  { "uv": [ 6.5, 6, 6, 7 ], "texture": "#texture" }
    }
},
{
    "from": [ 6, 5, 6.75 ],
    "to": [ 6.5, 6, 9.25 ],
    "faces": {
        "down":  { "uv": [ 6, 11, 6.5, 10.5 ], "texture": "#texture" },
        "up":    { "uv": [ 6, 10, 6.5, 10.5 ], "texture": "#texture" },
        "north": { "uv": [ 6.5, 10, 6, 11 ], "texture": "#texture" },
        "south": { "uv": [ 6, 10, 6.5, 11 ], "texture": "#texture" },
        "west":  { "uv": [ 6, 10, 6.5, 11 ], "texture": "#texture" },
        "east":  { "uv": [ 6.5, 10, 6, 11 ], "texture": "#texture" }
    }
},
{
    "from": [ 6, 3, 6.75 ],
    "to": [ 7.5, 3.5, 9.25 ],
    "faces": {
        "down":  { "uv": [ 6, 13, 7.5, 12.5 ], "texture": "#texture" },
        "up":    { "uv": [ 6, 12.5, 7.5, 13 ], "texture": "#texture" },
        "north": { "uv": [ 7.5, 12.5, 6, 13 ], "texture": "#texture" },
        "south": { "uv": [ 6, 12.5, 7.5, 13 ], "texture": "#texture" },
        "west":  { "uv": [ 6, 12.5, 6.5, 13 ], "texture": "#texture" },
        "east":  { "uv": [ 7.5, 12.5, 7, 13 ], "texture": "#texture" }
    }
},
{
    "from": [ 6.5, 10.5, 6.75 ],
    "to": [ 7, 11, 9.25 ],
    "faces": {
        "down":  { "uv": [ 6.5, 5.5, 7, 5 ], "texture": "#texture" },
        "up":    { "uv": [ 6.5, 5, 7, 5.5 ], "texture": "#texture" },
        "north": { "uv": [ 7, 5, 6.5, 5.5 ], "texture": "#texture" },
        "south": { "uv": [ 6.5, 5, 7, 5.5 ], "texture": "#texture" },
        "west":  { "uv": [ 6.5, 5, 7, 5.5 ], "texture": "#texture" },
        "east":  { "uv": [ 7, 5, 6.5, 5.5 ], "texture": "#texture" }
    }
},
{
    "from": [ 6.5, 2.5, 6.75 ],
    "to": [ 8, 3, 9.25 ],
    "faces": {
        "down":  { "uv": [ 6.5, 13.5, 8, 13 ], "texture": "#texture" },
        "up":    { "uv": [ 6.5, 13, 8, 13.5 ], "texture": "#texture" },
        "north": { "uv": [ 8, 13, 6.5, 13.5 ], "texture": "#texture" },
        "south": { "uv": [ 6.5, 13, 8, 13.5 ], "texture": "#texture" },
        "west":  { "uv": [ 6.5, 13, 7, 13.5 ], "texture": "#texture" },
        "east":  { "uv": [ 8, 13, 7.5, 13.5 ], "texture": "#texture" }
    }
},
{
    "from": [ 7, 12, 6.75 ],
    "to": [ 7.5, 13, 9.25 ],
    "faces": {
        "down":  { "uv": [ 7, 4, 7.5, 3.5 ], "texture": "#texture" },
        "up":    { "uv": [ 7, 3, 7.5, 3.5 ], "texture": "#texture" },
        "north": { "uv": [ 7.5, 3, 7, 4 ], "texture": "#texture" },
        "south": { "uv": [ 7, 3, 7.5, 4 ], "texture": "#texture" },
        "west":  { "uv": [ 7, 3, 7.5, 4 ], "texture": "#texture" },
        "east":  { "uv": [ 7.5, 3, 7, 4 ], "texture": "#texture" }
    }
},
{
    "from": [ 7.5, 13, 6.75 ],
    "to": [ 8, 13.5, 9.25 ],
    "faces": {
        "down":  { "uv": [ 7.5, 3, 8, 2.5 ], "texture": "#texture" },
        "up":    { "uv": [ 7.5, 2.5, 8, 3 ], "texture": "#texture" },
        "north": { "uv": [ 8, 2.5, 7.5, 3 ], "texture": "#texture" },
        "south": { "uv": [ 7.5, 2.5, 8, 3 ], "texture": "#texture" },
        "west":  { "uv": [ 7.5, 2.5, 8, 3 ], "texture": "#texture" },
        "east":  { "uv": [ 8, 2.5, 7.5, 3 ], "texture": "#texture" }
    }
},
{
    "from": [ 7.5, 2, 6.75 ],
    "to": [ 8.5, 2.5, 9.25 ],
    "faces": {
        "down":  { "uv": [ 7.5, 14, 8.5, 13.5 ], "texture": "#texture" },
        "up":    { "uv": [ 7.5, 13.5, 8.5, 14 ], "texture": "#texture" },
        "north": { "uv": [ 8.5, 13.5, 7.5, 14 ], "texture": "#texture" },
        "south": { "uv": [ 7.5, 13.5, 8.5, 14 ], "texture": "#texture" },
        "west":  { "uv": [ 7.5, 13.5, 8, 14 ], "texture": "#texture" },
        "east":  { "uv": [ 8.5, 13.5, 8, 14 ], "texture": "#texture" }
    }
},
{
    "from": [ 8, 13.5, 6.75 ],
    "to": [ 8.5, 14, 9.25 ],
    "faces": {
        "down":  { "uv": [ 8, 2.5, 8.5, 2 ], "texture": "#texture" },
        "up":    { "uv": [ 8, 2, 8.5, 2.5 ], "texture": "#texture" },
        "north": { "uv": [ 8.5, 2, 8, 2.5 ], "texture": "#texture" },
        "south": { "uv": [ 8, 2, 8.5, 2.5 ], "texture": "#texture" },
        "west":  { "uv": [ 8, 2, 8.5, 2.5 ], "texture": "#texture" },
        "east":  { "uv": [ 8.5, 2, 8, 2.5 ], "texture": "#texture" }
    }
},
{
    "from": [ 3.5, 6.5, 7 ],
    "to": [ 6.5, 8.5, 9 ],
    "faces": {
        "down":  { "uv": [ 3.5, 9.5, 6.5, 9 ], "texture": "#texture" },
        "up":    { "uv": [ 3.5, 7.5, 6.5, 8 ], "texture": "#texture" },
        "north": { "uv": [ 6.5, 7.5, 3.5, 9.5 ], "texture": "#texture" },
        "south": { "uv": [ 3.5, 7.5, 6.5, 9.5 ], "texture": "#texture" },
        "west":  { "uv": [ 3.5, 7.5, 4, 9.5 ], "texture": "#texture" },
        "east":  { "uv": [ 6.5, 7.5, 6, 9.5 ], "texture": "#texture" }
    }
},
{
    "from": [ 4, 8.5, 7 ],
    "to": [ 6.5, 10, 9 ],
    "faces": {
        "down":  { "uv": [ 4, 7.5, 6.5, 7 ], "texture": "#texture" },
        "up":    { "uv": [ 4, 6, 6.5, 6.5 ], "texture": "#texture" },
        "north": { "uv": [ 6.5, 6, 4, 7.5 ], "texture": "#texture" },
        "south": { "uv": [ 4, 6, 6.5, 7.5 ], "texture": "#texture" },
        "west":  { "uv": [ 4, 6, 4.5, 7.5 ], "texture": "#texture" },
        "east":  { "uv": [ 6.5, 6, 6, 7.5 ], "texture": "#texture" }
    }
},
{
    "from": [ 4, 5, 7 ],
    "to": [ 6.5, 6.5, 9 ],
    "faces": {
        "down":  { "uv": [ 4, 11, 6.5, 10.5 ], "texture": "#texture" },
        "up":    { "uv": [ 4, 9.5, 6.5, 10 ], "texture": "#texture" },
        "north": { "uv": [ 6.5, 9.5, 4, 11 ], "texture": "#texture" },
        "south": { "uv": [ 4, 9.5, 6.5, 11 ], "texture": "#texture" },
        "west":  { "uv": [ 4, 9.5, 4.5, 11 ], "texture": "#texture" },
        "east":  { "uv": [ 6.5, 9.5, 6, 11 ], "texture": "#texture" }
    }
},
{
    "from": [ 4.5, 10, 7 ],
    "to": [ 7, 11, 9 ],
    "faces": {
        "down":  { "uv": [ 4.5, 6, 7, 5.5 ], "texture": "#texture" },
        "up":    { "uv": [ 4.5, 5, 7, 5.5 ], "texture": "#texture" },
        "north": { "uv": [ 7, 5, 4.5, 6 ], "texture": "#texture" },
        "south": { "uv": [ 4.5, 5, 7, 6 ], "texture": "#texture" },
        "west":  { "uv": [ 4.5, 5, 5, 6 ], "texture": "#texture" },
        "east":  { "uv": [ 7, 5, 6.5, 6 ], "texture": "#texture" }
    }
},
{
    "from": [ 4.5, 4, 7 ],
    "to": [ 7.5, 5, 9 ],
    "faces": {
        "down":  { "uv": [ 4.5, 12, 7.5, 11.5 ], "texture": "#texture" },
        "up":    { "uv": [ 4.5, 11, 7.5, 11.5 ], "texture": "#texture" },
        "north": { "uv": [ 7.5, 11, 4.5, 12 ], "texture": "#texture" },
        "south": { "uv": [ 4.5, 11, 7.5, 12 ], "texture": "#texture" },
        "west":  { "uv": [ 4.5, 11, 5, 12 ], "texture": "#texture" },
        "east":  { "uv": [ 7.5, 11, 7, 12 ], "texture": "#texture" }
    }
},
{
    "from": [ 5, 11, 7 ],
    "to": [ 7.5, 11.5, 9 ],
    "faces": {
        "down":  { "uv": [ 5, 5, 7.5, 4.5 ], "texture": "#texture" },
        "up":    { "uv": [ 5, 4.5, 7.5, 5 ], "texture": "#texture" },
        "north": { "uv": [ 7.5, 4.5, 5, 5 ], "texture": "#texture" },
        "south": { "uv": [ 5, 4.5, 7.5, 5 ], "texture": "#texture" },
        "west":  { "uv": [ 5, 4.5, 5.5, 5 ], "texture": "#texture" },
        "east":  { "uv": [ 7.5, 4.5, 7, 5 ], "texture": "#texture" }
    }
},
{
    "from": [ 5, 3.5, 7 ],
    "to": [ 8, 4, 9 ],
    "faces": {
        "down":  { "uv": [ 5, 12.5, 8, 12 ], "texture": "#texture" },
        "up":    { "uv": [ 5, 12, 8, 12.5 ], "texture": "#texture" },
        "north": { "uv": [ 8, 12, 5, 12.5 ], "texture": "#texture" },
        "south": { "uv": [ 5, 12, 8, 12.5 ], "texture": "#texture" },
        "west":  { "uv": [ 5, 12, 5.5, 12.5 ], "texture": "#texture" },
        "east":  { "uv": [ 8, 12, 7.5, 12.5 ], "texture": "#texture" }
    }
},
{
    "from": [ 5.5, 11.5, 7 ],
    "to": [ 7.5, 12.5, 9 ],
    "faces": {
        "down":  { "uv": [ 5.5, 4.5, 7.5, 4 ], "texture": "#texture" },
        "up":    { "uv": [ 5.5, 3.5, 7.5, 4 ], "texture": "#texture" },
        "north": { "uv": [ 7.5, 3.5, 5.5, 4.5 ], "texture": "#texture" },
        "south": { "uv": [ 5.5, 3.5, 7.5, 4.5 ], "texture": "#texture" },
        "west":  { "uv": [ 5.5, 3.5, 6, 4.5 ], "texture": "#texture" },
        "east":  { "uv": [ 7.5, 3.5, 7, 4.5 ], "texture": "#texture" }
    }
},
{
    "from": [ 5.5, 3, 7 ],
    "to": [ 8, 3.5, 9 ],
    "faces": {
        "down":  { "uv": [ 5.5, 13, 8, 12.5 ], "texture": "#texture" },
        "up":    { "uv": [ 5.5, 12.5, 8, 13 ], "texture": "#texture" },
        "north": { "uv": [ 8, 12.5, 5.5, 13 ], "texture": "#texture" },
        "south": { "uv": [ 5.5, 12.5, 8, 13 ], "texture": "#texture" },
        "west":  { "uv": [ 5.5, 12.5, 6, 13 ], "texture": "#texture" },
        "east":  { "uv": [ 8, 12.5, 7.5, 13 ], "texture": "#texture" }
    }
},
{
    "from": [ 6, 12.5, 7 ],
    "to": [ 8, 13, 9 ],
    "faces": {
        "down":  { "uv": [ 6, 3.5, 8, 3 ], "texture": "#texture" },
        "up":    { "uv": [ 6, 3, 8, 3.5 ], "texture": "#texture" },
        "north": { "uv": [ 8, 3, 6, 3.5 ], "texture": "#texture" },
        "south": { "uv": [ 6, 3, 8, 3.5 ], "texture": "#texture" },
        "west":  { "uv": [ 6, 3, 6.5, 3.5 ], "texture": "#texture" },
        "east":  { "uv": [ 8, 3, 7.5, 3.5 ], "texture": "#texture" }
    }
},
{
    "from": [ 6, 2.5, 7 ],
    "to": [ 8.5, 3, 9 ],
    "faces": {
        "down":  { "uv": [ 6, 13.5, 8.5, 13 ], "texture": "#texture" },
        "up":    { "uv": [ 6, 13, 8.5, 13.5 ], "texture": "#texture" },
        "north": { "uv": [ 8.5, 13, 6, 13.5 ], "texture": "#texture" },
        "south": { "uv": [ 6, 13, 8.5, 13.5 ], "texture": "#texture" },
        "west":  { "uv": [ 6, 13, 6.5, 13.5 ], "texture": "#texture" },
        "east":  { "uv": [ 8.5, 13, 8, 13.5 ], "texture": "#texture" }
    }
},
{
    "from": [ 6.5, 9, 7 ],
    "to": [ 7, 10, 9 ],
    "faces": {
        "down":  { "uv": [ 6.5, 7, 7, 6.5 ], "texture": "#texture" },
        "up":    { "uv": [ 6.5, 6, 7, 6.5 ], "texture": "#texture" },
        "north": { "uv": [ 7, 6, 6.5, 7 ], "texture": "#texture" },
        "south": { "uv": [ 6.5, 6, 7, 7 ], "texture": "#texture" },
        "west":  { "uv": [ 6.5, 6, 7, 7 ], "texture": "#texture" },
        "east":  { "uv": [ 7, 6, 6.5, 7 ], "texture": "#texture" }
    }
},
{
    "from": [ 6.5, 5, 7 ],
    "to": [ 7, 6, 9 ],
    "faces": {
        "down":  { "uv": [ 6.5, 11, 7, 10.5 ], "texture": "#texture" },
        "up":    { "uv": [ 6.5, 10, 7, 10.5 ], "texture": "#texture" },
        "north": { "uv": [ 7, 10, 6.5, 11 ], "texture": "#texture" },
        "south": { "uv": [ 6.5, 10, 7, 11 ], "texture": "#texture" },
        "west":  { "uv": [ 6.5, 10, 7, 11 ], "texture": "#texture" },
        "east":  { "uv": [ 7, 10, 6.5, 11 ], "texture": "#texture" }
    }
},
{
    "from": [ 6.5, 2, 7 ],
    "to": [ 10, 2.5, 9 ],
    "faces": {
        "down":  { "uv": [ 6.5, 14, 10, 13.5 ], "texture": "#texture" },
        "up":    { "uv": [ 6.5, 13.5, 10, 14 ], "texture": "#texture" },
        "north": { "uv": [ 10, 13.5, 6.5, 14 ], "texture": "#texture" },
        "south": { "uv": [ 6.5, 13.5, 10, 14 ], "texture": "#texture" },
        "west":  { "uv": [ 6.5, 13.5, 7, 14 ], "texture": "#texture" },
        "east":  { "uv": [ 10, 13.5, 9.5, 14 ], "texture": "#texture" }
    }
},
{
    "from": [ 7, 13, 7 ],
    "to": [ 8.5, 13.5, 9 ],
    "faces": {
        "down":  { "uv": [ 7, 3, 8.5, 2.5 ], "texture": "#texture" },
        "up":    { "uv": [ 7, 2.5, 8.5, 3 ], "texture": "#texture" },
        "north": { "uv": [ 8.5, 2.5, 7, 3 ], "texture": "#texture" },
        "south": { "uv": [ 7, 2.5, 8.5, 3 ], "texture": "#texture" },
        "west":  { "uv": [ 7, 2.5, 7.5, 3 ], "texture": "#texture" },
        "east":  { "uv": [ 8.5, 2.5, 8, 3 ], "texture": "#texture" }
    }
},
{
    "from": [ 7, 10.5, 7 ],
    "to": [ 7.5, 11, 9 ],
    "faces": {
        "down":  { "uv": [ 7, 5.5, 7.5, 5 ], "texture": "#texture" },
        "up":    { "uv": [ 7, 5, 7.5, 5.5 ], "texture": "#texture" },
        "north": { "uv": [ 7.5, 5, 7, 5.5 ], "texture": "#texture" },
        "south": { "uv": [ 7, 5, 7.5, 5.5 ], "texture": "#texture" },
        "west":  { "uv": [ 7, 5, 7.5, 5.5 ], "texture": "#texture" },
        "east":  { "uv": [ 7.5, 5, 7, 5.5 ], "texture": "#texture" }
    }
},
{
    "from": [ 7.5, 13.5, 7 ],
    "to": [ 9, 14, 9 ],
    "faces": {
        "down":  { "uv": [ 7.5, 2.5, 9, 2 ], "texture": "#texture" },
        "up":    { "uv": [ 7.5, 2, 9, 2.5 ], "texture": "#texture" },
        "north": { "uv": [ 9, 2, 7.5, 2.5 ], "texture": "#texture" },
        "south": { "uv": [ 7.5, 2, 9, 2.5 ], "texture": "#texture" },
        "west":  { "uv": [ 7.5, 2, 8, 2.5 ], "texture": "#texture" },
        "east":  { "uv": [ 9, 2, 8.5, 2.5 ], "texture": "#texture" }
    }
},
{
    "from": [ 7.5, 12, 7 ],
    "to": [ 8, 12.5, 9 ],
    "faces": {
        "down":  { "uv": [ 7.5, 4, 8, 3.5 ], "texture": "#texture" },
        "up":    { "uv": [ 7.5, 3.5, 8, 4 ], "texture": "#texture" },
        "north": { "uv": [ 8, 3.5, 7.5, 4 ], "texture": "#texture" },
        "south": { "uv": [ 7.5, 3.5, 8, 4 ], "texture": "#texture" },
        "west":  { "uv": [ 7.5, 3.5, 8, 4 ], "texture": "#texture" },
        "east":  { "uv": [ 8, 3.5, 7.5, 4 ], "texture": "#texture" }
    }
},
{
    "from": [ 7.5, 1.5, 7 ],
    "to": [ 10.5, 2, 9 ],
    "faces": {
        "down":  { "uv": [ 7.5, 14.5, 10.5, 14 ], "texture": "#texture" },
        "up":    { "uv": [ 7.5, 14, 10.5, 14.5 ], "texture": "#texture" },
        "north": { "uv": [ 10.5, 14, 7.5, 14.5 ], "texture": "#texture" },
        "south": { "uv": [ 7.5, 14, 10.5, 14.5 ], "texture": "#texture" },
        "west":  { "uv": [ 7.5, 14, 8, 14.5 ], "texture": "#texture" },
        "east":  { "uv": [ 10.5, 14, 10, 14.5 ], "texture": "#texture" }
    }
},
{
    "from": [ 8, 14, 7 ],
    "to": [ 10, 14.5, 9 ],
    "faces": {
        "down":  { "uv": [ 8, 2, 10, 1.5 ], "texture": "#texture" },
        "up":    { "uv": [ 8, 1.5, 10, 2 ], "texture": "#texture" },
        "north": { "uv": [ 10, 1.5, 8, 2 ], "texture": "#texture" },
        "south": { "uv": [ 8, 1.5, 10, 2 ], "texture": "#texture" },
        "west":  { "uv": [ 8, 1.5, 8.5, 2 ], "texture": "#texture" },
        "east":  { "uv": [ 10, 1.5, 9.5, 2 ], "texture": "#texture" }
    }
},
{
    "from": [ 8.5, 14.5, 7 ],
    "to": [ 9.5, 15, 9 ],
    "faces": {
        "down":  { "uv": [ 8.5, 1.5, 9.5, 1 ], "texture": "#texture" },
        "up":    { "uv": [ 8.5, 1, 9.5, 1.5 ], "texture": "#texture" },
        "north": { "uv": [ 9.5, 1, 8.5, 1.5 ], "texture": "#texture" },
        "south": { "uv": [ 8.5, 1, 9.5, 1.5 ], "texture": "#texture" },
        "west":  { "uv": [ 8.5, 1, 9, 1.5 ], "texture": "#texture" },
        "east":  { "uv": [ 9.5, 1, 9, 1.5 ], "texture": "#texture" }
    }
},
{
    "from": [ 9, 1, 7 ],
    "to": [ 11, 1.5, 9 ],
    "faces": {
        "down":  { "uv": [ 9, 15, 11, 14.5 ], "texture": "#texture" },
        "up":    { "uv": [ 9, 14.5, 11, 15 ], "texture": "#texture" },
        "north": { "uv": [ 11, 14.5, 9, 15 ], "texture": "#texture" },
        "south": { "uv": [ 9, 14.5, 11, 15 ], "texture": "#texture" },
        "west":  { "uv": [ 9, 14.5, 9.5, 15 ], "texture": "#texture" },
        "east":  { "uv": [ 11, 14.5, 10.5, 15 ], "texture": "#texture" }
    }
},
{
    "from": [ 3, 6.5, 7.5 ],
    "to": [ 7, 8.5, 8.5 ],
    "faces": {
        "down":  { "uv": [ 3, 9.5, 7, 9 ], "texture": "#texture" },
        "up":    { "uv": [ 3, 7.5, 7, 8 ], "texture": "#texture" },
        "north": { "uv": [ 7, 7.5, 3, 9.5 ], "texture": "#texture" },
        "south": { "uv": [ 3, 7.5, 7, 9.5 ], "texture": "#texture" },
        "west":  { "uv": [ 3, 7.5, 3.5, 9.5 ], "texture": "#texture" },
        "east":  { "uv": [ 7, 7.5, 6.5, 9.5 ], "texture": "#texture" }
    }
},
{
    "from": [ 3.5, 8.5, 7.5 ],
    "to": [ 7, 10, 8.5 ],
    "faces": {
        "down":  { "uv": [ 3.5, 7.5, 7, 7 ], "texture": "#texture" },
        "up":    { "uv": [ 3.5, 6, 7, 6.5 ], "texture": "#texture" },
        "north": { "uv": [ 7, 6, 3.5, 7.5 ], "texture": "#texture" },
        "south": { "uv": [ 3.5, 6, 7, 7.5 ], "texture": "#texture" },
        "west":  { "uv": [ 3.5, 6, 4, 7.5 ], "texture": "#texture" },
        "east":  { "uv": [ 7, 6, 6.5, 7.5 ], "texture": "#texture" }
    }
},
{
    "from": [ 3.5, 5, 7.5 ],
    "to": [ 7, 6.5, 8.5 ],
    "faces": {
        "down":  { "uv": [ 3.5, 11, 7, 10.5 ], "texture": "#texture" },
        "up":    { "uv": [ 3.5, 9.5, 7, 10 ], "texture": "#texture" },
        "north": { "uv": [ 7, 9.5, 3.5, 11 ], "texture": "#texture" },
        "south": { "uv": [ 3.5, 9.5, 7, 11 ], "texture": "#texture" },
        "west":  { "uv": [ 3.5, 9.5, 4, 11 ], "texture": "#texture" },
        "east":  { "uv": [ 7, 9.5, 6.5, 11 ], "texture": "#texture" }
    }
},
{
    "from": [ 4, 10, 7.5 ],
    "to": [ 7.5, 11, 8.5 ],
    "faces": {
        "down":  { "uv": [ 4, 6, 7.5, 5.5 ], "texture": "#texture" },
        "up":    { "uv": [ 4, 5, 7.5, 5.5 ], "texture": "#texture" },
        "north": { "uv": [ 7.5, 5, 4, 6 ], "texture": "#texture" },
        "south": { "uv": [ 4, 5, 7.5, 6 ], "texture": "#texture" },
        "west":  { "uv": [ 4, 5, 4.5, 6 ], "texture": "#texture" },
        "east":  { "uv": [ 7.5, 5, 7, 6 ], "texture": "#texture" }
    }
},
{
    "from": [ 4, 4, 7.5 ],
    "to": [ 8, 5, 8.5 ],
    "faces": {
        "down":  { "uv": [ 4, 12, 8, 11.5 ], "texture": "#texture" },
        "up":    { "uv": [ 4, 11, 8, 11.5 ], "texture": "#texture" },
        "north": { "uv": [ 8, 11, 4, 12 ], "texture": "#texture" },
        "south": { "uv": [ 4, 11, 8, 12 ], "texture": "#texture" },
        "west":  { "uv": [ 4, 11, 4.5, 12 ], "texture": "#texture" },
        "east":  { "uv": [ 8, 11, 7.5, 12 ], "texture": "#texture" }
    }
},
{
    "from": [ 4.5, 11, 7.5 ],
    "to": [ 8, 11.5, 8.5 ],
    "faces": {
        "down":  { "uv": [ 4.5, 5, 8, 4.5 ], "texture": "#texture" },
        "up":    { "uv": [ 4.5, 4.5, 8, 5 ], "texture": "#texture" },
        "north": { "uv": [ 8, 4.5, 4.5, 5 ], "texture": "#texture" },
        "south": { "uv": [ 4.5, 4.5, 8, 5 ], "texture": "#texture" },
        "west":  { "uv": [ 4.5, 4.5, 5, 5 ], "texture": "#texture" },
        "east":  { "uv": [ 8, 4.5, 7.5, 5 ], "texture": "#texture" }
    }
},
{
    "from": [ 4.5, 3.5, 7.5 ],
    "to": [ 8.5, 4, 8.5 ],
    "faces": {
        "down":  { "uv": [ 4.5, 12.5, 8.5, 12 ], "texture": "#texture" },
        "up":    { "uv": [ 4.5, 12, 8.5, 12.5 ], "texture": "#texture" },
        "north": { "uv": [ 8.5, 12, 4.5, 12.5 ], "texture": "#texture" },
        "south": { "uv": [ 4.5, 12, 8.5, 12.5 ], "texture": "#texture" },
        "west":  { "uv": [ 4.5, 12, 5, 12.5 ], "texture": "#texture" },
        "east":  { "uv": [ 8.5, 12, 8, 12.5 ], "texture": "#texture" }
    }
},
{
    "from": [ 5, 11.5, 7.5 ],
    "to": [ 8, 12.5, 8.5 ],
    "faces": {
        "down":  { "uv": [ 5, 4.5, 8, 4 ], "texture": "#texture" },
        "up":    { "uv": [ 5, 3.5, 8, 4 ], "texture": "#texture" },
        "north": { "uv": [ 8, 3.5, 5, 4.5 ], "texture": "#texture" },
        "south": { "uv": [ 5, 3.5, 8, 4.5 ], "texture": "#texture" },
        "west":  { "uv": [ 5, 3.5, 5.5, 4.5 ], "texture": "#texture" },
        "east":  { "uv": [ 8, 3.5, 7.5, 4.5 ], "texture": "#texture" }
    }
},
{
    "from": [ 5, 3, 7.5 ],
    "to": [ 8.5, 3.5, 8.5 ],
    "faces": {
        "down":  { "uv": [ 5, 13, 8.5, 12.5 ], "texture": "#texture" },
        "up":    { "uv": [ 5, 12.5, 8.5, 13 ], "texture": "#texture" },
        "north": { "uv": [ 8.5, 12.5, 5, 13 ], "texture": "#texture" },
        "south": { "uv": [ 5, 12.5, 8.5, 13 ], "texture": "#texture" },
        "west":  { "uv": [ 5, 12.5, 5.5, 13 ], "texture": "#texture" },
        "east":  { "uv": [ 8.5, 12.5, 8, 13 ], "texture": "#texture" }
    }
},
{
    "from": [ 5.5, 12.5, 7.5 ],
    "to": [ 8.5, 13, 8.5 ],
    "faces": {
        "down":  { "uv": [ 5.5, 3.5, 8.5, 3 ], "texture": "#texture" },
        "up":    { "uv": [ 5.5, 3, 8.5, 3.5 ], "texture": "#texture" },
        "north": { "uv": [ 8.5, 3, 5.5, 3.5 ], "texture": "#texture" },
        "south": { "uv": [ 5.5, 3, 8.5, 3.5 ], "texture": "#texture" },
        "west":  { "uv": [ 5.5, 3, 6, 3.5 ], "texture": "#texture" },
        "east":  { "uv": [ 8.5, 3, 8, 3.5 ], "texture": "#texture" }
    }
},
{
    "from": [ 5.5, 2.5, 7.5 ],
    "to": [ 10, 3, 8.5 ],
    "faces": {
        "down":  { "uv": [ 5.5, 13.5, 10, 13 ], "texture": "#texture" },
        "up":    { "uv": [ 5.5, 13, 10, 13.5 ], "texture": "#texture" },
        "north": { "uv": [ 10, 13, 5.5, 13.5 ], "texture": "#texture" },
        "south": { "uv": [ 5.5, 13, 10, 13.5 ], "texture": "#texture" },
        "west":  { "uv": [ 5.5, 13, 6, 13.5 ], "texture": "#texture" },
        "east":  { "uv": [ 10, 13, 9.5, 13.5 ], "texture": "#texture" }
    }
},
{
    "from": [ 6, 13, 7.5 ],
    "to": [ 9, 13.5, 8.5 ],
    "faces": {
        "down":  { "uv": [ 6, 3, 9, 2.5 ], "texture": "#texture" },
        "up":    { "uv": [ 6, 2.5, 9, 3 ], "texture": "#texture" },
        "north": { "uv": [ 9, 2.5, 6, 3 ], "texture": "#texture" },
        "south": { "uv": [ 6, 2.5, 9, 3 ], "texture": "#texture" },
        "west":  { "uv": [ 6, 2.5, 6.5, 3 ], "texture": "#texture" },
        "east":  { "uv": [ 9, 2.5, 8.5, 3 ], "texture": "#texture" }
    }
},
{
    "from": [ 6, 2, 7.5 ],
    "to": [ 10.5, 2.5, 8.5 ],
    "faces": {
        "down":  { "uv": [ 6, 14, 10.5, 13.5 ], "texture": "#texture" },
        "up":    { "uv": [ 6, 13.5, 10.5, 14 ], "texture": "#texture" },
        "north": { "uv": [ 10.5, 13.5, 6, 14 ], "texture": "#texture" },
        "south": { "uv": [ 6, 13.5, 10.5, 14 ], "texture": "#texture" },
        "west":  { "uv": [ 6, 13.5, 6.5, 14 ], "texture": "#texture" },
        "east":  { "uv": [ 10.5, 13.5, 10, 14 ], "texture": "#texture" }
    }
},
{
    "from": [ 6.5, 1.5, 7.5 ],
    "to": [ 11.5, 2, 8.5 ],
    "faces": {
        "down":  { "uv": [ 6.5, 14.5, 11.5, 14 ], "texture": "#texture" },
        "up":    { "uv": [ 6.5, 14, 11.5, 14.5 ], "texture": "#texture" },
        "north": { "uv": [ 11.5, 14, 6.5, 14.5 ], "texture": "#texture" },
        "south": { "uv": [ 6.5, 14, 11.5, 14.5 ], "texture": "#texture" },
        "west":  { "uv": [ 6.5, 14, 7, 14.5 ], "texture": "#texture" },
        "east":  { "uv": [ 11.5, 14, 11, 14.5 ], "texture": "#texture" }
    }
},
{
    "from": [ 7, 13.5, 7.5 ],
    "to": [ 10, 14, 8.5 ],
    "faces": {
        "down":  { "uv": [ 7, 2.5, 10, 2 ], "texture": "#texture" },
        "up":    { "uv": [ 7, 2, 10, 2.5 ], "texture": "#texture" },
        "north": { "uv": [ 10, 2, 7, 2.5 ], "texture": "#texture" },
        "south": { "uv": [ 7, 2, 10, 2.5 ], "texture": "#texture" },
        "west":  { "uv": [ 7, 2, 7.5, 2.5 ], "texture": "#texture" },
        "east":  { "uv": [ 10, 2, 9.5, 2.5 ], "texture": "#texture" }
    }
},
{
    "from": [ 7, 9, 7.5 ],
    "to": [ 7.5, 10, 8.5 ],
    "faces": {
        "down":  { "uv": [ 7, 7, 7.5, 6.5 ], "texture": "#texture" },
        "up":    { "uv": [ 7, 6, 7.5, 6.5 ], "texture": "#texture" },
        "north": { "uv": [ 7.5, 6, 7, 7 ], "texture": "#texture" },
        "south": { "uv": [ 7, 6, 7.5, 7 ], "texture": "#texture" },
        "west":  { "uv": [ 7, 6, 7.5, 7 ], "texture": "#texture" },
        "east":  { "uv": [ 7.5, 6, 7, 7 ], "texture": "#texture" }
    }
},
{
    "from": [ 7, 5, 7.5 ],
    "to": [ 7.5, 6, 8.5 ],
    "faces": {
        "down":  { "uv": [ 7, 11, 7.5, 10.5 ], "texture": "#texture" },
        "up":    { "uv": [ 7, 10, 7.5, 10.5 ], "texture": "#texture" },
        "north": { "uv": [ 7.5, 10, 7, 11 ], "texture": "#texture" },
        "south": { "uv": [ 7, 10, 7.5, 11 ], "texture": "#texture" },
        "west":  { "uv": [ 7, 10, 7.5, 11 ], "texture": "#texture" },
        "east":  { "uv": [ 7.5, 10, 7, 11 ], "texture": "#texture" }
    }
},
{
    "from": [ 7.5, 14, 7.5 ],
    "to": [ 10.5, 14.5, 8.5 ],
    "faces": {
        "down":  { "uv": [ 7.5, 2, 10.5, 1.5 ], "texture": "#texture" },
        "up":    { "uv": [ 7.5, 1.5, 10.5, 2 ], "texture": "#texture" },
        "north": { "uv": [ 10.5, 1.5, 7.5, 2 ], "texture": "#texture" },
        "south": { "uv": [ 7.5, 1.5, 10.5, 2 ], "texture": "#texture" },
        "west":  { "uv": [ 7.5, 1.5, 8, 2 ], "texture": "#texture" },
        "east":  { "uv": [ 10.5, 1.5, 10, 2 ], "texture": "#texture" }
    }
},
{
    "from": [ 7.5, 10.5, 7.5 ],
    "to": [ 8, 11, 8.5 ],
    "faces": {
        "down":  { "uv": [ 7.5, 5.5, 8, 5 ], "texture": "#texture" },
        "up":    { "uv": [ 7.5, 5, 8, 5.5 ], "texture": "#texture" },
        "north": { "uv": [ 8, 5, 7.5, 5.5 ], "texture": "#texture" },
        "south": { "uv": [ 7.5, 5, 8, 5.5 ], "texture": "#texture" },
        "west":  { "uv": [ 7.5, 5, 8, 5.5 ], "texture": "#texture" },
        "east":  { "uv": [ 8, 5, 7.5, 5.5 ], "texture": "#texture" }
    }
},
{
    "from": [ 7.5, 1, 7.5 ],
    "to": [ 11.5, 1.5, 8.5 ],
    "faces": {
        "down":  { "uv": [ 7.5, 15, 11.5, 14.5 ], "texture": "#texture" },
        "up":    { "uv": [ 7.5, 14.5, 11.5, 15 ], "texture": "#texture" },
        "north": { "uv": [ 11.5, 14.5, 7.5, 15 ], "texture": "#texture" },
        "south": { "uv": [ 7.5, 14.5, 11.5, 15 ], "texture": "#texture" },
        "west":  { "uv": [ 7.5, 14.5, 8, 15 ], "texture": "#texture" },
        "east":  { "uv": [ 11.5, 14.5, 11, 15 ], "texture": "#texture" }
    }
},
{
    "from": [ 8, 14.5, 7.5 ],
    "to": [ 9.5, 15.5, 8.5 ],
    "faces": {
        "down":  { "uv": [ 8, 1.5, 9.5, 1 ], "texture": "#texture" },
        "up":    { "uv": [ 8, 0.5, 9.5, 1 ], "texture": "#texture" },
        "north": { "uv": [ 9.5, 0.5, 8, 1.5 ], "texture": "#texture" },
        "south": { "uv": [ 8, 0.5, 9.5, 1.5 ], "texture": "#texture" },
        "west":  { "uv": [ 8, 0.5, 8.5, 1.5 ], "texture": "#texture" },
        "east":  { "uv": [ 9.5, 0.5, 9, 1.5 ], "texture": "#texture" }
    }
},
{
    "from": [ 8, 12, 7.5 ],
    "to": [ 8.5, 12.5, 8.5 ],
    "faces": {
        "down":  { "uv": [ 8, 4, 8.5, 3.5 ], "texture": "#texture" },
        "up":    { "uv": [ 8, 3.5, 8.5, 4 ], "texture": "#texture" },
        "north": { "uv": [ 8.5, 3.5, 8, 4 ], "texture": "#texture" },
        "south": { "uv": [ 8, 3.5, 8.5, 4 ], "texture": "#texture" },
        "west":  { "uv": [ 8, 3.5, 8.5, 4 ], "texture": "#texture" },
        "east":  { "uv": [ 8.5, 3.5, 8, 4 ], "texture": "#texture" }
    }
},
{
    "from": [ 9, 0.5, 7.5 ],
    "to": [ 11, 1, 8.5 ],
    "faces": {
        "down":  { "uv": [ 9, 15.5, 11, 15 ], "texture": "#texture" },
        "up":    { "uv": [ 9, 15, 11, 15.5 ], "texture": "#texture" },
        "north": { "uv": [ 11, 15, 9, 15.5 ], "texture": "#texture" },
        "south": { "uv": [ 9, 15, 11, 15.5 ], "texture": "#texture" },
        "west":  { "uv": [ 9, 15, 9.5, 15.5 ], "texture": "#texture" },
        "east":  { "uv": [ 11, 15, 10.5, 15.5 ], "texture": "#texture" }
    }
},
{
    "from": [ 9.5, 14.5, 7.5 ],
    "to": [ 10, 15, 8.5 ],
    "faces": {
        "down":  { "uv": [ 9.5, 1.5, 10, 1 ], "texture": "#texture" },
        "up":    { "uv": [ 9.5, 1, 10, 1.5 ], "texture": "#texture" },
        "north": { "uv": [ 10, 1, 9.5, 1.5 ], "texture": "#texture" },
        "south": { "uv": [ 9.5, 1, 10, 1.5 ], "texture": "#texture" },
        "west":  { "uv": [ 9.5, 1, 10, 1.5 ], "texture": "#texture" },
        "east":  { "uv": [ 10, 1, 9.5, 1.5 ], "texture": "#texture" }
    }
},
{
    "from": [ 9.5, 3, 7.75 ],
    "to": [ 10, 13.5, 8.25 ],
    "faces": {
        "down":  { "uv": [ 9.5, 13, 10, 12.5 ], "texture": "#texture" },
        "up":    { "uv": [ 9.5, 2.5, 10, 3 ], "texture": "#texture" },
        "north": { "uv": [ 10, 2.5, 9.5, 13 ], "texture": "#texture" },
        "south": { "uv": [ 9.5, 2.5, 10, 13 ], "texture": "#texture" },
        "west":  { "uv": [ 9.5, 2.5, 10, 13 ], "texture": "#texture" },
        "east":  { "uv": [ 10, 2.5, 9.5, 13 ], "texture": "#texture" }
    }
}
],
"display": {
    "thirdperson_righthand": {
        "rotation": [ 0, -90, 0 ],
        "translation": [ 0, 0.57, 4.16 ],
        "scale": [ 1.5, 1.5, 1.5 ]
    },
    "thirdperson_lefthand": {
        "rotation": [ 0, 90, 0 ],
        "translation": [ 0, 0.57, 4.16 ],
        "scale": [ 1.5, 1.5, 1.5 ]
    },
    "ground": {
        "rotation": [ 0, 0, -45 ],
        "translation": [ 0, 4.16, 0 ],
        "scale": [ 0.5, 0.5, 0.5 ]
    },
    "fixed": {
        "rotation": [ 0, 180, -45 ],
        "translation": [ 0, 0, 0 ],
        "scale": [ 1, 1, 1 ]
    },
    "firstperson_righthand": {
        "rotation": [ 0, -88, -4 ],
        "translation": [ 0, 3.02, 0.76 ],
        "scale": [ 1.2, 1.2, 1.2 ]
    },
    "firstperson_lefthand": {
        "rotation": [ 0, 91, 4 ],
        "translation": [ -0.19, 3.02, -0.19 ],
        "scale": [ 1.2, 1.2, 1.2 ]
    },
    "gui": {
        "rotation": [ 0, 0, -45 ],
        "translation": [ 0, 0, 0 ],
        "scale": [ 1, 1, 1 ]
    }
}
}