{
"__comment": "Designed by MasterianoX",
"textures": {
    "particle": "wynn/weapons/sets/food_set_1/kebab_spear",
    "texture": "wynn/weapons/sets/food_set_1/kebab_spear"
},
"elements": [ 
{
    "from": [ 6.5, 7.5, 6 ],
    "to": [ 9, 10, 10 ],
    "faces": {
        "down":  { "uv": [ 6.5, 9.5, 9, 9 ], "texture": "#texture" },
        "up":    { "uv": [ 6.5, 7, 9, 7.5 ], "texture": "#texture" },
        "north": { "uv": [ 9, 7, 6.5, 9.5 ], "texture": "#texture" },
        "south": { "uv": [ 6.5, 7, 9, 9.5 ], "texture": "#texture" },
        "west":  { "uv": [ 6.5, 7, 7, 9.5 ], "texture": "#texture" },
        "east":  { "uv": [ 9, 7, 8.5, 9.5 ], "texture": "#texture" }
    }
},
{
    "from": [ 6.5, 5, 6 ],
    "to": [ 9.5, 6, 10 ],
    "faces": {
        "down":  { "uv": [ 6.5, 12, 9.5, 11.5 ], "texture": "#texture" },
        "up":    { "uv": [ 6.5, 11, 9.5, 11.5 ], "texture": "#texture" },
        "north": { "uv": [ 9.5, 11, 6.5, 12 ], "texture": "#texture" },
        "south": { "uv": [ 6.5, 11, 9.5, 12 ], "texture": "#texture" },
        "west":  { "uv": [ 6.5, 11, 7, 12 ], "texture": "#texture" },
        "east":  { "uv": [ 9.5, 11, 9, 12 ], "texture": "#texture" }
    }
},
{
    "from": [ 7, 10, 6 ],
    "to": [ 9, 12.5, 10 ],
    "faces": {
        "down":  { "uv": [ 7, 7, 9, 6.5 ], "texture": "#texture" },
        "up":    { "uv": [ 7, 4.5, 9, 5 ], "texture": "#texture" },
        "north": { "uv": [ 9, 4.5, 7, 7 ], "texture": "#texture" },
        "south": { "uv": [ 7, 4.5, 9, 7 ], "texture": "#texture" },
        "west":  { "uv": [ 7, 4.5, 7.5, 7 ], "texture": "#texture" },
        "east":  { "uv": [ 9, 4.5, 8.5, 7 ], "texture": "#texture" }
    }
},
{
    "from": [ 7, 6, 6 ],
    "to": [ 9.5, 7.5, 10 ],
    "faces": {
        "down":  { "uv": [ 7, 11, 9.5, 10.5 ], "texture": "#texture" },
        "up":    { "uv": [ 7, 9.5, 9.5, 10 ], "texture": "#texture" },
        "north": { "uv": [ 9.5, 9.5, 7, 11 ], "texture": "#texture" },
        "south": { "uv": [ 7, 9.5, 9.5, 11 ], "texture": "#texture" },
        "west":  { "uv": [ 7, 9.5, 7.5, 11 ], "texture": "#texture" },
        "east":  { "uv": [ 9.5, 9.5, 9, 11 ], "texture": "#texture" }
    }
},
{
    "from": [ 7, 4, 6 ],
    "to": [ 9.5, 5, 10 ],
    "faces": {
        "down":  { "uv": [ 7, 13, 9.5, 12.5 ], "texture": "#texture" },
        "up":    { "uv": [ 7, 12, 9.5, 12.5 ], "texture": "#texture" },
        "north": { "uv": [ 9.5, 12, 7, 13 ], "texture": "#texture" },
        "south": { "uv": [ 7, 12, 9.5, 13 ], "texture": "#texture" },
        "west":  { "uv": [ 7, 12, 7.5, 13 ], "texture": "#texture" },
        "east":  { "uv": [ 9.5, 12, 9, 13 ], "texture": "#texture" }
    }
},
{
    "from": [ 8, 3.5, 6 ],
    "to": [ 9, 4, 10 ],
    "faces": {
        "down":  { "uv": [ 8, 13.5, 9, 13 ], "texture": "#texture" },
        "up":    { "uv": [ 8, 13, 9, 13.5 ], "texture": "#texture" },
        "north": { "uv": [ 9, 13, 8, 13.5 ], "texture": "#texture" },
        "south": { "uv": [ 8, 13, 9, 13.5 ], "texture": "#texture" },
        "west":  { "uv": [ 8, 13, 8.5, 13.5 ], "texture": "#texture" },
        "east":  { "uv": [ 9, 13, 8.5, 13.5 ], "texture": "#texture" }
    }
},
{
    "from": [ 9, 7.5, 6 ],
    "to": [ 9.5, 9, 10 ],
    "faces": {
        "down":  { "uv": [ 9, 9.5, 9.5, 9 ], "texture": "#texture" },
        "up":    { "uv": [ 9, 8, 9.5, 8.5 ], "texture": "#texture" },
        "north": { "uv": [ 9.5, 8, 9, 9.5 ], "texture": "#texture" },
        "south": { "uv": [ 9, 8, 9.5, 9.5 ], "texture": "#texture" },
        "west":  { "uv": [ 9, 8, 9.5, 9.5 ], "texture": "#texture" },
        "east":  { "uv": [ 9.5, 8, 9, 9.5 ], "texture": "#texture" }
    }
},
{
    "from": [ 6, 11.5, 6.5 ],
    "to": [ 10, 12, 9.5 ],
    "faces": {
        "down":  { "uv": [ 6, 5.5, 10, 5 ], "texture": "#texture" },
        "up":    { "uv": [ 6, 5, 10, 5.5 ], "texture": "#texture" },
        "north": { "uv": [ 10, 5, 6, 5.5 ], "texture": "#texture" },
        "south": { "uv": [ 6, 5, 10, 5.5 ], "texture": "#texture" },
        "west":  { "uv": [ 6, 5, 6.5, 5.5 ], "texture": "#texture" },
        "east":  { "uv": [ 10, 5, 9.5, 5.5 ], "texture": "#texture" }
    }
},
{
    "from": [ 6, 7.5, 6.5 ],
    "to": [ 9.5, 10, 9.5 ],
    "faces": {
        "down":  { "uv": [ 6, 9.5, 9.5, 9 ], "texture": "#texture" },
        "up":    { "uv": [ 6, 7, 9.5, 7.5 ], "texture": "#texture" },
        "north": { "uv": [ 9.5, 7, 6, 9.5 ], "texture": "#texture" },
        "south": { "uv": [ 6, 7, 9.5, 9.5 ], "texture": "#texture" },
        "west":  { "uv": [ 6, 7, 6.5, 9.5 ], "texture": "#texture" },
        "east":  { "uv": [ 9.5, 7, 9, 9.5 ], "texture": "#texture" }
    }
},
{
    "from": [ 6, 5, 6.5 ],
    "to": [ 10, 6, 9.5 ],
    "faces": {
        "down":  { "uv": [ 6, 12, 10, 11.5 ], "texture": "#texture" },
        "up":    { "uv": [ 6, 11, 10, 11.5 ], "texture": "#texture" },
        "north": { "uv": [ 10, 11, 6, 12 ], "texture": "#texture" },
        "south": { "uv": [ 6, 11, 10, 12 ], "texture": "#texture" },
        "west":  { "uv": [ 6, 11, 6.5, 12 ], "texture": "#texture" },
        "east":  { "uv": [ 10, 11, 9.5, 12 ], "texture": "#texture" }
    }
},
{
    "from": [ 6.5, 12, 6.5 ],
    "to": [ 9, 13, 9.5 ],
    "faces": {
        "down":  { "uv": [ 6.5, 5, 9, 4.5 ], "texture": "#texture" },
        "up":    { "uv": [ 6.5, 4, 9, 4.5 ], "texture": "#texture" },
        "north": { "uv": [ 9, 4, 6.5, 5 ], "texture": "#texture" },
        "south": { "uv": [ 6.5, 4, 9, 5 ], "texture": "#texture" },
        "west":  { "uv": [ 6.5, 4, 7, 5 ], "texture": "#texture" },
        "east":  { "uv": [ 9, 4, 8.5, 5 ], "texture": "#texture" }
    }
},
{
    "from": [ 6.5, 10, 6.5 ],
    "to": [ 9.5, 11.5, 9.5 ],
    "faces": {
        "down":  { "uv": [ 6.5, 7, 9.5, 6.5 ], "texture": "#texture" },
        "up":    { "uv": [ 6.5, 5.5, 9.5, 6 ], "texture": "#texture" },
        "north": { "uv": [ 9.5, 5.5, 6.5, 7 ], "texture": "#texture" },
        "south": { "uv": [ 6.5, 5.5, 9.5, 7 ], "texture": "#texture" },
        "west":  { "uv": [ 6.5, 5.5, 7, 7 ], "texture": "#texture" },
        "east":  { "uv": [ 9.5, 5.5, 9, 7 ], "texture": "#texture" }
    }
},
{
    "from": [ 6.5, 6, 6.5 ],
    "to": [ 10, 7.5, 9.5 ],
    "faces": {
        "down":  { "uv": [ 6.5, 11, 10, 10.5 ], "texture": "#texture" },
        "up":    { "uv": [ 6.5, 9.5, 10, 10 ], "texture": "#texture" },
        "north": { "uv": [ 10, 9.5, 6.5, 11 ], "texture": "#texture" },
        "south": { "uv": [ 6.5, 9.5, 10, 11 ], "texture": "#texture" },
        "west":  { "uv": [ 6.5, 9.5, 7, 11 ], "texture": "#texture" },
        "east":  { "uv": [ 10, 9.5, 9.5, 11 ], "texture": "#texture" }
    }
},
{
    "from": [ 6.5, 3.5, 6.5 ],
    "to": [ 9.5, 5, 9.5 ],
    "faces": {
        "down":  { "uv": [ 6.5, 13.5, 9.5, 13 ], "texture": "#texture" },
        "up":    { "uv": [ 6.5, 12, 9.5, 12.5 ], "texture": "#texture" },
        "north": { "uv": [ 9.5, 12, 6.5, 13.5 ], "texture": "#texture" },
        "south": { "uv": [ 6.5, 12, 9.5, 13.5 ], "texture": "#texture" },
        "west":  { "uv": [ 6.5, 12, 7, 13.5 ], "texture": "#texture" },
        "east":  { "uv": [ 9.5, 12, 9, 13.5 ], "texture": "#texture" }
    }
},
{
    "from": [ 8, 3, 6.5 ],
    "to": [ 9, 3.5, 9.5 ],
    "faces": {
        "down":  { "uv": [ 8, 14, 9, 13.5 ], "texture": "#texture" },
        "up":    { "uv": [ 8, 13.5, 9, 14 ], "texture": "#texture" },
        "north": { "uv": [ 9, 13.5, 8, 14 ], "texture": "#texture" },
        "south": { "uv": [ 8, 13.5, 9, 14 ], "texture": "#texture" },
        "west":  { "uv": [ 8, 13.5, 8.5, 14 ], "texture": "#texture" },
        "east":  { "uv": [ 9, 13.5, 8.5, 14 ], "texture": "#texture" }
    }
},
{
    "from": [ 9, 12, 6.5 ],
    "to": [ 9.5, 12.5, 9.5 ],
    "faces": {
        "down":  { "uv": [ 9, 5, 9.5, 4.5 ], "texture": "#texture" },
        "up":    { "uv": [ 9, 4.5, 9.5, 5 ], "texture": "#texture" },
        "north": { "uv": [ 9.5, 4.5, 9, 5 ], "texture": "#texture" },
        "south": { "uv": [ 9, 4.5, 9.5, 5 ], "texture": "#texture" },
        "west":  { "uv": [ 9, 4.5, 9.5, 5 ], "texture": "#texture" },
        "east":  { "uv": [ 9.5, 4.5, 9, 5 ], "texture": "#texture" }
    }
},
{
    "from": [ 9.5, 7.5, 6.5 ],
    "to": [ 10, 9, 9.5 ],
    "faces": {
        "down":  { "uv": [ 9.5, 9.5, 10, 9 ], "texture": "#texture" },
        "up":    { "uv": [ 9.5, 8, 10, 8.5 ], "texture": "#texture" },
        "north": { "uv": [ 10, 8, 9.5, 9.5 ], "texture": "#texture" },
        "south": { "uv": [ 9.5, 8, 10, 9.5 ], "texture": "#texture" },
        "west":  { "uv": [ 9.5, 8, 10, 9.5 ], "texture": "#texture" },
        "east":  { "uv": [ 10, 8, 9.5, 9.5 ], "texture": "#texture" }
    }
},
{
    "from": [ 9.5, 4, 6.5 ],
    "to": [ 10, 5, 9.5 ],
    "faces": {
        "down":  { "uv": [ 9.5, 13, 10, 12.5 ], "texture": "#texture" },
        "up":    { "uv": [ 9.5, 12, 10, 12.5 ], "texture": "#texture" },
        "north": { "uv": [ 10, 12, 9.5, 13 ], "texture": "#texture" },
        "south": { "uv": [ 9.5, 12, 10, 13 ], "texture": "#texture" },
        "west":  { "uv": [ 9.5, 12, 10, 13 ], "texture": "#texture" },
        "east":  { "uv": [ 10, 12, 9.5, 13 ], "texture": "#texture" }
    }
},
{
    "from": [ 5.5, 11.5, 7 ],
    "to": [ 10.5, 12, 9 ],
    "faces": {
        "down":  { "uv": [ 5.5, 5.5, 10.5, 5 ], "texture": "#texture" },
        "up":    { "uv": [ 5.5, 5, 10.5, 5.5 ], "texture": "#texture" },
        "north": { "uv": [ 10.5, 5, 5.5, 5.5 ], "texture": "#texture" },
        "south": { "uv": [ 5.5, 5, 10.5, 5.5 ], "texture": "#texture" },
        "west":  { "uv": [ 5.5, 5, 6, 5.5 ], "texture": "#texture" },
        "east":  { "uv": [ 10.5, 5, 10, 5.5 ], "texture": "#texture" }
    }
},
{
    "from": [ 5.5, 7.5, 7 ],
    "to": [ 10, 10, 9 ],
    "faces": {
        "down":  { "uv": [ 5.5, 9.5, 10, 9 ], "texture": "#texture" },
        "up":    { "uv": [ 5.5, 7, 10, 7.5 ], "texture": "#texture" },
        "north": { "uv": [ 10, 7, 5.5, 9.5 ], "texture": "#texture" },
        "south": { "uv": [ 5.5, 7, 10, 9.5 ], "texture": "#texture" },
        "west":  { "uv": [ 5.5, 7, 6, 9.5 ], "texture": "#texture" },
        "east":  { "uv": [ 10, 7, 9.5, 9.5 ], "texture": "#texture" }
    }
},
{
    "from": [ 5.5, 5, 7 ],
    "to": [ 10.5, 6, 9 ],
    "faces": {
        "down":  { "uv": [ 5.5, 12, 10.5, 11.5 ], "texture": "#texture" },
        "up":    { "uv": [ 5.5, 11, 10.5, 11.5 ], "texture": "#texture" },
        "north": { "uv": [ 10.5, 11, 5.5, 12 ], "texture": "#texture" },
        "south": { "uv": [ 5.5, 11, 10.5, 12 ], "texture": "#texture" },
        "west":  { "uv": [ 5.5, 11, 6, 12 ], "texture": "#texture" },
        "east":  { "uv": [ 10.5, 11, 10, 12 ], "texture": "#texture" }
    }
},
{
    "from": [ 6, 12, 7 ],
    "to": [ 9.5, 13, 9 ],
    "faces": {
        "down":  { "uv": [ 6, 5, 9.5, 4.5 ], "texture": "#texture" },
        "up":    { "uv": [ 6, 4, 9.5, 4.5 ], "texture": "#texture" },
        "north": { "uv": [ 9.5, 4, 6, 5 ], "texture": "#texture" },
        "south": { "uv": [ 6, 4, 9.5, 5 ], "texture": "#texture" },
        "west":  { "uv": [ 6, 4, 6.5, 5 ], "texture": "#texture" },
        "east":  { "uv": [ 9.5, 4, 9, 5 ], "texture": "#texture" }
    }
},
{
    "from": [ 6, 10, 7 ],
    "to": [ 10, 11.5, 9 ],
    "faces": {
        "down":  { "uv": [ 6, 7, 10, 6.5 ], "texture": "#texture" },
        "up":    { "uv": [ 6, 5.5, 10, 6 ], "texture": "#texture" },
        "north": { "uv": [ 10, 5.5, 6, 7 ], "texture": "#texture" },
        "south": { "uv": [ 6, 5.5, 10, 7 ], "texture": "#texture" },
        "west":  { "uv": [ 6, 5.5, 6.5, 7 ], "texture": "#texture" },
        "east":  { "uv": [ 10, 5.5, 9.5, 7 ], "texture": "#texture" }
    }
},
{
    "from": [ 6, 6, 7 ],
    "to": [ 10.5, 7.5, 9 ],
    "faces": {
        "down":  { "uv": [ 6, 11, 10.5, 10.5 ], "texture": "#texture" },
        "up":    { "uv": [ 6, 9.5, 10.5, 10 ], "texture": "#texture" },
        "north": { "uv": [ 10.5, 9.5, 6, 11 ], "texture": "#texture" },
        "south": { "uv": [ 6, 9.5, 10.5, 11 ], "texture": "#texture" },
        "west":  { "uv": [ 6, 9.5, 6.5, 11 ], "texture": "#texture" },
        "east":  { "uv": [ 10.5, 9.5, 10, 11 ], "texture": "#texture" }
    }
},
{
    "from": [ 6, 3.5, 7 ],
    "to": [ 10, 5, 9 ],
    "faces": {
        "down":  { "uv": [ 6, 13.5, 10, 13 ], "texture": "#texture" },
        "up":    { "uv": [ 6, 12, 10, 12.5 ], "texture": "#texture" },
        "north": { "uv": [ 10, 12, 6, 13.5 ], "texture": "#texture" },
        "south": { "uv": [ 6, 12, 10, 13.5 ], "texture": "#texture" },
        "west":  { "uv": [ 6, 12, 6.5, 13.5 ], "texture": "#texture" },
        "east":  { "uv": [ 10, 12, 9.5, 13.5 ], "texture": "#texture" }
    }
},
{
    "from": [ 6.5, 13, 7 ],
    "to": [ 9.5, 13.5, 9 ],
    "faces": {
        "down":  { "uv": [ 6.5, 4, 9.5, 3.5 ], "texture": "#texture" },
        "up":    { "uv": [ 6.5, 3.5, 9.5, 4 ], "texture": "#texture" },
        "north": { "uv": [ 9.5, 3.5, 6.5, 4 ], "texture": "#texture" },
        "south": { "uv": [ 6.5, 3.5, 9.5, 4 ], "texture": "#texture" },
        "west":  { "uv": [ 6.5, 3.5, 7, 4 ], "texture": "#texture" },
        "east":  { "uv": [ 9.5, 3.5, 9, 4 ], "texture": "#texture" }
    }
},
{
    "from": [ 6.5, 3, 7 ],
    "to": [ 10, 3.5, 9 ],
    "faces": {
        "down":  { "uv": [ 6.5, 14, 10, 13.5 ], "texture": "#texture" },
        "up":    { "uv": [ 6.5, 13.5, 10, 14 ], "texture": "#texture" },
        "north": { "uv": [ 10, 13.5, 6.5, 14 ], "texture": "#texture" },
        "south": { "uv": [ 6.5, 13.5, 10, 14 ], "texture": "#texture" },
        "west":  { "uv": [ 6.5, 13.5, 7, 14 ], "texture": "#texture" },
        "east":  { "uv": [ 10, 13.5, 9.5, 14 ], "texture": "#texture" }
    }
},
{
    "from": [ 8, 2.5, 7 ],
    "to": [ 9, 3, 9 ],
    "faces": {
        "down":  { "uv": [ 8, 14.5, 9, 14 ], "texture": "#texture" },
        "up":    { "uv": [ 8, 14, 9, 14.5 ], "texture": "#texture" },
        "north": { "uv": [ 9, 14, 8, 14.5 ], "texture": "#texture" },
        "south": { "uv": [ 8, 14, 9, 14.5 ], "texture": "#texture" },
        "west":  { "uv": [ 8, 14, 8.5, 14.5 ], "texture": "#texture" },
        "east":  { "uv": [ 9, 14, 8.5, 14.5 ], "texture": "#texture" }
    }
},
{
    "from": [ 9.5, 12, 7 ],
    "to": [ 10, 12.5, 9 ],
    "faces": {
        "down":  { "uv": [ 9.5, 5, 10, 4.5 ], "texture": "#texture" },
        "up":    { "uv": [ 9.5, 4.5, 10, 5 ], "texture": "#texture" },
        "north": { "uv": [ 10, 4.5, 9.5, 5 ], "texture": "#texture" },
        "south": { "uv": [ 9.5, 4.5, 10, 5 ], "texture": "#texture" },
        "west":  { "uv": [ 9.5, 4.5, 10, 5 ], "texture": "#texture" },
        "east":  { "uv": [ 10, 4.5, 9.5, 5 ], "texture": "#texture" }
    }
},
{
    "from": [ 10, 7.5, 7 ],
    "to": [ 10.5, 9, 9 ],
    "faces": {
        "down":  { "uv": [ 10, 9.5, 10.5, 9 ], "texture": "#texture" },
        "up":    { "uv": [ 10, 8, 10.5, 8.5 ], "texture": "#texture" },
        "north": { "uv": [ 10.5, 8, 10, 9.5 ], "texture": "#texture" },
        "south": { "uv": [ 10, 8, 10.5, 9.5 ], "texture": "#texture" },
        "west":  { "uv": [ 10, 8, 10.5, 9.5 ], "texture": "#texture" },
        "east":  { "uv": [ 10.5, 8, 10, 9.5 ], "texture": "#texture" }
    }
},
{
    "from": [ 10, 4, 7 ],
    "to": [ 10.5, 5, 9 ],
    "faces": {
        "down":  { "uv": [ 10, 13, 10.5, 12.5 ], "texture": "#texture" },
        "up":    { "uv": [ 10, 12, 10.5, 12.5 ], "texture": "#texture" },
        "north": { "uv": [ 10.5, 12, 10, 13 ], "texture": "#texture" },
        "south": { "uv": [ 10, 12, 10.5, 13 ], "texture": "#texture" },
        "west":  { "uv": [ 10, 12, 10.5, 13 ], "texture": "#texture" },
        "east":  { "uv": [ 10.5, 12, 10, 13 ], "texture": "#texture" }
    }
},
{
    "from": [ 5, 11.5, 7.5 ],
    "to": [ 11, 12, 8.5 ],
    "faces": {
        "down":  { "uv": [ 5, 5.5, 11, 5 ], "texture": "#texture" },
        "up":    { "uv": [ 5, 5, 11, 5.5 ], "texture": "#texture" },
        "north": { "uv": [ 11, 5, 5, 5.5 ], "texture": "#texture" },
        "south": { "uv": [ 5, 5, 11, 5.5 ], "texture": "#texture" },
        "west":  { "uv": [ 5, 5, 5.5, 5.5 ], "texture": "#texture" },
        "east":  { "uv": [ 11, 5, 10.5, 5.5 ], "texture": "#texture" }
    }
},
{
    "from": [ 5, 7.5, 7.5 ],
    "to": [ 10.5, 10, 8.5 ],
    "faces": {
        "down":  { "uv": [ 5, 9.5, 10.5, 9 ], "texture": "#texture" },
        "up":    { "uv": [ 5, 7, 10.5, 7.5 ], "texture": "#texture" },
        "north": { "uv": [ 10.5, 7, 5, 9.5 ], "texture": "#texture" },
        "south": { "uv": [ 5, 7, 10.5, 9.5 ], "texture": "#texture" },
        "west":  { "uv": [ 5, 7, 5.5, 9.5 ], "texture": "#texture" },
        "east":  { "uv": [ 10.5, 7, 10, 9.5 ], "texture": "#texture" }
    }
},
{
    "from": [ 5, 5, 7.5 ],
    "to": [ 11, 6, 8.5 ],
    "faces": {
        "down":  { "uv": [ 5, 12, 11, 11.5 ], "texture": "#texture" },
        "up":    { "uv": [ 5, 11, 11, 11.5 ], "texture": "#texture" },
        "north": { "uv": [ 11, 11, 5, 12 ], "texture": "#texture" },
        "south": { "uv": [ 5, 11, 11, 12 ], "texture": "#texture" },
        "west":  { "uv": [ 5, 11, 5.5, 12 ], "texture": "#texture" },
        "east":  { "uv": [ 11, 11, 10.5, 12 ], "texture": "#texture" }
    }
},
{
    "from": [ 5.5, 12, 7.5 ],
    "to": [ 10, 13.5, 8.5 ],
    "faces": {
        "down":  { "uv": [ 5.5, 5, 10, 4.5 ], "texture": "#texture" },
        "up":    { "uv": [ 5.5, 3.5, 10, 4 ], "texture": "#texture" },
        "north": { "uv": [ 10, 3.5, 5.5, 5 ], "texture": "#texture" },
        "south": { "uv": [ 5.5, 3.5, 10, 5 ], "texture": "#texture" },
        "west":  { "uv": [ 5.5, 3.5, 6, 5 ], "texture": "#texture" },
        "east":  { "uv": [ 10, 3.5, 9.5, 5 ], "texture": "#texture" }
    }
},
{
    "from": [ 5.5, 10, 7.5 ],
    "to": [ 10.5, 11.5, 8.5 ],
    "faces": {
        "down":  { "uv": [ 5.5, 7, 10.5, 6.5 ], "texture": "#texture" },
        "up":    { "uv": [ 5.5, 5.5, 10.5, 6 ], "texture": "#texture" },
        "north": { "uv": [ 10.5, 5.5, 5.5, 7 ], "texture": "#texture" },
        "south": { "uv": [ 5.5, 5.5, 10.5, 7 ], "texture": "#texture" },
        "west":  { "uv": [ 5.5, 5.5, 6, 7 ], "texture": "#texture" },
        "east":  { "uv": [ 10.5, 5.5, 10, 7 ], "texture": "#texture" }
    }
},
{
    "from": [ 5.5, 6, 7.5 ],
    "to": [ 11, 7.5, 8.5 ],
    "faces": {
        "down":  { "uv": [ 5.5, 11, 11, 10.5 ], "texture": "#texture" },
        "up":    { "uv": [ 5.5, 9.5, 11, 10 ], "texture": "#texture" },
        "north": { "uv": [ 11, 9.5, 5.5, 11 ], "texture": "#texture" },
        "south": { "uv": [ 5.5, 9.5, 11, 11 ], "texture": "#texture" },
        "west":  { "uv": [ 5.5, 9.5, 6, 11 ], "texture": "#texture" },
        "east":  { "uv": [ 11, 9.5, 10.5, 11 ], "texture": "#texture" }
    }
},
{
    "from": [ 5.5, 3, 7.5 ],
    "to": [ 10.5, 5, 8.5 ],
    "faces": {
        "down":  { "uv": [ 5.5, 14, 10.5, 13.5 ], "texture": "#texture" },
        "up":    { "uv": [ 5.5, 12, 10.5, 12.5 ], "texture": "#texture" },
        "north": { "uv": [ 10.5, 12, 5.5, 14 ], "texture": "#texture" },
        "south": { "uv": [ 5.5, 12, 10.5, 14 ], "texture": "#texture" },
        "west":  { "uv": [ 5.5, 12, 6, 14 ], "texture": "#texture" },
        "east":  { "uv": [ 10.5, 12, 10, 14 ], "texture": "#texture" }
    }
},
{
    "from": [ 6.5, 13.5, 7.5 ],
    "to": [ 10, 14, 8.5 ],
    "faces": {
        "down":  { "uv": [ 6.5, 3.5, 10, 3 ], "texture": "#texture" },
        "up":    { "uv": [ 6.5, 3, 10, 3.5 ], "texture": "#texture" },
        "north": { "uv": [ 10, 3, 6.5, 3.5 ], "texture": "#texture" },
        "south": { "uv": [ 6.5, 3, 10, 3.5 ], "texture": "#texture" },
        "west":  { "uv": [ 6.5, 3, 7, 3.5 ], "texture": "#texture" },
        "east":  { "uv": [ 10, 3, 9.5, 3.5 ], "texture": "#texture" }
    }
},
{
    "from": [ 6.5, 2.5, 7.5 ],
    "to": [ 10, 3, 8.5 ],
    "faces": {
        "down":  { "uv": [ 6.5, 14.5, 10, 14 ], "texture": "#texture" },
        "up":    { "uv": [ 6.5, 14, 10, 14.5 ], "texture": "#texture" },
        "north": { "uv": [ 10, 14, 6.5, 14.5 ], "texture": "#texture" },
        "south": { "uv": [ 6.5, 14, 10, 14.5 ], "texture": "#texture" },
        "west":  { "uv": [ 6.5, 14, 7, 14.5 ], "texture": "#texture" },
        "east":  { "uv": [ 10, 14, 9.5, 14.5 ], "texture": "#texture" }
    }
},
{
    "from": [ 7.5, 14, 7.75 ],
    "to": [ 8, 20, 8.25 ],
    "faces": {
        "down":  { "uv": [ 7.5, 3, 8, 2.5 ], "texture": "#texture" },
        "up":    { "uv": [ 7.5, 0, 8, 0.5 ], "texture": "#texture" },
        "north": { "uv": [ 8, 0, 7.5, 3 ], "texture": "#texture" },
        "south": { "uv": [ 7.5, 0, 8, 3 ], "texture": "#texture" },
        "west":  { "uv": [ 7.5, 0, 8, 3 ], "texture": "#texture" },
        "east":  { "uv": [ 8, 0, 7.5, 3 ], "texture": "#texture" }
    }
},
{
    "from": [ 7.5, 0, 7.75 ],
    "to": [ 8, 2.5, 8.25 ],
    "faces": {
        "down":  { "uv": [ 7.5, 16, 8, 15.5 ], "texture": "#texture" },
        "up":    { "uv": [ 7.5, 14.5, 8, 15 ], "texture": "#texture" },
        "north": { "uv": [ 8, 14.5, 7.5, 16 ], "texture": "#texture" },
        "south": { "uv": [ 7.5, 14.5, 8, 16 ], "texture": "#texture" },
        "west":  { "uv": [ 7.5, 14.5, 8, 16 ], "texture": "#texture" },
        "east":  { "uv": [ 8, 14.5, 7.5, 16 ], "texture": "#texture" }
    }
},
{
    "from": [ 8, 14, 7.5 ],
    "to": [ 8.5, 15, 8.5 ],
    "faces": {
        "down":  { "uv": [ 8, 3, 8.5, 2.5 ], "texture": "#texture" },
        "up":    { "uv": [ 8, 2, 8.5, 2.5 ], "texture": "#texture" },
        "north": { "uv": [ 8.5, 2, 8, 3 ], "texture": "#texture" },
        "south": { "uv": [ 8, 2, 8.5, 3 ], "texture": "#texture" },
        "west":  { "uv": [ 8, 2, 8.5, 3 ], "texture": "#texture" },
        "east":  { "uv": [ 8.5, 2, 8, 3 ], "texture": "#texture" }
    }
},
{
    "from": [ 8, 2, 7.5 ],
    "to": [ 9, 2.5, 8.5 ],
    "faces": {
        "down":  { "uv": [ 8, 15, 9, 14.5 ], "texture": "#texture" },
        "up":    { "uv": [ 8, 14.5, 9, 15 ], "texture": "#texture" },
        "north": { "uv": [ 9, 14.5, 8, 15 ], "texture": "#texture" },
        "south": { "uv": [ 8, 14.5, 9, 15 ], "texture": "#texture" },
        "west":  { "uv": [ 8, 14.5, 8.5, 15 ], "texture": "#texture" },
        "east":  { "uv": [ 9, 14.5, 8.5, 15 ], "texture": "#texture" }
    }
},
{
    "from": [ 10, 12, 7.5 ],
    "to": [ 10.5, 12.5, 8.5 ],
    "faces": {
        "down":  { "uv": [ 10, 5, 10.5, 4.5 ], "texture": "#texture" },
        "up":    { "uv": [ 10, 4.5, 10.5, 5 ], "texture": "#texture" },
        "north": { "uv": [ 10.5, 4.5, 10, 5 ], "texture": "#texture" },
        "south": { "uv": [ 10, 4.5, 10.5, 5 ], "texture": "#texture" },
        "west":  { "uv": [ 10, 4.5, 10.5, 5 ], "texture": "#texture" },
        "east":  { "uv": [ 10.5, 4.5, 10, 5 ], "texture": "#texture" }
    }
},
{
    "from": [ 10.5, 7.5, 7.5 ],
    "to": [ 11, 9, 8.5 ],
    "faces": {
        "down":  { "uv": [ 10.5, 9.5, 11, 9 ], "texture": "#texture" },
        "up":    { "uv": [ 10.5, 8, 11, 8.5 ], "texture": "#texture" },
        "north": { "uv": [ 11, 8, 10.5, 9.5 ], "texture": "#texture" },
        "south": { "uv": [ 10.5, 8, 11, 9.5 ], "texture": "#texture" },
        "west":  { "uv": [ 10.5, 8, 11, 9.5 ], "texture": "#texture" },
        "east":  { "uv": [ 11, 8, 10.5, 9.5 ], "texture": "#texture" }
    }
},
{
    "from": [ 10.5, 4, 7.5 ],
    "to": [ 11, 5, 8.5 ],
    "faces": {
        "down":  { "uv": [ 10.5, 13, 11, 12.5 ], "texture": "#texture" },
        "up":    { "uv": [ 10.5, 12, 11, 12.5 ], "texture": "#texture" },
        "north": { "uv": [ 11, 12, 10.5, 13 ], "texture": "#texture" },
        "south": { "uv": [ 10.5, 12, 11, 13 ], "texture": "#texture" },
        "west":  { "uv": [ 10.5, 12, 11, 13 ], "texture": "#texture" },
        "east":  { "uv": [ 11, 12, 10.5, 13 ], "texture": "#texture" }
    }
}
],
"display": {
    "thirdperson_righthand": {
        "rotation": [ 0, 90, 0 ],
        "translation": [ 0, 8.31, 2.08 ],
        "scale": [ 1.5, 1.5, 1.5 ]
    },
    "thirdperson_lefthand": {
        "rotation": [ 0, -90, 0 ],
        "translation": [ 0, 8.31, 2.08 ],
        "scale": [ 1.5, 1.5, 1.5 ]
    },
    "ground": {
        "rotation": [ 0, 0, 45 ],
        "translation": [ 0, 4.16, 0 ],
        "scale": [ 0.5, 0.5, 0.5 ]
    },
    "fixed": {
        "rotation": [ 0, 0, 45 ],
        "translation": [ 0, 0, 0 ],
        "scale": [ 1, 1, 1 ]
    },
    "firstperson_righthand": {
        "rotation": [ 0, 101, -13 ],
        "translation": [ 0, 2.08, 0 ],
        "scale": [ 1.2, 1.2, 1.2 ]
    },
    "firstperson_lefthand": {
        "rotation": [ 0, -82, 13 ],
        "translation": [ 0, 2.08, 0 ],
        "scale": [ 1.2, 1.2, 1.2 ]
    },
    "gui": {
        "rotation": [ 0, 0, -45 ],
        "translation": [ -1.13, -1.51, 0 ],
        "scale": [ 1, 1, 1 ]
    }
}
}