{
"__comment": "Designed by Firecathd with BDcraft Cubik PRO 0.96 Beta - http://bdcraft.net",
"textures": {
    "particle": "wynn/mob_totem_texture",
    "texture": "wynn/mob_totem_texture"
},
"elements": [ 
{
    "from": [ 5, 0, 2 ],
    "to": [ 11, 6, 8 ],
    "faces": {
        "down":  { "uv": [ 5.25, 6.5625, 9.3125, 11 ], "texture": "#texture" },
        "up":    { "uv": [ 5.25, 6.5625, 9.3125, 11 ], "texture": "#texture" },
        "north": { "uv": [ 5.1875, 6.6875, 9.1875, 10.6875 ], "texture": "#texture" },
        "south": { "uv": [ 5.1875, 6.6875, 9.1875, 10.6875 ], "texture": "#texture" },
        "west":  { "uv": [ 5.0625, 6.6875, 9.375, 11.0625 ], "texture": "#texture" },
        "east":  { "uv": [ 5.0625, 6.6875, 9.375, 11.0625 ], "texture": "#texture" }
    }
},
{
    "from": [ 5, 6.75, 2 ],
    "to": [ 11, 9, 5 ],
    "faces": {
        "down":  { "uv": [ 5.125, 7.5625, 9.125, 9.5625 ], "texture": "#texture" },
        "up":    { "uv": [ 5.125, 7.5625, 9.125, 9.5625 ], "texture": "#texture" },
        "north": { "uv": [ 5.1875, 7.75, 9.1875, 9.25 ], "texture": "#texture" },
        "south": { "uv": [ 5.1875, 7.75, 9.1875, 9.25 ], "texture": "#texture" },
        "west":  { "uv": [ 5.25, 7.9375, 7.3125, 9.5 ], "texture": "#texture" },
        "east":  { "uv": [ 5.25, 7.9375, 7.3125, 9.5 ], "texture": "#texture" }
    }
},
{
    "from": [ 5, 13.5, 2 ],
    "to": [ 11, 19.5, 8 ],
    "faces": {
        "down":  { "uv": [ 5.4375, 6.5625, 9.5, 11 ], "texture": "#texture" },
        "up":    { "uv": [ 5.4375, 6.5625, 9.5, 11 ], "texture": "#texture" },
        "north": { "uv": [ 5.1875, 6.6875, 9.1875, 10.6875 ], "texture": "#texture" },
        "south": { "uv": [ 5.1875, 6.6875, 9.1875, 10.6875 ], "texture": "#texture" },
        "west":  { "uv": [ 5.0625, 6.625, 9.375, 11 ], "texture": "#texture" },
        "east":  { "uv": [ 5.0625, 6.625, 9.375, 11 ], "texture": "#texture" }
    }
},
{
    "from": [ 5, 19.5, 2 ],
    "to": [ 11, 20.25, 8 ],
    "faces": {
        "down":  { "uv": [ 5.125, 6.6875, 9.125, 10.6875 ], "texture": "#texture" },
        "up":    { "uv": [ 5.125, 6.6875, 9.125, 10.6875 ], "texture": "#texture" },
        "north": { "uv": [ 5.125, 7.75, 9.125, 8.25 ], "texture": "#texture" },
        "south": { "uv": [ 5.125, 7.75, 9.125, 8.25 ], "texture": "#texture" },
        "west":  { "uv": [ 5.125, 7.375, 9.125, 7.875 ], "texture": "#texture" },
        "east":  { "uv": [ 5.125, 7.375, 9.125, 7.875 ], "texture": "#texture" }
    }
},
{
    "from": [ -4, 20.625, 4.25 ],
    "to": [ 20, 22.875, 5.75 ],
    "faces": {
        "down":  { "uv": [ 0, 0, 8.1875, 1.0625 ], "texture": "#texture" },
        "up":    { "uv": [ 0, 0, 8.1875, 1.0625 ], "texture": "#texture" },
        "north": { "uv": [ 0, 0, 8.0625, 0.9375 ], "texture": "#texture" },
        "south": { "uv": [ 0, 0, 8.0625, 0.9375 ], "texture": "#texture" },
        "west":  { "uv": [ 0, 0, 8.0625, 0.9375 ], "texture": "#texture" },
        "east":  { "uv": [ 0, 0, 8.0625, 0.9375 ], "texture": "#texture" }
    }
},
{
    "from": [ 5, 20.25, 2 ],
    "to": [ 11, 26.25, 8 ],
    "faces": {
        "down":  { "uv": [ 5.25, 6.5625, 9.3125, 11 ], "texture": "#texture" },
        "up":    { "uv": [ 5.25, 6.5625, 9.3125, 11 ], "texture": "#texture" },
        "north": { "uv": [ 5.1875, 6.6875, 9.1875, 10.6875 ], "texture": "#texture" },
        "south": { "uv": [ 5.1875, 6.6875, 9.1875, 10.6875 ], "texture": "#texture" },
        "west":  { "uv": [ 5.0625, 6.6875, 9.375, 11.0625 ], "texture": "#texture" },
        "east":  { "uv": [ 5.0625, 6.6875, 9.375, 11.0625 ], "texture": "#texture" }
    }
},
{
    "from": [ 18.4063, 20.0625, 4.25 ],
    "to": [ 28.1563, 22.3125, 5.75 ],
    "rotation": { "origin": [ 18.4063, 22.3125, 4.25 ], "axis": "z", "angle": 45 },
    "faces": {
        "down":  { "uv": [ 0, 0, 5.125, 0.875 ], "texture": "#texture" },
        "up":    { "uv": [ 0, 0, 5.125, 0.875 ], "texture": "#texture" },
        "north": { "uv": [ 0, 0, 5.125, 0.875 ], "texture": "#texture" },
        "south": { "uv": [ 0, 0, 5.125, 0.875 ], "texture": "#texture" },
        "west":  { "uv": [ 0, 0, 5.0625, 0.9375 ], "texture": "#texture" },
        "east":  { "uv": [ 0, 0, 5.0625, 0.9375 ], "texture": "#texture" }
    }
},
{
    "from": [ -9.34375, 26.9063, 4.25 ],
    "to": [ 0.40625, 29.1563, 5.75 ],
    "rotation": { "origin": [ -9.34375, 29.1563, 4.25 ], "axis": "z", "angle": -45 },
    "faces": {
        "down":  { "uv": [ 0, 0, 5.125, 0.875 ], "texture": "#texture" },
        "up":    { "uv": [ 0, 0, 5.125, 0.875 ], "texture": "#texture" },
        "north": { "uv": [ 0, 0, 5.125, 0.875 ], "texture": "#texture" },
        "south": { "uv": [ 0, 0, 5.125, 0.875 ], "texture": "#texture" },
        "west":  { "uv": [ 0, 0, 5.0625, 0.9375 ], "texture": "#texture" },
        "east":  { "uv": [ 0, 0, 5.0625, 0.9375 ], "texture": "#texture" }
    }
},
{
    "from": [ -7.75, 18, 4.8125 ],
    "to": [ 2, 24.375, 5.1875 ],
    "rotation": { "origin": [ -7.75, 24.375, 4.8125 ], "axis": "z", "angle": -22.5 },
    "faces": {
        "down":  { "uv": [ 12.0625, 5.875, 15.8125, 9.1875 ], "texture": "#texture" },
        "up":    { "uv": [ 12.0625, 5.875, 15.8125, 9.1875 ], "texture": "#texture" },
        "north": { "uv": [ 11.8125, 5.9375, 15.9375, 9.4375 ], "texture": "#texture" },
        "south": { "uv": [ 11.8125, 5.9375, 15.9375, 9.4375 ], "texture": "#texture" },
        "west":  { "uv": [ 12.0625, 6.25, 15.875, 9.5625 ], "texture": "#texture" },
        "east":  { "uv": [ 12.0625, 6.25, 15.875, 9.5625 ], "texture": "#texture" }
    }
},
{
    "from": [ 14.75, 14.4375, 4.8125 ],
    "to": [ 24.5, 20.8125, 5.1875 ],
    "rotation": { "origin": [ 14.75, 20.8125, 4.8125 ], "axis": "z", "angle": 22.5 },
    "faces": {
        "down":  { "uv": [ 12.0625, 5.875, 15.8125, 9.1875 ], "texture": "#texture" },
        "up":    { "uv": [ 12.0625, 5.875, 15.8125, 9.1875 ], "texture": "#texture" },
        "north": { "uv": [ 11.8125, 5.9375, 15.9375, 9.4375 ], "texture": "#texture" },
        "south": { "uv": [ 11.8125, 5.9375, 15.9375, 9.4375 ], "texture": "#texture" },
        "west":  { "uv": [ 12.0625, 6.25, 15.875, 9.5625 ], "texture": "#texture" },
        "east":  { "uv": [ 12.0625, 6.25, 15.875, 9.5625 ], "texture": "#texture" }
    }
},
{
    "from": [ -13.75, 18.75, 4.8125 ],
    "to": [ -7.75, 24, 5.1875 ],
    "rotation": { "origin": [ -13.75, 24, 4.8125 ], "axis": "z", "angle": 45 },
    "faces": {
        "down":  { "uv": [ 12.0625, 5.875, 15.8125, 9.1875 ], "texture": "#texture" },
        "up":    { "uv": [ 12.0625, 5.875, 15.8125, 9.1875 ], "texture": "#texture" },
        "north": { "uv": [ 11.8125, 5.9375, 15.9375, 9.4375 ], "texture": "#texture" },
        "south": { "uv": [ 11.8125, 5.9375, 15.9375, 9.4375 ], "texture": "#texture" },
        "west":  { "uv": [ 12.0625, 6.25, 15.875, 9.5625 ], "texture": "#texture" },
        "east":  { "uv": [ 12.0625, 6.25, 15.875, 9.5625 ], "texture": "#texture" }
    }
},
{
    "from": [ -10.1875, 18.4688, 4.8125 ],
    "to": [ -8.96875, 21.375, 5.1875 ],
    "faces": {
        "down":  { "uv": [ 14.8125, 7, 15.625, 7.25 ], "texture": "#texture" },
        "up":    { "uv": [ 14.8125, 7, 15.625, 7.25 ], "texture": "#texture" },
        "north": { "uv": [ 13.6875, 5.3125, 14.5, 7.25 ], "texture": "#texture" },
        "south": { "uv": [ 13.6875, 5.3125, 14.5, 7.25 ], "texture": "#texture" },
        "west":  { "uv": [ 14.1875, 5.375, 14.4375, 7.3125 ], "texture": "#texture" },
        "east":  { "uv": [ 14.1875, 5.375, 14.4375, 7.3125 ], "texture": "#texture" }
    }
},
{
    "from": [ -2.5, 14.25, 4.8125 ],
    "to": [ 3.125, 16.125, 5.1875 ],
    "rotation": { "origin": [ -2.5, 16.125, 4.8125 ], "axis": "z", "angle": 45 },
    "faces": {
        "down":  { "uv": [ 12.0625, 8.3125, 15.9375, 9 ], "texture": "#texture" },
        "up":    { "uv": [ 12.0625, 8.3125, 15.9375, 9 ], "texture": "#texture" },
        "north": { "uv": [ 12.125, 5.875, 15.875, 7.125 ], "texture": "#texture" },
        "south": { "uv": [ 12.125, 5.875, 15.875, 7.125 ], "texture": "#texture" },
        "west":  { "uv": [ 14.25, 6.0625, 14.5, 7.3125 ], "texture": "#texture" },
        "east":  { "uv": [ 14.25, 6.0625, 14.5, 7.3125 ], "texture": "#texture" }
    }
},
{
    "from": [ -0.25, 17.625, 4.8125 ],
    "to": [ 5.375, 20.625, 5.1875 ],
    "rotation": { "origin": [ -0.25, 20.625, 4.8125 ], "axis": "z", "angle": 22.5 },
    "faces": {
        "down":  { "uv": [ 11.9375, 7.9375, 15.6875, 8.1875 ], "texture": "#texture" },
        "up":    { "uv": [ 11.9375, 7.9375, 15.6875, 8.1875 ], "texture": "#texture" },
        "north": { "uv": [ 12.25, 5.5625, 16, 7.5625 ], "texture": "#texture" },
        "south": { "uv": [ 12.25, 5.5625, 16, 7.5625 ], "texture": "#texture" },
        "west":  { "uv": [ 14.6875, 5.375, 14.9375, 7.375 ], "texture": "#texture" },
        "east":  { "uv": [ 14.6875, 5.375, 14.9375, 7.375 ], "texture": "#texture" }
    }
},
{
    "from": [ 25.4375, 23.25, 4.8125 ],
    "to": [ 31.4375, 28.5, 5.1875 ],
    "rotation": { "origin": [ 25.4375, 28.5, 4.8125 ], "axis": "z", "angle": -45 },
    "faces": {
        "down":  { "uv": [ 12.0625, 5.875, 15.8125, 9.1875 ], "texture": "#texture" },
        "up":    { "uv": [ 12.0625, 5.875, 15.8125, 9.1875 ], "texture": "#texture" },
        "north": { "uv": [ 11.8125, 5.9375, 15.9375, 9.4375 ], "texture": "#texture" },
        "south": { "uv": [ 11.8125, 5.9375, 15.9375, 9.4375 ], "texture": "#texture" },
        "west":  { "uv": [ 12.0625, 6.25, 15.875, 9.5625 ], "texture": "#texture" },
        "east":  { "uv": [ 12.0625, 6.25, 15.875, 9.5625 ], "texture": "#texture" }
    }
},
{
    "from": [ 11.0938, 19.875, 4.8125 ],
    "to": [ 16.7188, 22.875, 5.1875 ],
    "rotation": { "origin": [ 11.0938, 22.875, 4.8125 ], "axis": "z", "angle": -22.5 },
    "faces": {
        "down":  { "uv": [ 11.9375, 7.9375, 15.6875, 8.1875 ], "texture": "#texture" },
        "up":    { "uv": [ 11.9375, 7.9375, 15.6875, 8.1875 ], "texture": "#texture" },
        "north": { "uv": [ 12.25, 5.5625, 16, 7.5625 ], "texture": "#texture" },
        "south": { "uv": [ 12.25, 5.5625, 16, 7.5625 ], "texture": "#texture" },
        "west":  { "uv": [ 14.6875, 5.375, 14.9375, 7.375 ], "texture": "#texture" },
        "east":  { "uv": [ 14.6875, 5.375, 14.9375, 7.375 ], "texture": "#texture" }
    }
},
{
    "from": [ 5.75, 22.125, 8 ],
    "to": [ 10.25, 23.625, 14 ],
    "faces": {
        "down":  { "uv": [ 11.1875, 3.9375, 11.375, 4 ], "texture": "#texture" },
        "up":    { "uv": [ 11.1875, 3.9375, 11.375, 4 ], "texture": "#texture" },
        "north": { "uv": [ 11.1875, 3.8125, 11.25, 3.875 ], "texture": "#texture" },
        "south": { "uv": [ 11.1875, 3.8125, 11.25, 3.875 ], "texture": "#texture" },
        "west":  { "uv": [ 11.125, 3.875, 11.3125, 3.8125 ], "texture": "#texture" },
        "east":  { "uv": [ 11.125, 3.875, 11.3125, 3.8125 ], "texture": "#texture" }
    }
},
{
    "from": [ 5.75, 20.4375, 8 ],
    "to": [ 10.25, 21.9375, 14 ],
    "faces": {
        "down":  { "uv": [ 11.1875, 3.9375, 11.375, 4 ], "texture": "#texture" },
        "up":    { "uv": [ 11.1875, 3.9375, 11.375, 4 ], "texture": "#texture" },
        "north": { "uv": [ 11.1875, 3.8125, 11.25, 3.875 ], "texture": "#texture" },
        "south": { "uv": [ 11.1875, 3.8125, 11.25, 3.875 ], "texture": "#texture" },
        "west":  { "uv": [ 11.125, 3.875, 11.3125, 3.8125 ], "texture": "#texture" },
        "east":  { "uv": [ 11.125, 3.875, 11.3125, 3.8125 ], "texture": "#texture" }
    }
},
{
    "from": [ 5.75, 24.375, 7.625 ],
    "to": [ 6.875, 25.5, 8.75 ],
    "faces": {
        "down":  { "uv": [ 11.1875, 3.9375, 11.375, 4 ], "texture": "#texture" },
        "up":    { "uv": [ 11.1875, 3.9375, 11.375, 4 ], "texture": "#texture" },
        "north": { "uv": [ 11.1875, 3.8125, 11.25, 3.875 ], "texture": "#texture" },
        "south": { "uv": [ 11.1875, 3.8125, 11.25, 3.875 ], "texture": "#texture" },
        "west":  { "uv": [ 11.125, 3.875, 11.3125, 3.8125 ], "texture": "#texture" },
        "east":  { "uv": [ 11.125, 3.875, 11.3125, 3.8125 ], "texture": "#texture" }
    }
},
{
    "from": [ 9.125, 24.375, 7.625 ],
    "to": [ 10.25, 25.5, 8.75 ],
    "faces": {
        "down":  { "uv": [ 11.1875, 3.9375, 11.375, 4 ], "texture": "#texture" },
        "up":    { "uv": [ 11.1875, 3.9375, 11.375, 4 ], "texture": "#texture" },
        "north": { "uv": [ 11.1875, 3.8125, 11.25, 3.875 ], "texture": "#texture" },
        "south": { "uv": [ 11.1875, 3.8125, 11.25, 3.875 ], "texture": "#texture" },
        "west":  { "uv": [ 11.125, 3.875, 11.3125, 3.8125 ], "texture": "#texture" },
        "east":  { "uv": [ 11.125, 3.875, 11.3125, 3.8125 ], "texture": "#texture" }
    }
},
{
    "from": [ 6.875, 25.125, 7.625 ],
    "to": [ 8, 25.5, 8.75 ],
    "rotation": { "origin": [ 6.875, 25.5, 7.625 ], "axis": "z", "angle": -22.5 },
    "faces": {
        "down":  { "uv": [ 11.1875, 3.9375, 11.375, 4 ], "texture": "#texture" },
        "up":    { "uv": [ 11.1875, 3.9375, 11.375, 4 ], "texture": "#texture" },
        "north": { "uv": [ 11.1875, 3.8125, 11.25, 3.875 ], "texture": "#texture" },
        "south": { "uv": [ 11.1875, 3.8125, 11.25, 3.875 ], "texture": "#texture" },
        "west":  { "uv": [ 11.125, 3.875, 11.3125, 3.8125 ], "texture": "#texture" },
        "east":  { "uv": [ 11.125, 3.875, 11.3125, 3.8125 ], "texture": "#texture" }
    }
},
{
    "from": [ 8.09375, 24.705, 7.625 ],
    "to": [ 9.21875, 25.08, 8.75 ],
    "rotation": { "origin": [ 8.09375, 25.08, 7.625 ], "axis": "z", "angle": 22.5 },
    "faces": {
        "down":  { "uv": [ 11.1875, 3.9375, 11.375, 4 ], "texture": "#texture" },
        "up":    { "uv": [ 11.1875, 3.9375, 11.375, 4 ], "texture": "#texture" },
        "north": { "uv": [ 11.1875, 3.8125, 11.25, 3.875 ], "texture": "#texture" },
        "south": { "uv": [ 11.1875, 3.8125, 11.25, 3.875 ], "texture": "#texture" },
        "west":  { "uv": [ 11.125, 3.875, 11.3125, 3.8125 ], "texture": "#texture" },
        "east":  { "uv": [ 11.125, 3.875, 11.3125, 3.8125 ], "texture": "#texture" }
    }
},
{
    "from": [ 8.1875, 24.375, 7.625 ],
    "to": [ 9.3125, 25.125, 8.75 ],
    "faces": {
        "down":  { "uv": [ 11.1875, 3.9375, 11.375, 4 ], "texture": "#texture" },
        "up":    { "uv": [ 11.1875, 3.9375, 11.375, 4 ], "texture": "#texture" },
        "north": { "uv": [ 11.1875, 3.8125, 11.25, 3.875 ], "texture": "#texture" },
        "south": { "uv": [ 11.1875, 3.8125, 11.25, 3.875 ], "texture": "#texture" },
        "west":  { "uv": [ 11.125, 3.875, 11.3125, 3.8125 ], "texture": "#texture" },
        "east":  { "uv": [ 11.125, 3.875, 11.3125, 3.8125 ], "texture": "#texture" }
    }
},
{
    "from": [ 6.6875, 24.375, 7.625 ],
    "to": [ 7.8125, 25.125, 8.75 ],
    "faces": {
        "down":  { "uv": [ 11.1875, 3.9375, 11.375, 4 ], "texture": "#texture" },
        "up":    { "uv": [ 11.1875, 3.9375, 11.375, 4 ], "texture": "#texture" },
        "north": { "uv": [ 11.1875, 3.8125, 11.25, 3.875 ], "texture": "#texture" },
        "south": { "uv": [ 11.1875, 3.8125, 11.25, 3.875 ], "texture": "#texture" },
        "west":  { "uv": [ 11.125, 3.875, 11.3125, 3.8125 ], "texture": "#texture" },
        "east":  { "uv": [ 11.125, 3.875, 11.3125, 3.8125 ], "texture": "#texture" }
    }
},
{
    "from": [ 6.125, 25.6875, 2.75 ],
    "to": [ 7.0625, 27.75, 6.125 ],
    "faces": {
        "down":  { "uv": [ 11.1875, 3.9375, 11.375, 4 ], "texture": "#texture" },
        "up":    { "uv": [ 11.1875, 3.9375, 11.375, 4 ], "texture": "#texture" },
        "north": { "uv": [ 11.1875, 3.8125, 11.25, 3.875 ], "texture": "#texture" },
        "south": { "uv": [ 11.1875, 3.8125, 11.25, 3.875 ], "texture": "#texture" },
        "west":  { "uv": [ 11.125, 3.875, 11.3125, 3.8125 ], "texture": "#texture" },
        "east":  { "uv": [ 11.125, 3.875, 11.3125, 3.8125 ], "texture": "#texture" }
    }
},
{
    "from": [ 9.03125, 25.6875, 2.75 ],
    "to": [ 9.96875, 27.75, 6.125 ],
    "faces": {
        "down":  { "uv": [ 11.1875, 3.9375, 11.375, 4 ], "texture": "#texture" },
        "up":    { "uv": [ 11.1875, 3.9375, 11.375, 4 ], "texture": "#texture" },
        "north": { "uv": [ 11.1875, 3.8125, 11.25, 3.875 ], "texture": "#texture" },
        "south": { "uv": [ 11.1875, 3.8125, 11.25, 3.875 ], "texture": "#texture" },
        "west":  { "uv": [ 11.125, 3.875, 11.3125, 3.8125 ], "texture": "#texture" },
        "east":  { "uv": [ 11.125, 3.875, 11.3125, 3.8125 ], "texture": "#texture" }
    }
},
{
    "from": [ 5, 9, 2 ],
    "to": [ 11, 12.75, 8 ],
    "faces": {
        "down":  { "uv": [ 5.125, 6.9375, 9.125, 10.9375 ], "texture": "#texture" },
        "up":    { "uv": [ 5.125, 6.9375, 9.125, 10.9375 ], "texture": "#texture" },
        "north": { "uv": [ 5.1875, 6.8125, 9.1875, 9.3125 ], "texture": "#texture" },
        "south": { "uv": [ 5.1875, 6.8125, 9.1875, 9.3125 ], "texture": "#texture" },
        "west":  { "uv": [ 5.1875, 7.0625, 9.1875, 9.5625 ], "texture": "#texture" },
        "east":  { "uv": [ 5.1875, 7.0625, 9.1875, 9.5625 ], "texture": "#texture" }
    }
},
{
    "from": [ 5, 6.75, 5 ],
    "to": [ 11, 7.875, 8 ],
    "faces": {
        "down":  { "uv": [ 5.1875, 7.75, 9.1875, 9.75 ], "texture": "#texture" },
        "up":    { "uv": [ 5.1875, 7.75, 9.1875, 9.75 ], "texture": "#texture" },
        "north": { "uv": [ 5.125, 8.5625, 9.125, 9.3125 ], "texture": "#texture" },
        "south": { "uv": [ 5.125, 8.5625, 9.125, 9.3125 ], "texture": "#texture" },
        "west":  { "uv": [ 7.125, 8.375, 9.125, 9.125 ], "texture": "#texture" },
        "east":  { "uv": [ 7.125, 8.375, 9.125, 9.125 ], "texture": "#texture" }
    }
},
{
    "from": [ 5, 7.875, 5 ],
    "to": [ 6.125, 9, 8 ],
    "faces": {
        "down":  { "uv": [ 6.125, 8.125, 6.875, 10.125 ], "texture": "#texture" },
        "up":    { "uv": [ 6.125, 8.125, 6.875, 10.125 ], "texture": "#texture" },
        "north": { "uv": [ 6, 9.6875, 6.75, 10.4375 ], "texture": "#texture" },
        "south": { "uv": [ 6, 9.6875, 6.75, 10.4375 ], "texture": "#texture" },
        "west":  { "uv": [ 7.0625, 8.375, 9.0625, 9.125 ], "texture": "#texture" },
        "east":  { "uv": [ 7.0625, 8.375, 9.0625, 9.125 ], "texture": "#texture" }
    }
},
{
    "from": [ 9.875, 7.875, 5 ],
    "to": [ 11, 9, 8 ],
    "faces": {
        "down":  { "uv": [ 12.0625, 5.875, 15.8125, 9.1875 ], "texture": "#texture" },
        "up":    { "uv": [ 12.0625, 5.875, 15.8125, 9.1875 ], "texture": "#texture" },
        "north": { "uv": [ 11.8125, 5.9375, 15.9375, 9.4375 ], "texture": "#texture" },
        "south": { "uv": [ 11.8125, 5.9375, 15.9375, 9.4375 ], "texture": "#texture" },
        "west":  { "uv": [ 12.0625, 6.25, 15.875, 9.5625 ], "texture": "#texture" },
        "east":  { "uv": [ 12.0625, 6.25, 15.875, 9.5625 ], "texture": "#texture" }
    }
},
{
    "from": [ 6.5, 8.25, 7.0625 ],
    "to": [ 6.875, 9, 7.8125 ],
    "faces": {
        "down":  { "uv": [ 11.1875, 3.9375, 11.375, 4 ], "texture": "#texture" },
        "up":    { "uv": [ 11.1875, 3.9375, 11.375, 4 ], "texture": "#texture" },
        "north": { "uv": [ 11.1875, 3.8125, 11.25, 3.875 ], "texture": "#texture" },
        "south": { "uv": [ 11.1875, 3.8125, 11.25, 3.875 ], "texture": "#texture" },
        "west":  { "uv": [ 11.125, 3.875, 11.3125, 3.8125 ], "texture": "#texture" },
        "east":  { "uv": [ 11.125, 3.875, 11.3125, 3.8125 ], "texture": "#texture" }
    }
},
{
    "from": [ 7.25, 7.5, 7.0625 ],
    "to": [ 7.625, 8.25, 7.8125 ],
    "faces": {
        "down":  { "uv": [ 11.1875, 3.9375, 11.375, 4 ], "texture": "#texture" },
        "up":    { "uv": [ 11.1875, 3.9375, 11.375, 4 ], "texture": "#texture" },
        "north": { "uv": [ 11.1875, 3.8125, 11.25, 3.875 ], "texture": "#texture" },
        "south": { "uv": [ 11.1875, 3.8125, 11.25, 3.875 ], "texture": "#texture" },
        "west":  { "uv": [ 11.125, 3.875, 11.3125, 3.8125 ], "texture": "#texture" },
        "east":  { "uv": [ 11.125, 3.875, 11.3125, 3.8125 ], "texture": "#texture" }
    }
},
{
    "from": [ 8, 7.5, 7.0625 ],
    "to": [ 8.375, 8.25, 7.8125 ],
    "faces": {
        "down":  { "uv": [ 11.1875, 3.9375, 11.375, 4 ], "texture": "#texture" },
        "up":    { "uv": [ 11.1875, 3.9375, 11.375, 4 ], "texture": "#texture" },
        "north": { "uv": [ 11.1875, 3.8125, 11.25, 3.875 ], "texture": "#texture" },
        "south": { "uv": [ 11.1875, 3.8125, 11.25, 3.875 ], "texture": "#texture" },
        "west":  { "uv": [ 11.125, 3.875, 11.3125, 3.8125 ], "texture": "#texture" },
        "east":  { "uv": [ 11.125, 3.875, 11.3125, 3.8125 ], "texture": "#texture" }
    }
},
{
    "from": [ 7.25, 8.625, 7.0625 ],
    "to": [ 7.71875, 9.375, 7.8125 ],
    "faces": {
        "down":  { "uv": [ 11.1875, 3.9375, 11.375, 4 ], "texture": "#texture" },
        "up":    { "uv": [ 11.1875, 3.9375, 11.375, 4 ], "texture": "#texture" },
        "north": { "uv": [ 11.1875, 3.8125, 11.25, 3.875 ], "texture": "#texture" },
        "south": { "uv": [ 11.1875, 3.8125, 11.25, 3.875 ], "texture": "#texture" },
        "west":  { "uv": [ 11.125, 3.875, 11.3125, 3.8125 ], "texture": "#texture" },
        "east":  { "uv": [ 11.125, 3.875, 11.3125, 3.8125 ], "texture": "#texture" }
    }
},
{
    "from": [ 8.28125, 8.4375, 7.0625 ],
    "to": [ 8.65625, 9.1875, 7.8125 ],
    "faces": {
        "down":  { "uv": [ 11.1875, 3.9375, 11.375, 4 ], "texture": "#texture" },
        "up":    { "uv": [ 11.1875, 3.9375, 11.375, 4 ], "texture": "#texture" },
        "north": { "uv": [ 11.1875, 3.8125, 11.25, 3.875 ], "texture": "#texture" },
        "south": { "uv": [ 11.1875, 3.8125, 11.25, 3.875 ], "texture": "#texture" },
        "west":  { "uv": [ 11.125, 3.875, 11.3125, 3.8125 ], "texture": "#texture" },
        "east":  { "uv": [ 11.125, 3.875, 11.3125, 3.8125 ], "texture": "#texture" }
    }
},
{
    "from": [ 9.5, 7.875, 7.0625 ],
    "to": [ 9.875, 8.625, 7.8125 ],
    "faces": {
        "down":  { "uv": [ 11.1875, 3.9375, 11.375, 4 ], "texture": "#texture" },
        "up":    { "uv": [ 11.1875, 3.9375, 11.375, 4 ], "texture": "#texture" },
        "north": { "uv": [ 11.1875, 3.8125, 11.25, 3.875 ], "texture": "#texture" },
        "south": { "uv": [ 11.1875, 3.8125, 11.25, 3.875 ], "texture": "#texture" },
        "west":  { "uv": [ 11.125, 3.875, 11.3125, 3.8125 ], "texture": "#texture" },
        "east":  { "uv": [ 11.125, 3.875, 11.3125, 3.8125 ], "texture": "#texture" }
    }
},
{
    "from": [ 8.75, 7.3125, 7.0625 ],
    "to": [ 9.125, 8.0625, 7.8125 ],
    "faces": {
        "down":  { "uv": [ 11.1875, 3.9375, 11.375, 4 ], "texture": "#texture" },
        "up":    { "uv": [ 11.1875, 3.9375, 11.375, 4 ], "texture": "#texture" },
        "north": { "uv": [ 11.1875, 3.8125, 11.25, 3.875 ], "texture": "#texture" },
        "south": { "uv": [ 11.1875, 3.8125, 11.25, 3.875 ], "texture": "#texture" },
        "west":  { "uv": [ 11.125, 3.875, 11.3125, 3.8125 ], "texture": "#texture" },
        "east":  { "uv": [ 11.125, 3.875, 11.3125, 3.8125 ], "texture": "#texture" }
    }
},
{
    "from": [ 6.3125, 7.3125, 7.0625 ],
    "to": [ 6.6875, 8.0625, 7.8125 ],
    "faces": {
        "down":  { "uv": [ 11.1875, 3.9375, 11.375, 4 ], "texture": "#texture" },
        "up":    { "uv": [ 11.1875, 3.9375, 11.375, 4 ], "texture": "#texture" },
        "north": { "uv": [ 11.1875, 3.8125, 11.25, 3.875 ], "texture": "#texture" },
        "south": { "uv": [ 11.1875, 3.8125, 11.25, 3.875 ], "texture": "#texture" },
        "west":  { "uv": [ 11.125, 3.875, 11.3125, 3.8125 ], "texture": "#texture" },
        "east":  { "uv": [ 11.125, 3.875, 11.3125, 3.8125 ], "texture": "#texture" }
    }
},
{
    "from": [ 8.9375, 8.4375, 7.0625 ],
    "to": [ 9.3125, 9.1875, 7.8125 ],
    "faces": {
        "down":  { "uv": [ 11.1875, 3.9375, 11.375, 4 ], "texture": "#texture" },
        "up":    { "uv": [ 11.1875, 3.9375, 11.375, 4 ], "texture": "#texture" },
        "north": { "uv": [ 11.1875, 3.8125, 11.25, 3.875 ], "texture": "#texture" },
        "south": { "uv": [ 11.1875, 3.8125, 11.25, 3.875 ], "texture": "#texture" },
        "west":  { "uv": [ 11.125, 3.875, 11.3125, 3.8125 ], "texture": "#texture" },
        "east":  { "uv": [ 11.125, 3.875, 11.3125, 3.8125 ], "texture": "#texture" }
    }
},
{
    "from": [ 1.25, 5.625, 6.5 ],
    "to": [ 7.625, 6.375, 7.625 ],
    "rotation": { "origin": [ 1.25, 6.375, 6.5 ], "axis": "z", "angle": -45 },
    "faces": {
        "down":  { "uv": [ 11.1875, 3.9375, 11.375, 4 ], "texture": "#texture" },
        "up":    { "uv": [ 11.1875, 3.9375, 11.375, 4 ], "texture": "#texture" },
        "north": { "uv": [ 11.1875, 3.8125, 11.25, 3.875 ], "texture": "#texture" },
        "south": { "uv": [ 11.1875, 3.8125, 11.25, 3.875 ], "texture": "#texture" },
        "west":  { "uv": [ 11.125, 3.875, 11.3125, 3.8125 ], "texture": "#texture" },
        "east":  { "uv": [ 11.125, 3.875, 11.3125, 3.8125 ], "texture": "#texture" }
    }
},
{
    "from": [ 1.25, 5.625, 4.625 ],
    "to": [ 7.625, 6.375, 5.75 ],
    "rotation": { "origin": [ 1.25, 6.375, 4.625 ], "axis": "z", "angle": -45 },
    "faces": {
        "down":  { "uv": [ 11.1875, 3.9375, 11.375, 4 ], "texture": "#texture" },
        "up":    { "uv": [ 11.1875, 3.9375, 11.375, 4 ], "texture": "#texture" },
        "north": { "uv": [ 11.1875, 3.8125, 11.25, 3.875 ], "texture": "#texture" },
        "south": { "uv": [ 11.1875, 3.8125, 11.25, 3.875 ], "texture": "#texture" },
        "west":  { "uv": [ 11.125, 3.875, 11.3125, 3.8125 ], "texture": "#texture" },
        "east":  { "uv": [ 11.125, 3.875, 11.3125, 3.8125 ], "texture": "#texture" }
    }
},
{
    "from": [ 1.25, 5.625, 2.375 ],
    "to": [ 7.625, 6.375, 3.5 ],
    "rotation": { "origin": [ 1.25, 6.375, 2.375 ], "axis": "z", "angle": -45 },
    "faces": {
        "down":  { "uv": [ 11.1875, 3.9375, 11.375, 4 ], "texture": "#texture" },
        "up":    { "uv": [ 11.1875, 3.9375, 11.375, 4 ], "texture": "#texture" },
        "north": { "uv": [ 11.1875, 3.8125, 11.25, 3.875 ], "texture": "#texture" },
        "south": { "uv": [ 11.1875, 3.8125, 11.25, 3.875 ], "texture": "#texture" },
        "west":  { "uv": [ 11.125, 3.875, 11.3125, 3.8125 ], "texture": "#texture" },
        "east":  { "uv": [ 11.125, 3.875, 11.3125, 3.8125 ], "texture": "#texture" }
    }
},
{
    "from": [ -3.25, 1.125, 4.625 ],
    "to": [ 3.125, 1.875, 5.75 ],
    "rotation": { "origin": [ -3.25, 1.875, 4.625 ], "axis": "z", "angle": 45 },
    "faces": {
        "down":  { "uv": [ 11.1875, 3.9375, 11.375, 4 ], "texture": "#texture" },
        "up":    { "uv": [ 11.1875, 3.9375, 11.375, 4 ], "texture": "#texture" },
        "north": { "uv": [ 11.1875, 3.8125, 11.25, 3.875 ], "texture": "#texture" },
        "south": { "uv": [ 11.1875, 3.8125, 11.25, 3.875 ], "texture": "#texture" },
        "west":  { "uv": [ 11.125, 3.875, 11.3125, 3.8125 ], "texture": "#texture" },
        "east":  { "uv": [ 11.125, 3.875, 11.3125, 3.8125 ], "texture": "#texture" }
    }
},
{
    "from": [ -3.25, 1.125, 6.5 ],
    "to": [ 3.125, 1.875, 7.625 ],
    "rotation": { "origin": [ -3.25, 1.875, 6.5 ], "axis": "z", "angle": 45 },
    "faces": {
        "down":  { "uv": [ 11.1875, 3.9375, 11.375, 4 ], "texture": "#texture" },
        "up":    { "uv": [ 11.1875, 3.9375, 11.375, 4 ], "texture": "#texture" },
        "north": { "uv": [ 11.1875, 3.8125, 11.25, 3.875 ], "texture": "#texture" },
        "south": { "uv": [ 11.1875, 3.8125, 11.25, 3.875 ], "texture": "#texture" },
        "west":  { "uv": [ 11.125, 3.875, 11.3125, 3.8125 ], "texture": "#texture" },
        "east":  { "uv": [ 11.125, 3.875, 11.3125, 3.8125 ], "texture": "#texture" }
    }
},
{
    "from": [ -3.25, 1.125, 2.375 ],
    "to": [ 3.125, 1.875, 3.5 ],
    "rotation": { "origin": [ -3.25, 1.875, 2.375 ], "axis": "z", "angle": 45 },
    "faces": {
        "down":  { "uv": [ 11.1875, 3.9375, 11.375, 4 ], "texture": "#texture" },
        "up":    { "uv": [ 11.1875, 3.9375, 11.375, 4 ], "texture": "#texture" },
        "north": { "uv": [ 11.1875, 3.8125, 11.25, 3.875 ], "texture": "#texture" },
        "south": { "uv": [ 11.1875, 3.8125, 11.25, 3.875 ], "texture": "#texture" },
        "west":  { "uv": [ 11.125, 3.875, 11.3125, 3.8125 ], "texture": "#texture" },
        "east":  { "uv": [ 11.125, 3.875, 11.3125, 3.8125 ], "texture": "#texture" }
    }
},
{
    "from": [ 10.625, 1.125, 6.5 ],
    "to": [ 17, 1.875, 7.625 ],
    "rotation": { "origin": [ 10.625, 1.875, 6.5 ], "axis": "z", "angle": 45 },
    "faces": {
        "down":  { "uv": [ 11.1875, 3.9375, 11.375, 4 ], "texture": "#texture" },
        "up":    { "uv": [ 11.1875, 3.9375, 11.375, 4 ], "texture": "#texture" },
        "north": { "uv": [ 11.1875, 3.8125, 11.25, 3.875 ], "texture": "#texture" },
        "south": { "uv": [ 11.1875, 3.8125, 11.25, 3.875 ], "texture": "#texture" },
        "west":  { "uv": [ 11.125, 3.875, 11.3125, 3.8125 ], "texture": "#texture" },
        "east":  { "uv": [ 11.125, 3.875, 11.3125, 3.8125 ], "texture": "#texture" }
    }
},
{
    "from": [ 10.625, 1.125, 4.625 ],
    "to": [ 17, 1.875, 5.75 ],
    "rotation": { "origin": [ 10.625, 1.875, 4.625 ], "axis": "z", "angle": 45 },
    "faces": {
        "down":  { "uv": [ 11.1875, 3.9375, 11.375, 4 ], "texture": "#texture" },
        "up":    { "uv": [ 11.1875, 3.9375, 11.375, 4 ], "texture": "#texture" },
        "north": { "uv": [ 11.1875, 3.8125, 11.25, 3.875 ], "texture": "#texture" },
        "south": { "uv": [ 11.1875, 3.8125, 11.25, 3.875 ], "texture": "#texture" },
        "west":  { "uv": [ 11.125, 3.875, 11.3125, 3.8125 ], "texture": "#texture" },
        "east":  { "uv": [ 11.125, 3.875, 11.3125, 3.8125 ], "texture": "#texture" }
    }
},
{
    "from": [ 10.625, 1.125, 2.375 ],
    "to": [ 17, 1.875, 3.5 ],
    "rotation": { "origin": [ 10.625, 1.875, 2.375 ], "axis": "z", "angle": 45 },
    "faces": {
        "down":  { "uv": [ 11.1875, 3.9375, 11.375, 4 ], "texture": "#texture" },
        "up":    { "uv": [ 11.1875, 3.9375, 11.375, 4 ], "texture": "#texture" },
        "north": { "uv": [ 11.1875, 3.8125, 11.25, 3.875 ], "texture": "#texture" },
        "south": { "uv": [ 11.1875, 3.8125, 11.25, 3.875 ], "texture": "#texture" },
        "west":  { "uv": [ 11.125, 3.875, 11.3125, 3.8125 ], "texture": "#texture" },
        "east":  { "uv": [ 11.125, 3.875, 11.3125, 3.8125 ], "texture": "#texture" }
    }
},
{
    "from": [ 15.125, 5.625, 4.625 ],
    "to": [ 21.5, 6.375, 5.75 ],
    "rotation": { "origin": [ 15.125, 6.375, 4.625 ], "axis": "z", "angle": -45 },
    "faces": {
        "down":  { "uv": [ 11.1875, 3.9375, 11.375, 4 ], "texture": "#texture" },
        "up":    { "uv": [ 11.1875, 3.9375, 11.375, 4 ], "texture": "#texture" },
        "north": { "uv": [ 11.1875, 3.8125, 11.25, 3.875 ], "texture": "#texture" },
        "south": { "uv": [ 11.1875, 3.8125, 11.25, 3.875 ], "texture": "#texture" },
        "west":  { "uv": [ 11.125, 3.875, 11.3125, 3.8125 ], "texture": "#texture" },
        "east":  { "uv": [ 11.125, 3.875, 11.3125, 3.8125 ], "texture": "#texture" }
    }
},
{
    "from": [ 15.125, 5.625, 6.5 ],
    "to": [ 21.5, 6.375, 7.625 ],
    "rotation": { "origin": [ 15.125, 6.375, 6.5 ], "axis": "z", "angle": -45 },
    "faces": {
        "down":  { "uv": [ 11.1875, 3.9375, 11.375, 4 ], "texture": "#texture" },
        "up":    { "uv": [ 11.1875, 3.9375, 11.375, 4 ], "texture": "#texture" },
        "north": { "uv": [ 11.1875, 3.8125, 11.25, 3.875 ], "texture": "#texture" },
        "south": { "uv": [ 11.1875, 3.8125, 11.25, 3.875 ], "texture": "#texture" },
        "west":  { "uv": [ 11.125, 3.875, 11.3125, 3.8125 ], "texture": "#texture" },
        "east":  { "uv": [ 11.125, 3.875, 11.3125, 3.8125 ], "texture": "#texture" }
    }
},
{
    "from": [ 15.125, 5.625, 2.375 ],
    "to": [ 21.5, 6.375, 3.5 ],
    "rotation": { "origin": [ 15.125, 6.375, 2.375 ], "axis": "z", "angle": -45 },
    "faces": {
        "down":  { "uv": [ 11.1875, 3.9375, 11.375, 4 ], "texture": "#texture" },
        "up":    { "uv": [ 11.1875, 3.9375, 11.375, 4 ], "texture": "#texture" },
        "north": { "uv": [ 11.1875, 3.8125, 11.25, 3.875 ], "texture": "#texture" },
        "south": { "uv": [ 11.1875, 3.8125, 11.25, 3.875 ], "texture": "#texture" },
        "west":  { "uv": [ 11.125, 3.875, 11.3125, 3.8125 ], "texture": "#texture" },
        "east":  { "uv": [ 11.125, 3.875, 11.3125, 3.8125 ], "texture": "#texture" }
    }
},
{
    "from": [ 6.5, 1.875, 6.875 ],
    "to": [ 9.5, 3.375, 8.375 ],
    "faces": {
        "down":  { "uv": [ 11.1875, 3.9375, 11.375, 4 ], "texture": "#texture" },
        "up":    { "uv": [ 11.1875, 3.9375, 11.375, 4 ], "texture": "#texture" },
        "north": { "uv": [ 11.1875, 3.8125, 11.25, 3.875 ], "texture": "#texture" },
        "south": { "uv": [ 11.1875, 3.8125, 11.25, 3.875 ], "texture": "#texture" },
        "west":  { "uv": [ 11.125, 3.875, 11.3125, 3.8125 ], "texture": "#texture" },
        "east":  { "uv": [ 11.125, 3.875, 11.3125, 3.8125 ], "texture": "#texture" }
    }
},
{
    "from": [ 5.09375, 2.625, 6.875 ],
    "to": [ 5.84375, 4.125, 8.375 ],
    "faces": {
        "down":  { "uv": [ 11.1875, 3.9375, 11.375, 4 ], "texture": "#texture" },
        "up":    { "uv": [ 11.1875, 3.9375, 11.375, 4 ], "texture": "#texture" },
        "north": { "uv": [ 11.1875, 3.8125, 11.25, 3.875 ], "texture": "#texture" },
        "south": { "uv": [ 11.1875, 3.8125, 11.25, 3.875 ], "texture": "#texture" },
        "west":  { "uv": [ 11.125, 3.875, 11.3125, 3.8125 ], "texture": "#texture" },
        "east":  { "uv": [ 11.125, 3.875, 11.3125, 3.8125 ], "texture": "#texture" }
    }
},
{
    "from": [ 10.1563, 2.625, 6.875 ],
    "to": [ 10.9063, 4.125, 8.375 ],
    "faces": {
        "down":  { "uv": [ 11.1875, 3.9375, 11.375, 4 ], "texture": "#texture" },
        "up":    { "uv": [ 11.1875, 3.9375, 11.375, 4 ], "texture": "#texture" },
        "north": { "uv": [ 11.1875, 3.8125, 11.25, 3.875 ], "texture": "#texture" },
        "south": { "uv": [ 11.1875, 3.8125, 11.25, 3.875 ], "texture": "#texture" },
        "west":  { "uv": [ 11.125, 3.875, 11.3125, 3.8125 ], "texture": "#texture" },
        "east":  { "uv": [ 11.125, 3.875, 11.3125, 3.8125 ], "texture": "#texture" }
    }
},
{
    "from": [ 5.84375, 4.875, 6.875 ],
    "to": [ 6.59375, 5.625, 8.375 ],
    "faces": {
        "down":  { "uv": [ 11.1875, 3.9375, 11.375, 4 ], "texture": "#texture" },
        "up":    { "uv": [ 11.1875, 3.9375, 11.375, 4 ], "texture": "#texture" },
        "north": { "uv": [ 11.1875, 3.8125, 11.25, 3.875 ], "texture": "#texture" },
        "south": { "uv": [ 11.1875, 3.8125, 11.25, 3.875 ], "texture": "#texture" },
        "west":  { "uv": [ 11.125, 3.875, 11.3125, 3.8125 ], "texture": "#texture" },
        "east":  { "uv": [ 11.125, 3.875, 11.3125, 3.8125 ], "texture": "#texture" }
    }
},
{
    "from": [ 6.59375, 4.125, 6.875 ],
    "to": [ 7.34375, 4.875, 8.375 ],
    "faces": {
        "down":  { "uv": [ 11.1875, 3.9375, 11.375, 4 ], "texture": "#texture" },
        "up":    { "uv": [ 11.1875, 3.9375, 11.375, 4 ], "texture": "#texture" },
        "north": { "uv": [ 11.1875, 3.8125, 11.25, 3.875 ], "texture": "#texture" },
        "south": { "uv": [ 11.1875, 3.8125, 11.25, 3.875 ], "texture": "#texture" },
        "west":  { "uv": [ 11.125, 3.875, 11.3125, 3.8125 ], "texture": "#texture" },
        "east":  { "uv": [ 11.125, 3.875, 11.3125, 3.8125 ], "texture": "#texture" }
    }
},
{
    "from": [ 8.65625, 4.125, 6.875 ],
    "to": [ 9.40625, 4.875, 8.375 ],
    "faces": {
        "down":  { "uv": [ 11.1875, 3.9375, 11.375, 4 ], "texture": "#texture" },
        "up":    { "uv": [ 11.1875, 3.9375, 11.375, 4 ], "texture": "#texture" },
        "north": { "uv": [ 11.1875, 3.8125, 11.25, 3.875 ], "texture": "#texture" },
        "south": { "uv": [ 11.1875, 3.8125, 11.25, 3.875 ], "texture": "#texture" },
        "west":  { "uv": [ 11.125, 3.875, 11.3125, 3.8125 ], "texture": "#texture" },
        "east":  { "uv": [ 11.125, 3.875, 11.3125, 3.8125 ], "texture": "#texture" }
    }
},
{
    "from": [ 9.40625, 4.875, 6.875 ],
    "to": [ 10.1563, 5.625, 8.375 ],
    "faces": {
        "down":  { "uv": [ 11.1875, 3.9375, 11.375, 4 ], "texture": "#texture" },
        "up":    { "uv": [ 11.1875, 3.9375, 11.375, 4 ], "texture": "#texture" },
        "north": { "uv": [ 11.1875, 3.8125, 11.25, 3.875 ], "texture": "#texture" },
        "south": { "uv": [ 11.1875, 3.8125, 11.25, 3.875 ], "texture": "#texture" },
        "west":  { "uv": [ 11.125, 3.875, 11.3125, 3.8125 ], "texture": "#texture" },
        "east":  { "uv": [ 11.125, 3.875, 11.3125, 3.8125 ], "texture": "#texture" }
    }
},
{
    "from": [ 6.5, 15, 6.875 ],
    "to": [ 9.5, 16.5, 8.375 ],
    "faces": {
        "down":  { "uv": [ 11.1875, 3.9375, 11.375, 4 ], "texture": "#texture" },
        "up":    { "uv": [ 11.1875, 3.9375, 11.375, 4 ], "texture": "#texture" },
        "north": { "uv": [ 11.1875, 3.8125, 11.25, 3.875 ], "texture": "#texture" },
        "south": { "uv": [ 11.1875, 3.8125, 11.25, 3.875 ], "texture": "#texture" },
        "west":  { "uv": [ 11.125, 3.875, 11.3125, 3.8125 ], "texture": "#texture" },
        "east":  { "uv": [ 11.125, 3.875, 11.3125, 3.8125 ], "texture": "#texture" }
    }
},
{
    "from": [ 6.5, 14.25, 6.875 ],
    "to": [ 7.25, 15, 8.375 ],
    "faces": {
        "down":  { "uv": [ 11.1875, 3.9375, 11.375, 4 ], "texture": "#texture" },
        "up":    { "uv": [ 11.1875, 3.9375, 11.375, 4 ], "texture": "#texture" },
        "north": { "uv": [ 11.1875, 3.8125, 11.25, 3.875 ], "texture": "#texture" },
        "south": { "uv": [ 11.1875, 3.8125, 11.25, 3.875 ], "texture": "#texture" },
        "west":  { "uv": [ 11.125, 3.875, 11.3125, 3.8125 ], "texture": "#texture" },
        "east":  { "uv": [ 11.125, 3.875, 11.3125, 3.8125 ], "texture": "#texture" }
    }
},
{
    "from": [ 8.75, 14.25, 6.875 ],
    "to": [ 9.5, 15, 8.375 ],
    "faces": {
        "down":  { "uv": [ 11.1875, 3.9375, 11.375, 4 ], "texture": "#texture" },
        "up":    { "uv": [ 11.1875, 3.9375, 11.375, 4 ], "texture": "#texture" },
        "north": { "uv": [ 11.1875, 3.8125, 11.25, 3.875 ], "texture": "#texture" },
        "south": { "uv": [ 11.1875, 3.8125, 11.25, 3.875 ], "texture": "#texture" },
        "west":  { "uv": [ 11.125, 3.875, 11.3125, 3.8125 ], "texture": "#texture" },
        "east":  { "uv": [ 11.125, 3.875, 11.3125, 3.8125 ], "texture": "#texture" }
    }
},
{
    "from": [ 7.25, 16.5, 6.875 ],
    "to": [ 8.75, 17.25, 8.375 ],
    "faces": {
        "down":  { "uv": [ 11.1875, 3.9375, 11.375, 4 ], "texture": "#texture" },
        "up":    { "uv": [ 11.1875, 3.9375, 11.375, 4 ], "texture": "#texture" },
        "north": { "uv": [ 11.1875, 3.8125, 11.25, 3.875 ], "texture": "#texture" },
        "south": { "uv": [ 11.1875, 3.8125, 11.25, 3.875 ], "texture": "#texture" },
        "west":  { "uv": [ 11.125, 3.875, 11.3125, 3.8125 ], "texture": "#texture" },
        "east":  { "uv": [ 11.125, 3.875, 11.3125, 3.8125 ], "texture": "#texture" }
    }
},
{
    "from": [ 5.75, 17.25, 6.875 ],
    "to": [ 7.25, 18.75, 8.375 ],
    "faces": {
        "down":  { "uv": [ 11.1875, 3.9375, 11.375, 4 ], "texture": "#texture" },
        "up":    { "uv": [ 11.1875, 3.9375, 11.375, 4 ], "texture": "#texture" },
        "north": { "uv": [ 11.1875, 3.8125, 11.25, 3.875 ], "texture": "#texture" },
        "south": { "uv": [ 11.1875, 3.8125, 11.25, 3.875 ], "texture": "#texture" },
        "west":  { "uv": [ 11.125, 3.875, 11.3125, 3.8125 ], "texture": "#texture" },
        "east":  { "uv": [ 11.125, 3.875, 11.3125, 3.8125 ], "texture": "#texture" }
    }
},
{
    "from": [ 8.75, 17.25, 6.875 ],
    "to": [ 10.25, 18.75, 8.375 ],
    "faces": {
        "down":  { "uv": [ 11.1875, 3.9375, 11.375, 4 ], "texture": "#texture" },
        "up":    { "uv": [ 11.1875, 3.9375, 11.375, 4 ], "texture": "#texture" },
        "north": { "uv": [ 11.1875, 3.8125, 11.25, 3.875 ], "texture": "#texture" },
        "south": { "uv": [ 11.1875, 3.8125, 11.25, 3.875 ], "texture": "#texture" },
        "west":  { "uv": [ 11.125, 3.875, 11.3125, 3.8125 ], "texture": "#texture" },
        "east":  { "uv": [ 11.125, 3.875, 11.3125, 3.8125 ], "texture": "#texture" }
    }
},
{
    "from": [ 5.75, 9.75, 6.875 ],
    "to": [ 7.25, 10.5, 8.375 ],
    "faces": {
        "down":  { "uv": [ 11.1875, 3.9375, 11.375, 4 ], "texture": "#texture" },
        "up":    { "uv": [ 11.1875, 3.9375, 11.375, 4 ], "texture": "#texture" },
        "north": { "uv": [ 11.1875, 3.8125, 11.25, 3.875 ], "texture": "#texture" },
        "south": { "uv": [ 11.1875, 3.8125, 11.25, 3.875 ], "texture": "#texture" },
        "west":  { "uv": [ 11.125, 3.875, 11.3125, 3.8125 ], "texture": "#texture" },
        "east":  { "uv": [ 11.125, 3.875, 11.3125, 3.8125 ], "texture": "#texture" }
    }
},
{
    "from": [ 8.75, 9.75, 6.875 ],
    "to": [ 10.25, 10.5, 8.375 ],
    "faces": {
        "down":  { "uv": [ 11.1875, 3.9375, 11.375, 4 ], "texture": "#texture" },
        "up":    { "uv": [ 11.1875, 3.9375, 11.375, 4 ], "texture": "#texture" },
        "north": { "uv": [ 11.1875, 3.8125, 11.25, 3.875 ], "texture": "#texture" },
        "south": { "uv": [ 11.1875, 3.8125, 11.25, 3.875 ], "texture": "#texture" },
        "west":  { "uv": [ 11.125, 3.875, 11.3125, 3.8125 ], "texture": "#texture" },
        "east":  { "uv": [ 11.125, 3.875, 11.3125, 3.8125 ], "texture": "#texture" }
    }
},
{
    "from": [ 5, 12.75, 2 ],
    "to": [ 11, 13.5, 8 ],
    "faces": {
        "down":  { "uv": [ 5.125, 6.6875, 9.125, 10.6875 ], "texture": "#texture" },
        "up":    { "uv": [ 5.125, 6.6875, 9.125, 10.6875 ], "texture": "#texture" },
        "north": { "uv": [ 5.125, 7.75, 9.125, 8.25 ], "texture": "#texture" },
        "south": { "uv": [ 5.125, 7.75, 9.125, 8.25 ], "texture": "#texture" },
        "west":  { "uv": [ 5.125, 7.375, 9.125, 7.875 ], "texture": "#texture" },
        "east":  { "uv": [ 5.125, 7.375, 9.125, 7.875 ], "texture": "#texture" }
    }
},
{
    "from": [ 5, 6, 2 ],
    "to": [ 11, 6.75, 8 ],
    "faces": {
        "down":  { "uv": [ 5.125, 6.6875, 9.125, 10.6875 ], "texture": "#texture" },
        "up":    { "uv": [ 5.125, 6.6875, 9.125, 10.6875 ], "texture": "#texture" },
        "north": { "uv": [ 5.125, 7.75, 9.125, 8.25 ], "texture": "#texture" },
        "south": { "uv": [ 5.125, 7.75, 9.125, 8.25 ], "texture": "#texture" },
        "west":  { "uv": [ 5.125, 7.375, 9.125, 7.875 ], "texture": "#texture" },
        "east":  { "uv": [ 5.125, 7.375, 9.125, 7.875 ], "texture": "#texture" }
    }
},
{
    "from": [ 14.4688, 18.375, 4.8125 ],
    "to": [ 20.0938, 20.25, 5.1875 ],
    "rotation": { "origin": [ 14.4688, 20.25, 4.8125 ], "axis": "z", "angle": -45 },
    "faces": {
        "down":  { "uv": [ 12.0625, 8.3125, 15.9375, 9 ], "texture": "#texture" },
        "up":    { "uv": [ 12.0625, 8.3125, 15.9375, 9 ], "texture": "#texture" },
        "north": { "uv": [ 12.125, 5.875, 15.875, 7.125 ], "texture": "#texture" },
        "south": { "uv": [ 12.125, 5.875, 15.875, 7.125 ], "texture": "#texture" },
        "west":  { "uv": [ 14.25, 6.0625, 14.5, 7.3125 ], "texture": "#texture" },
        "east":  { "uv": [ 14.25, 6.0625, 14.5, 7.3125 ], "texture": "#texture" }
    }
},
{
    "from": [ 24.9688, 18.6563, 4.8125 ],
    "to": [ 26.1875, 21.5625, 5.1875 ],
    "faces": {
        "down":  { "uv": [ 14.8125, 7, 15.625, 7.25 ], "texture": "#texture" },
        "up":    { "uv": [ 14.8125, 7, 15.625, 7.25 ], "texture": "#texture" },
        "north": { "uv": [ 13.6875, 5.3125, 14.5, 7.25 ], "texture": "#texture" },
        "south": { "uv": [ 13.6875, 5.3125, 14.5, 7.25 ], "texture": "#texture" },
        "west":  { "uv": [ 14.1875, 5.375, 14.4375, 7.3125 ], "texture": "#texture" },
        "east":  { "uv": [ 14.1875, 5.375, 14.4375, 7.3125 ], "texture": "#texture" }
    }
}
],
"display": {
    "head": {
        "rotation": [ 0, 0, 0 ],
        "translation": [ 0, -12.66, 11.91 ],
        "scale": [ 4, 4, 4 ]
    }
}
}