{
    "parent": "item/wynn/dagger_water_2",
    "display": {
		"firstperson_righthand": {
            "rotation": [ 45, -90, 0 ],
            "translation": [ -1.5, 7, 0 ],
            "scale": [ 0.8, 0.8, 0.8 ]
		},
        "thirdperson_righthand": {
            "rotation": [ 90, -90, 0 ],
            "translation": [ -1.5, 8.4, 1.5 ],
            "scale": [ 1.3, 1.3, 1.3 ]
		},
		"gui": {
			"rotation": [ 0, 180, -45 ],
			"translation": [ 2, 2, 0 ],
			"scale": [ 1.2, 1.2, 1.2 ]
		}
    }
}