{
    "parent": "item/wynn/wand_earth_3",
    "display": {
		"firstperson_righthand": {
            "rotation": [ 20, 0, 15 ],
            "translation": [ 0, 3.5, 1.5 ],
            "scale": [ 0.6, 0.6, 0.6 ]
		},
        "thirdperson_righthand": {
            "rotation": [ -90, -90, -100 ],
            "translation": [ -0.2, 3, 2.5 ],
            "scale": [ 0.9, 0.9, 0.9 ]
		},
		"gui": {
			"rotation": [ 45, 25, -45 ],
			"translation": [ 0, 0, 0 ],
			"scale": [ 0.7, 0.7, 0.7 ]
		},
        "ground": {
            "rotation": [ 0, 0, 0 ],
            "translation": [ 0, 4, 0 ],
            "scale": [ 0.5, 0.5, 0.5 ]
        }
    }
}
