{
    "parent": "item/wynn/dagger_air_3",
    "display": {
		"firstperson_righthand": {
            "rotation": [ 45, -90, 0 ],
            "translation": [ 2, 4, 0 ],
            "scale": [ 0.8, 0.8, 0.8 ]
		},
        "thirdperson_righthand": {
            "rotation": [ 90, -90, 0 ],
            "translation": [ -1.5, 5, 2.5 ],
            "scale": [ 1.3, 1.3, 1.3 ]
		},
		"gui": {
			"rotation": [ 0, 180, -45 ],
			"translation": [ -1, -1, 0 ],
			"scale": [ 0.8, 0.8, 0.8 ]
		}
    }
}