{
    "parent": "item/wynn/wand_multi_3",
    "display": {
		"firstperson_righthand": {
            "rotation": [ 0, -90, 0 ],
            "translation": [ 1, 1.5, 0 ],
            "scale": [ 0.75, 0.75, 0.75 ]
		},
        "thirdperson_righthand": {
            "rotation": [ 10, -10, 0 ],
            "translation": [ -0.5, 0.5, 2.5 ],
            "scale": [ 0.9, 0.9, 0.9 ]
		},
		"gui": {
			"rotation": [ 45, 25, -45 ],
			"translation": [ 0, 0, 0 ],
			"scale": [ 0.7, 0.7, 0.7 ]
		},
        "ground": {
            "rotation": [ 0, 0, 0 ],
            "translation": [ 0, 4, 0 ],
            "scale": [ 0.5, 0.5, 0.5 ]
        }
    }
}
