{
    "parent": "item/wynn/dagger_earth_1",
    "display": {
		"firstperson_righthand": {
            "rotation": [ 0, -80, 0 ],
            "translation": [ 0, 3, 1 ],
            "scale": [ 0.8, 0.8, 0.8 ]
		},
        "thirdperson_righthand": {
            "rotation": [ 0, -90, 0 ],
            "translation": [ 1.5, 0.5, 1 ],
            "scale": [ 0.7, 0.7, 0.7 ]
		},
		"gui": {
			"rotation": [ 90, -135, 0 ],
			"translation": [ 4, 0, 0 ],
			"scale": [ 1.4, 1.4, 1.4 ]
		},
        "ground": {
            "rotation": [ 0, 0, 0 ],
            "translation": [ 0, 4, 0 ],
            "scale": [ 0.5, 0.5, 0.5 ]
        }
    }
}