{
"__comment": "Designed by FirecatHD",
"textures": {
    "particle": "wynn/weapons/spear/thunder_spear_all",
    "texture": "wynn/weapons/spear/thunder_spear_all",
    "thunderbolt": "wynn/weapons/spear/thunderbolt"
},
"elements": [ 
{
    "from": [ 7.25, -0.75, 8 ],
    "to": [ 7.75, 13.5, 8.5 ],
    "faces": {
        "down":  { "uv": [ 11.5, 9.5, 12.5, 10.5 ], "texture": "#texture" },
        "up":    { "uv": [ 11.5, 9.5, 12.5, 10.5 ], "texture": "#texture" },
        "north": { "uv": [ 5.75, 9, 6.25, 12.75 ], "texture": "#texture" },
        "south": { "uv": [ 5.75, 9, 6.25, 12.75 ], "texture": "#texture" },
        "west":  { "uv": [ 13.75, 9, 14.25, 13 ], "texture": "#texture" },
        "east":  { "uv": [ 13.75, 9, 14.25, 13 ], "texture": "#texture" }
    }
},
{
    "from": [ 6.75, 11.75, 7.5 ],
    "to": [ 8.25, 13.25, 9 ],
    "faces": {
        "down":  { "uv": [ 7.5, 1, 9.25, 4 ], "texture": "#texture" },
        "up":    { "uv": [ 7.5, 1, 9.25, 4 ], "texture": "#texture" },
        "north": { "uv": [ 8.5, 1.25, 9.5, 2.25 ], "texture": "#texture" },
        "south": { "uv": [ 8.5, 1.25, 9.5, 2.25 ], "texture": "#texture" },
        "west":  { "uv": [ 7.5, 2.25, 9.5, 3.25 ], "texture": "#texture" },
        "east":  { "uv": [ 7.5, 2.25, 9.5, 3.25 ], "texture": "#texture" }
    }
},
{
    "from": [ 6.5, 12, 7.75 ],
    "to": [ 8.5, 13, 8.75 ],
    "faces": {
        "down":  { "uv": [ 7.5, 1, 9.25, 4 ], "texture": "#texture" },
        "up":    { "uv": [ 7.5, 1, 9.25, 4 ], "texture": "#texture" },
        "north": { "uv": [ 8.5, 1.25, 9.5, 2.25 ], "texture": "#texture" },
        "south": { "uv": [ 8.5, 1.25, 9.5, 2.25 ], "texture": "#texture" },
        "west":  { "uv": [ 7.5, 2.25, 9.5, 3.25 ], "texture": "#texture" },
        "east":  { "uv": [ 7.5, 2.25, 9.5, 3.25 ], "texture": "#texture" }
    }
},
{
    "from": [ 7, 12, 7.75 ],
    "to": [ 8, 13.5, 8.75 ],
    "faces": {
        "down":  { "uv": [ 7.5, 1, 9.25, 4 ], "texture": "#texture" },
        "up":    { "uv": [ 7.5, 1, 9.25, 4 ], "texture": "#texture" },
        "north": { "uv": [ 8.5, 1.25, 9.5, 2.25 ], "texture": "#texture" },
        "south": { "uv": [ 8.5, 1.25, 9.5, 2.25 ], "texture": "#texture" },
        "west":  { "uv": [ 7.5, 2.25, 9.5, 3.25 ], "texture": "#texture" },
        "east":  { "uv": [ 7.5, 2.25, 9.5, 3.25 ], "texture": "#texture" }
    }
},
{
    "from": [ 7, 12, 7.25 ],
    "to": [ 8, 13, 9.25 ],
    "faces": {
        "down":  { "uv": [ 7.5, 1, 9.25, 4 ], "texture": "#texture" },
        "up":    { "uv": [ 7.5, 1, 9.25, 4 ], "texture": "#texture" },
        "north": { "uv": [ 8.5, 1.25, 9.5, 2.25 ], "texture": "#texture" },
        "south": { "uv": [ 8.5, 1.25, 9.5, 2.25 ], "texture": "#texture" },
        "west":  { "uv": [ 7.5, 2.25, 9.5, 3.25 ], "texture": "#texture" },
        "east":  { "uv": [ 7.5, 2.25, 9.5, 3.25 ], "texture": "#texture" }
    }
},
{
    "from": [ 7, 10.5, 7.75 ],
    "to": [ 8, 11.75, 8.75 ],
    "faces": {
        "down":  { "uv": [ 9, 8.75, 8, 7.75 ], "texture": "#texture" },
        "up":    { "uv": [ 7, 7.75, 8, 8.75 ], "texture": "#texture" },
        "north": { "uv": [ 7, 5.75, 9, 7.5 ], "texture": "#texture" },
        "south": { "uv": [ 7, 5.75, 9, 7.5 ], "texture": "#texture" },
        "west":  { "uv": [ 7.25, 5.75, 9.75, 8 ], "texture": "#texture" },
        "east":  { "uv": [ 7.25, 5.75, 9.75, 8 ], "texture": "#texture" }
    }
},
{
    "from": [ 7, 9.5, 7.75 ],
    "to": [ 8, 10.25, 8.75 ],
    "faces": {
        "down":  { "uv": [ 9, 8.75, 8, 7.75 ], "texture": "#texture" },
        "up":    { "uv": [ 7, 7.75, 8, 8.75 ], "texture": "#texture" },
        "north": { "uv": [ 7, 5.75, 9, 7.5 ], "texture": "#texture" },
        "south": { "uv": [ 7, 5.75, 9, 7.5 ], "texture": "#texture" },
        "west":  { "uv": [ 7.25, 5.75, 9.75, 8 ], "texture": "#texture" },
        "east":  { "uv": [ 7.25, 5.75, 9.75, 8 ], "texture": "#texture" }
    }
},
{
    "from": [ 7, 8.75, 7.75 ],
    "to": [ 8, 9.25, 8.75 ],
    "faces": {
        "down":  { "uv": [ 9, 8.75, 8, 7.75 ], "texture": "#texture" },
        "up":    { "uv": [ 7, 7.75, 8, 8.75 ], "texture": "#texture" },
        "north": { "uv": [ 7, 5.75, 9, 7.5 ], "texture": "#texture" },
        "south": { "uv": [ 7, 5.75, 9, 7.5 ], "texture": "#texture" },
        "west":  { "uv": [ 7.25, 5.75, 9.75, 8 ], "texture": "#texture" },
        "east":  { "uv": [ 7.25, 5.75, 9.75, 8 ], "texture": "#texture" }
    }
},
{
    "from": [ 7, 8.25, 7.75 ],
    "to": [ 8, 8.5, 8.75 ],
    "faces": {
        "down":  { "uv": [ 9, 8.75, 8, 7.75 ], "texture": "#texture" },
        "up":    { "uv": [ 7, 7.75, 8, 8.75 ], "texture": "#texture" },
        "north": { "uv": [ 7, 5.75, 9, 7.5 ], "texture": "#texture" },
        "south": { "uv": [ 7, 5.75, 9, 7.5 ], "texture": "#texture" },
        "west":  { "uv": [ 7.25, 5.75, 9.75, 8 ], "texture": "#texture" },
        "east":  { "uv": [ 7.25, 5.75, 9.75, 8 ], "texture": "#texture" }
    }
},
{
    "from": [ 7.25, 13.25, 8 ],
    "to": [ 7.75, 19.25, 8.5 ],
    "faces": {
        "down":  { "uv": [ 7.5, 1, 9.25, 4 ], "texture": "#texture" },
        "up":    { "uv": [ 7.5, 1, 9.25, 4 ], "texture": "#texture" },
        "north": { "uv": [ 8.5, 1.25, 9.5, 2.25 ], "texture": "#texture" },
        "south": { "uv": [ 8.5, 1.25, 9.5, 2.25 ], "texture": "#texture" },
        "west":  { "uv": [ 7.5, 2.25, 9.5, 3.25 ], "texture": "#texture" },
        "east":  { "uv": [ 7.5, 2.25, 9.5, 3.25 ], "texture": "#texture" }
    }
},
{
    "from": [ 7.25, 18.25, 8.125 ],
    "to": [ 7.75, 19.25, 8.375 ],
    "rotation": { "origin": [ 7.25, 19.25, 8.125 ], "axis": "z", "angle": -22.5 },
    "faces": {
        "down":  { "uv": [ 9, 8.75, 8, 7.75 ], "texture": "#texture" },
        "up":    { "uv": [ 7, 7.75, 8, 8.75 ], "texture": "#texture" },
        "north": { "uv": [ 7, 5.75, 9, 7.5 ], "texture": "#texture" },
        "south": { "uv": [ 7, 5.75, 9, 7.5 ], "texture": "#texture" },
        "west":  { "uv": [ 7.25, 5.75, 9.75, 8 ], "texture": "#texture" },
        "east":  { "uv": [ 7.25, 5.75, 9.75, 8 ], "texture": "#texture" }
    }
},
{
    "from": [ 6.875, 14.0625, 8.125 ],
    "to": [ 7.375, 15.0625, 8.375 ],
    "rotation": { "origin": [ 6.875, 15.0625, 8.125 ], "axis": "z", "angle": 22.5 },
    "faces": {
        "down":  { "uv": [ 9, 8.75, 8, 7.75 ], "texture": "#texture" },
        "up":    { "uv": [ 7, 7.75, 8, 8.75 ], "texture": "#texture" },
        "north": { "uv": [ 7, 5.75, 9, 7.5 ], "texture": "#texture" },
        "south": { "uv": [ 7, 5.75, 9, 7.5 ], "texture": "#texture" },
        "west":  { "uv": [ 7.25, 5.75, 9.75, 8 ], "texture": "#texture" },
        "east":  { "uv": [ 7.25, 5.75, 9.75, 8 ], "texture": "#texture" }
    }
},
{
    "from": [ 6.875, 15.0625, 8.125 ],
    "to": [ 7.375, 18.3125, 8.375 ],
    "faces": {
        "down":  { "uv": [ 9, 8.75, 8, 7.75 ], "texture": "#texture" },
        "up":    { "uv": [ 7, 7.75, 8, 8.75 ], "texture": "#texture" },
        "north": { "uv": [ 7, 5.75, 9, 7.5 ], "texture": "#texture" },
        "south": { "uv": [ 7, 5.75, 9, 7.5 ], "texture": "#texture" },
        "west":  { "uv": [ 7.25, 5.75, 9.75, 8 ], "texture": "#texture" },
        "east":  { "uv": [ 7.25, 5.75, 9.75, 8 ], "texture": "#texture" }
    }
},
{
    "from": [ 7.3125, 18.0625, 8.125 ],
    "to": [ 7.8125, 19.0625, 8.375 ],
    "rotation": { "origin": [ 7.3125, 19.0625, 8.125 ], "axis": "z", "angle": 22.5 },
    "faces": {
        "down":  { "uv": [ 9, 8.75, 8, 7.75 ], "texture": "#texture" },
        "up":    { "uv": [ 7, 7.75, 8, 8.75 ], "texture": "#texture" },
        "north": { "uv": [ 7, 5.75, 9, 7.5 ], "texture": "#texture" },
        "south": { "uv": [ 7, 5.75, 9, 7.5 ], "texture": "#texture" },
        "west":  { "uv": [ 7.25, 5.75, 9.75, 8 ], "texture": "#texture" },
        "east":  { "uv": [ 7.25, 5.75, 9.75, 8 ], "texture": "#texture" }
    }
},
{
    "from": [ 7.6875, 14.3125, 8.125 ],
    "to": [ 8.1875, 15.3125, 8.375 ],
    "rotation": { "origin": [ 7.6875, 15.3125, 8.125 ], "axis": "z", "angle": -22.5 },
    "faces": {
        "down":  { "uv": [ 9, 8.75, 8, 7.75 ], "texture": "#texture" },
        "up":    { "uv": [ 7, 7.75, 8, 8.75 ], "texture": "#texture" },
        "north": { "uv": [ 7, 5.75, 9, 7.5 ], "texture": "#texture" },
        "south": { "uv": [ 7, 5.75, 9, 7.5 ], "texture": "#texture" },
        "west":  { "uv": [ 7.25, 5.75, 9.75, 8 ], "texture": "#texture" },
        "east":  { "uv": [ 7.25, 5.75, 9.75, 8 ], "texture": "#texture" }
    }
},
{
    "from": [ 7.65, 15.0625, 8.13 ],
    "to": [ 8.15, 18.3125, 8.38 ],
    "faces": {
        "down":  { "uv": [ 9, 8.75, 8, 7.75 ], "texture": "#texture" },
        "up":    { "uv": [ 7, 7.75, 8, 8.75 ], "texture": "#texture" },
        "north": { "uv": [ 7, 5.75, 9, 7.5 ], "texture": "#texture" },
        "south": { "uv": [ 7, 5.75, 9, 7.5 ], "texture": "#texture" },
        "west":  { "uv": [ 7.25, 5.75, 9.75, 8 ], "texture": "#texture" },
        "east":  { "uv": [ 7.25, 5.75, 9.75, 8 ], "texture": "#texture" }
    }
},
{
    "from": [ 7, 2.25, 7.75 ],
    "to": [ 8, 3, 8.75 ],
    "faces": {
        "down":  { "uv": [ 9, 8.75, 8, 7.75 ], "texture": "#texture" },
        "up":    { "uv": [ 7, 7.75, 8, 8.75 ], "texture": "#texture" },
        "north": { "uv": [ 7, 5.75, 9, 7.5 ], "texture": "#texture" },
        "south": { "uv": [ 7, 5.75, 9, 7.5 ], "texture": "#texture" },
        "west":  { "uv": [ 7.25, 5.75, 9.75, 8 ], "texture": "#texture" },
        "east":  { "uv": [ 7.25, 5.75, 9.75, 8 ], "texture": "#texture" }
    }
},
{
    "from": [ 7, 3.25, 7.75 ],
    "to": [ 8, 3.75, 8.75 ],
    "faces": {
        "down":  { "uv": [ 9, 8.75, 8, 7.75 ], "texture": "#texture" },
        "up":    { "uv": [ 7, 7.75, 8, 8.75 ], "texture": "#texture" },
        "north": { "uv": [ 7, 5.75, 9, 7.5 ], "texture": "#texture" },
        "south": { "uv": [ 7, 5.75, 9, 7.5 ], "texture": "#texture" },
        "west":  { "uv": [ 7.25, 5.75, 9.75, 8 ], "texture": "#texture" },
        "east":  { "uv": [ 7.25, 5.75, 9.75, 8 ], "texture": "#texture" }
    }
},
{
    "from": [ 7, 4, 7.75 ],
    "to": [ 8, 4.25, 8.75 ],
    "faces": {
        "down":  { "uv": [ 9, 8.75, 8, 7.75 ], "texture": "#texture" },
        "up":    { "uv": [ 7, 7.75, 8, 8.75 ], "texture": "#texture" },
        "north": { "uv": [ 7, 5.75, 9, 7.5 ], "texture": "#texture" },
        "south": { "uv": [ 7, 5.75, 9, 7.5 ], "texture": "#texture" },
        "west":  { "uv": [ 7.25, 5.75, 9.75, 8 ], "texture": "#texture" },
        "east":  { "uv": [ 7.25, 5.75, 9.75, 8 ], "texture": "#texture" }
    }
},
{
    "from": [ 6.75, -0.75, 7.5 ],
    "to": [ 8.25, 0.75, 9 ],
    "faces": {
        "down":  { "uv": [ 7.5, 1, 9.25, 4 ], "texture": "#texture" },
        "up":    { "uv": [ 7.5, 1, 9.25, 4 ], "texture": "#texture" },
        "north": { "uv": [ 8.5, 1.25, 9.5, 2.25 ], "texture": "#texture" },
        "south": { "uv": [ 8.5, 1.25, 9.5, 2.25 ], "texture": "#texture" },
        "west":  { "uv": [ 7.5, 2.25, 9.5, 3.25 ], "texture": "#texture" },
        "east":  { "uv": [ 7.5, 2.25, 9.5, 3.25 ], "texture": "#texture" }
    }
},
{
    "from": [ 6.5, -0.5, 7.75 ],
    "to": [ 8.5, 0.5, 8.75 ],
    "faces": {
        "down":  { "uv": [ 7.5, 1, 9.25, 4 ], "texture": "#texture" },
        "up":    { "uv": [ 7.5, 1, 9.25, 4 ], "texture": "#texture" },
        "north": { "uv": [ 8.5, 1.25, 9.5, 2.25 ], "texture": "#texture" },
        "south": { "uv": [ 8.5, 1.25, 9.5, 2.25 ], "texture": "#texture" },
        "west":  { "uv": [ 7.5, 2.25, 9.5, 3.25 ], "texture": "#texture" },
        "east":  { "uv": [ 7.5, 2.25, 9.5, 3.25 ], "texture": "#texture" }
    }
},
{
    "from": [ 7, -1, 7.75 ],
    "to": [ 8, 0.5, 8.75 ],
    "faces": {
        "down":  { "uv": [ 7.5, 1, 9.25, 4 ], "texture": "#texture" },
        "up":    { "uv": [ 7.5, 1, 9.25, 4 ], "texture": "#texture" },
        "north": { "uv": [ 8.5, 1.25, 9.5, 2.25 ], "texture": "#texture" },
        "south": { "uv": [ 8.5, 1.25, 9.5, 2.25 ], "texture": "#texture" },
        "west":  { "uv": [ 7.5, 2.25, 9.5, 3.25 ], "texture": "#texture" },
        "east":  { "uv": [ 7.5, 2.25, 9.5, 3.25 ], "texture": "#texture" }
    }
},
{
    "from": [ 7, -0.5, 7.25 ],
    "to": [ 8, 0.5, 9.25 ],
    "faces": {
        "down":  { "uv": [ 7.5, 1, 9.25, 4 ], "texture": "#texture" },
        "up":    { "uv": [ 7.5, 1, 9.25, 4 ], "texture": "#texture" },
        "north": { "uv": [ 8.5, 1.25, 9.5, 2.25 ], "texture": "#texture" },
        "south": { "uv": [ 8.5, 1.25, 9.5, 2.25 ], "texture": "#texture" },
        "west":  { "uv": [ 7.5, 2.25, 9.5, 3.25 ], "texture": "#texture" },
        "east":  { "uv": [ 7.5, 2.25, 9.5, 3.25 ], "texture": "#texture" }
    }
},
{
    "from": [ 7, 0.75, 7.75 ],
    "to": [ 8, 2, 8.75 ],
    "faces": {
        "down":  { "uv": [ 9, 8.75, 8, 7.75 ], "texture": "#texture" },
        "up":    { "uv": [ 7, 7.75, 8, 8.75 ], "texture": "#texture" },
        "north": { "uv": [ 7, 5.75, 9, 7.5 ], "texture": "#texture" },
        "south": { "uv": [ 7, 5.75, 9, 7.5 ], "texture": "#texture" },
        "west":  { "uv": [ 7.25, 5.75, 9.75, 8 ], "texture": "#texture" },
        "east":  { "uv": [ 7.25, 5.75, 9.75, 8 ], "texture": "#texture" }
    }
},
{
    "from": [ 7.3125, -2.9375, 8.125 ],
    "to": [ 7.8125, -1.9375, 8.375 ],
    "rotation": { "origin": [ 7.3125, -1.9375, 8.125 ], "axis": "z", "angle": 22.5 },
    "faces": {
        "down":  { "uv": [ 9, 8.75, 8, 7.75 ], "texture": "#texture" },
        "up":    { "uv": [ 7, 7.75, 8, 8.75 ], "texture": "#texture" },
        "north": { "uv": [ 7, 5.75, 9, 7.5 ], "texture": "#texture" },
        "south": { "uv": [ 7, 5.75, 9, 7.5 ], "texture": "#texture" },
        "west":  { "uv": [ 7.25, 5.75, 9.75, 8 ], "texture": "#texture" },
        "east":  { "uv": [ 7.25, 5.75, 9.75, 8 ], "texture": "#texture" }
    }
},
{
    "from": [ 7.25, -2.8125, 8.125 ],
    "to": [ 7.75, -1.8125, 8.375 ],
    "rotation": { "origin": [ 7.25, -1.8125, 8.125 ], "axis": "z", "angle": -22.5 },
    "faces": {
        "down":  { "uv": [ 9, 8.75, 8, 7.75 ], "texture": "#texture" },
        "up":    { "uv": [ 7, 7.75, 8, 8.75 ], "texture": "#texture" },
        "north": { "uv": [ 7, 5.75, 9, 7.5 ], "texture": "#texture" },
        "south": { "uv": [ 7, 5.75, 9, 7.5 ], "texture": "#texture" },
        "west":  { "uv": [ 7.25, 5.75, 9.75, 8 ], "texture": "#texture" },
        "east":  { "uv": [ 7.25, 5.75, 9.75, 8 ], "texture": "#texture" }
    }
},
{
    "from": [ 7.6875, -6.75, 8.125 ],
    "to": [ 8.1875, -5.75, 8.375 ],
    "rotation": { "origin": [ 7.6875, -5.75, 8.125 ], "axis": "z", "angle": -22.5 },
    "faces": {
        "down":  { "uv": [ 9, 8.75, 8, 7.75 ], "texture": "#texture" },
        "up":    { "uv": [ 7, 7.75, 8, 8.75 ], "texture": "#texture" },
        "north": { "uv": [ 7, 5.75, 9, 7.5 ], "texture": "#texture" },
        "south": { "uv": [ 7, 5.75, 9, 7.5 ], "texture": "#texture" },
        "west":  { "uv": [ 7.25, 5.75, 9.75, 8 ], "texture": "#texture" },
        "east":  { "uv": [ 7.25, 5.75, 9.75, 8 ], "texture": "#texture" }
    }
},
{
    "from": [ 6.875, -5.9375, 8.125 ],
    "to": [ 7.375, -2.6875, 8.375 ],
    "faces": {
        "down":  { "uv": [ 9, 8.75, 8, 7.75 ], "texture": "#texture" },
        "up":    { "uv": [ 7, 7.75, 8, 8.75 ], "texture": "#texture" },
        "north": { "uv": [ 7, 5.75, 9, 7.5 ], "texture": "#texture" },
        "south": { "uv": [ 7, 5.75, 9, 7.5 ], "texture": "#texture" },
        "west":  { "uv": [ 7.25, 5.75, 9.75, 8 ], "texture": "#texture" },
        "east":  { "uv": [ 7.25, 5.75, 9.75, 8 ], "texture": "#texture" }
    }
},
{
    "from": [ 7.6775, -5.9275, 8.125 ],
    "to": [ 8.1775, -2.6775, 8.375 ],
    "faces": {
        "down":  { "uv": [ 9, 8.75, 8, 7.75 ], "texture": "#texture" },
        "up":    { "uv": [ 7, 7.75, 8, 8.75 ], "texture": "#texture" },
        "north": { "uv": [ 7, 5.75, 9, 7.5 ], "texture": "#texture" },
        "south": { "uv": [ 7, 5.75, 9, 7.5 ], "texture": "#texture" },
        "west":  { "uv": [ 7.25, 5.75, 9.75, 8 ], "texture": "#texture" },
        "east":  { "uv": [ 7.25, 5.75, 9.75, 8 ], "texture": "#texture" }
    }
},
{
    "from": [ 6.875, -6.9375, 8.125 ],
    "to": [ 7.375, -5.9375, 8.375 ],
    "rotation": { "origin": [ 6.875, -5.9375, 8.125 ], "axis": "z", "angle": 22.5 },
    "faces": {
        "down":  { "uv": [ 9, 8.75, 8, 7.75 ], "texture": "#texture" },
        "up":    { "uv": [ 7, 7.75, 8, 8.75 ], "texture": "#texture" },
        "north": { "uv": [ 7, 5.75, 9, 7.5 ], "texture": "#texture" },
        "south": { "uv": [ 7, 5.75, 9, 7.5 ], "texture": "#texture" },
        "west":  { "uv": [ 7.25, 5.75, 9.75, 8 ], "texture": "#texture" },
        "east":  { "uv": [ 7.25, 5.75, 9.75, 8 ], "texture": "#texture" }
    }
},
{
    "from": [ 4.75, -4.375, 8.125 ],
    "to": [ 5.25, -3.375, 8.375 ],
    "faces": {
        "down":  { "uv": [ 7.5, 1, 9.25, 4 ], "texture": "#texture" },
        "up":    { "uv": [ 7.5, 1, 9.25, 4 ], "texture": "#texture" },
        "north": { "uv": [ 8.5, 1.25, 9.5, 2.25 ], "texture": "#texture" },
        "south": { "uv": [ 8.5, 1.25, 9.5, 2.25 ], "texture": "#texture" },
        "west":  { "uv": [ 7.5, 2.25, 9.5, 3.25 ], "texture": "#texture" },
        "east":  { "uv": [ 7.5, 2.25, 9.5, 3.25 ], "texture": "#texture" }
    }
},
{
    "from": [ 6.25, -2.5, 7.75 ],
    "to": [ 7, -0.75, 8.75 ],
    "rotation": { "origin": [ 6.25, -0.75, 7.75 ], "axis": "z", "angle": -45 },
    "faces": {
        "down":  { "uv": [ 7.5, 1, 9.25, 4 ], "texture": "#texture" },
        "up":    { "uv": [ 7.5, 1, 9.25, 4 ], "texture": "#texture" },
        "north": { "uv": [ 8.5, 1.25, 9.5, 2.25 ], "texture": "#texture" },
        "south": { "uv": [ 8.5, 1.25, 9.5, 2.25 ], "texture": "#texture" },
        "west":  { "uv": [ 7.5, 2.25, 9.5, 3.25 ], "texture": "#texture" },
        "east":  { "uv": [ 7.5, 2.25, 9.5, 3.25 ], "texture": "#texture" }
    }
},
{
    "from": [ 5.25, -3.5, 8 ],
    "to": [ 6, -1.75, 8.5 ],
    "rotation": { "origin": [ 5.25, -1.75, 8 ], "axis": "z", "angle": -22.5 },
    "faces": {
        "down":  { "uv": [ 7.5, 1, 9.25, 4 ], "texture": "#texture" },
        "up":    { "uv": [ 7.5, 1, 9.25, 4 ], "texture": "#texture" },
        "north": { "uv": [ 8.5, 1.25, 9.5, 2.25 ], "texture": "#texture" },
        "south": { "uv": [ 8.5, 1.25, 9.5, 2.25 ], "texture": "#texture" },
        "west":  { "uv": [ 7.5, 2.25, 9.5, 3.25 ], "texture": "#texture" },
        "east":  { "uv": [ 7.5, 2.25, 9.5, 3.25 ], "texture": "#texture" }
    }
},
{
    "from": [ 8.1875, -2.9375, 7.75 ],
    "to": [ 8.9375, -1.1875, 8.75 ],
    "rotation": { "origin": [ 8.1875, -1.1875, 7.75 ], "axis": "z", "angle": 45 },
    "faces": {
        "down":  { "uv": [ 7.5, 1, 9.25, 4 ], "texture": "#texture" },
        "up":    { "uv": [ 7.5, 1, 9.25, 4 ], "texture": "#texture" },
        "north": { "uv": [ 8.5, 1.25, 9.5, 2.25 ], "texture": "#texture" },
        "south": { "uv": [ 8.5, 1.25, 9.5, 2.25 ], "texture": "#texture" },
        "west":  { "uv": [ 7.5, 2.25, 9.5, 3.25 ], "texture": "#texture" },
        "east":  { "uv": [ 7.5, 2.25, 9.5, 3.25 ], "texture": "#texture" }
    }
},
{
    "from": [ 9, -3.75, 8 ],
    "to": [ 9.75, -2, 8.5 ],
    "rotation": { "origin": [ 9, -2, 8 ], "axis": "z", "angle": 22.5 },
    "faces": {
        "down":  { "uv": [ 7.5, 1, 9.25, 4 ], "texture": "#texture" },
        "up":    { "uv": [ 7.5, 1, 9.25, 4 ], "texture": "#texture" },
        "north": { "uv": [ 8.5, 1.25, 9.5, 2.25 ], "texture": "#texture" },
        "south": { "uv": [ 8.5, 1.25, 9.5, 2.25 ], "texture": "#texture" },
        "west":  { "uv": [ 7.5, 2.25, 9.5, 3.25 ], "texture": "#texture" },
        "east":  { "uv": [ 7.5, 2.25, 9.5, 3.25 ], "texture": "#texture" }
    }
},
{
    "from": [ 9.6875, -4.375, 8.125 ],
    "to": [ 10.1875, -3.375, 8.375 ],
    "faces": {
        "down":  { "uv": [ 7.5, 1, 9.25, 4 ], "texture": "#texture" },
        "up":    { "uv": [ 7.5, 1, 9.25, 4 ], "texture": "#texture" },
        "north": { "uv": [ 8.5, 1.25, 9.5, 2.25 ], "texture": "#texture" },
        "south": { "uv": [ 8.5, 1.25, 9.5, 2.25 ], "texture": "#texture" },
        "west":  { "uv": [ 7.5, 2.25, 9.5, 3.25 ], "texture": "#texture" },
        "east":  { "uv": [ 7.5, 2.25, 9.5, 3.25 ], "texture": "#texture" }
    }
},
{
    "from": [ 5.0625, 12.75, 7.75 ],
    "to": [ 5.8125, 14.5, 8.75 ],
    "rotation": { "origin": [ 5.0625, 14.5, 7.75 ], "axis": "z", "angle": 45 },
    "faces": {
        "down":  { "uv": [ 7.5, 1, 9.25, 4 ], "texture": "#texture" },
        "up":    { "uv": [ 7.5, 1, 9.25, 4 ], "texture": "#texture" },
        "north": { "uv": [ 8.5, 1.25, 9.5, 2.25 ], "texture": "#texture" },
        "south": { "uv": [ 8.5, 1.25, 9.5, 2.25 ], "texture": "#texture" },
        "west":  { "uv": [ 7.5, 2.25, 9.5, 3.25 ], "texture": "#texture" },
        "east":  { "uv": [ 7.5, 2.25, 9.5, 3.25 ], "texture": "#texture" }
    }
},
{
    "from": [ 9.5, 13.1875, 7.75 ],
    "to": [ 10.25, 14.9375, 8.75 ],
    "rotation": { "origin": [ 9.5, 14.9375, 7.75 ], "axis": "z", "angle": -45 },
    "faces": {
        "down":  { "uv": [ 7.5, 1, 9.25, 4 ], "texture": "#texture" },
        "up":    { "uv": [ 7.5, 1, 9.25, 4 ], "texture": "#texture" },
        "north": { "uv": [ 8.5, 1.25, 9.5, 2.25 ], "texture": "#texture" },
        "south": { "uv": [ 8.5, 1.25, 9.5, 2.25 ], "texture": "#texture" },
        "west":  { "uv": [ 7.5, 2.25, 9.5, 3.25 ], "texture": "#texture" },
        "east":  { "uv": [ 7.5, 2.25, 9.5, 3.25 ], "texture": "#texture" }
    }
},
{
    "from": [ 9.75, 14.3125, 8 ],
    "to": [ 10.5, 16.0625, 8.5 ],
    "rotation": { "origin": [ 9.75, 16.0625, 8 ], "axis": "z", "angle": -22.5 },
    "faces": {
        "down":  { "uv": [ 7.5, 1, 9.25, 4 ], "texture": "#texture" },
        "up":    { "uv": [ 7.5, 1, 9.25, 4 ], "texture": "#texture" },
        "north": { "uv": [ 8.5, 1.25, 9.5, 2.25 ], "texture": "#texture" },
        "south": { "uv": [ 8.5, 1.25, 9.5, 2.25 ], "texture": "#texture" },
        "west":  { "uv": [ 7.5, 2.25, 9.5, 3.25 ], "texture": "#texture" },
        "east":  { "uv": [ 7.5, 2.25, 9.5, 3.25 ], "texture": "#texture" }
    }
},
{
    "from": [ 9.75, 15.8125, 8.125 ],
    "to": [ 10.25, 16.8125, 8.375 ],
    "faces": {
        "down":  { "uv": [ 7.5, 1, 9.25, 4 ], "texture": "#texture" },
        "up":    { "uv": [ 7.5, 1, 9.25, 4 ], "texture": "#texture" },
        "north": { "uv": [ 8.5, 1.25, 9.5, 2.25 ], "texture": "#texture" },
        "south": { "uv": [ 8.5, 1.25, 9.5, 2.25 ], "texture": "#texture" },
        "west":  { "uv": [ 7.5, 2.25, 9.5, 3.25 ], "texture": "#texture" },
        "east":  { "uv": [ 7.5, 2.25, 9.5, 3.25 ], "texture": "#texture" }
    }
},
{
    "from": [ 4.625, 14.1875, 8 ],
    "to": [ 5.375, 15.9375, 8.5 ],
    "rotation": { "origin": [ 4.625, 15.9375, 8 ], "axis": "z", "angle": 22.5 },
    "faces": {
        "down":  { "uv": [ 7.5, 1, 9.25, 4 ], "texture": "#texture" },
        "up":    { "uv": [ 7.5, 1, 9.25, 4 ], "texture": "#texture" },
        "north": { "uv": [ 8.5, 1.25, 9.5, 2.25 ], "texture": "#texture" },
        "south": { "uv": [ 8.5, 1.25, 9.5, 2.25 ], "texture": "#texture" },
        "west":  { "uv": [ 7.5, 2.25, 9.5, 3.25 ], "texture": "#texture" },
        "east":  { "uv": [ 7.5, 2.25, 9.5, 3.25 ], "texture": "#texture" }
    }
},
{
    "from": [ 4.875, 15.8125, 8.125 ],
    "to": [ 5.375, 16.8125, 8.375 ],
    "faces": {
        "down":  { "uv": [ 7.5, 1, 9.25, 4 ], "texture": "#texture" },
        "up":    { "uv": [ 7.5, 1, 9.25, 4 ], "texture": "#texture" },
        "north": { "uv": [ 8.5, 1.25, 9.5, 2.25 ], "texture": "#texture" },
        "south": { "uv": [ 8.5, 1.25, 9.5, 2.25 ], "texture": "#texture" },
        "west":  { "uv": [ 7.5, 2.25, 9.5, 3.25 ], "texture": "#texture" },
        "east":  { "uv": [ 7.5, 2.25, 9.5, 3.25 ], "texture": "#texture" }
    }
},
{
    "from": [ 7.25, -6.875, 8 ],
    "to": [ 7.75, -0.875, 8.5 ],
    "faces": {
        "down":  { "uv": [ 7.5, 1, 9.25, 4 ], "texture": "#texture" },
        "up":    { "uv": [ 7.5, 1, 9.25, 4 ], "texture": "#texture" },
        "north": { "uv": [ 8.5, 1.25, 9.5, 2.25 ], "texture": "#texture" },
        "south": { "uv": [ 8.5, 1.25, 9.5, 2.25 ], "texture": "#texture" },
        "west":  { "uv": [ 7.5, 2.25, 9.5, 3.25 ], "texture": "#texture" },
        "east":  { "uv": [ 7.5, 2.25, 9.5, 3.25 ], "texture": "#texture" }
    }
},
{
    "from": [ 7.125, 5, 7.875 ],
    "to": [ 7.875, 7.5, 8.625 ],
    "faces": {
        "down":  { "uv": [ 5.75, 13.5, 6.75, 14.75 ], "texture": "#texture" },
        "up":    { "uv": [ 5.75, 13.5, 6.75, 14.75 ], "texture": "#texture" },
        "north": { "uv": [ 4.75, 13, 5.25, 16 ], "texture": "#texture" },
        "south": { "uv": [ 4.75, 13, 5.25, 16 ], "texture": "#texture" },
        "west":  { "uv": [ 6.25, 13, 6.5, 16 ], "texture": "#texture" },
        "east":  { "uv": [ 6.25, 13, 6.5, 16 ], "texture": "#texture" }
    }
},
{
    "from": [ 2.25, 10.25, 8.25 ],
    "to": [ 11, 15.75, 8.3125 ],
    "faces": {
        "down":  { "uv": [ 4.25, 1, 10, 1.0625 ], "texture": "#thunderbolt" },
        "up":    { "uv": [ 4.25, 1, 10, 1.0625 ], "texture": "#thunderbolt" },
        "north": { "uv": [ 0, 2, 16, 14.5 ], "texture": "#thunderbolt" },
        "south": { "uv": [ 0, 2, 16, 14.5 ], "texture": "#thunderbolt" },
        "west":  { "uv": [ 15.75, 0.5, 15.8125, 6 ], "texture": "#thunderbolt" },
        "east":  { "uv": [ 15.75, 0.5, 15.8125, 6 ], "texture": "#thunderbolt" }
    }
},
{
    "from": [ 4, 10.25, 8.25 ],
    "to": [ 12.75, 15.75, 8.3125 ],
    "faces": {
        "down":  { "uv": [ 4.25, 1, 10, 1.0625 ], "texture": "#thunderbolt" },
        "up":    { "uv": [ 4.25, 1, 10, 1.0625 ], "texture": "#thunderbolt" },
        "north": { "uv": [ 0, 2, 16, 14.5 ], "texture": "#thunderbolt" },
        "south": { "uv": [ 0, 2, 16, 14.5 ], "texture": "#thunderbolt" },
        "west":  { "uv": [ 15.75, 0.5, 15.8125, 6 ], "texture": "#thunderbolt" },
        "east":  { "uv": [ 15.75, 0.5, 15.8125, 6 ], "texture": "#thunderbolt" }
    }
},
{
    "from": [ 4.25, 8, 8.25 ],
    "to": [ 10.5, 12.5, 8.3125 ],
    "faces": {
        "down":  { "uv": [ 4.25, 1, 10, 1.0625 ], "texture": "#thunderbolt" },
        "up":    { "uv": [ 4.25, 1, 10, 1.0625 ], "texture": "#thunderbolt" },
        "north": { "uv": [ 0, 2, 16, 14.5 ], "texture": "#thunderbolt" },
        "south": { "uv": [ 0, 2, 16, 14.5 ], "texture": "#thunderbolt" },
        "west":  { "uv": [ 15.75, 0.5, 15.8125, 6 ], "texture": "#thunderbolt" },
        "east":  { "uv": [ 15.75, 0.5, 15.8125, 6 ], "texture": "#thunderbolt" }
    }
},
{
    "from": [ 5, 7, 8.25 ],
    "to": [ 11.25, 11.5, 8.3125 ],
    "faces": {
        "down":  { "uv": [ 4.25, 1, 10, 1.0625 ], "texture": "#thunderbolt" },
        "up":    { "uv": [ 4.25, 1, 10, 1.0625 ], "texture": "#thunderbolt" },
        "north": { "uv": [ 0, 2, 16, 14.5 ], "texture": "#thunderbolt" },
        "south": { "uv": [ 0, 2, 16, 14.5 ], "texture": "#thunderbolt" },
        "west":  { "uv": [ 15.75, 0.5, 15.8125, 6 ], "texture": "#thunderbolt" },
        "east":  { "uv": [ 15.75, 0.5, 15.8125, 6 ], "texture": "#thunderbolt" }
    }
},
{
    "from": [ 4, 6.5, 8.25 ],
    "to": [ 10.25, 11, 8.3125 ],
    "faces": {
        "down":  { "uv": [ 4.25, 1, 10, 1.0625 ], "texture": "#thunderbolt" },
        "up":    { "uv": [ 4.25, 1, 10, 1.0625 ], "texture": "#thunderbolt" },
        "north": { "uv": [ 0, 2, 16, 14.5 ], "texture": "#thunderbolt" },
        "south": { "uv": [ 0, 2, 16, 14.5 ], "texture": "#thunderbolt" },
        "west":  { "uv": [ 15.75, 0.5, 15.8125, 6 ], "texture": "#thunderbolt" },
        "east":  { "uv": [ 15.75, 0.5, 15.8125, 6 ], "texture": "#thunderbolt" }
    }
},
{
    "from": [ 4, 1, 8.25 ],
    "to": [ 10.25, 5.5, 8.3125 ],
    "faces": {
        "down":  { "uv": [ 4.25, 1, 10, 1.0625 ], "texture": "#thunderbolt" },
        "up":    { "uv": [ 4.25, 1, 10, 1.0625 ], "texture": "#thunderbolt" },
        "north": { "uv": [ 0, 2, 16, 14.5 ], "texture": "#thunderbolt" },
        "south": { "uv": [ 0, 2, 16, 14.5 ], "texture": "#thunderbolt" },
        "west":  { "uv": [ 15.75, 0.5, 15.8125, 6 ], "texture": "#thunderbolt" },
        "east":  { "uv": [ 15.75, 0.5, 15.8125, 6 ], "texture": "#thunderbolt" }
    }
},
{
    "from": [ 4.75, 0.25, 8.25 ],
    "to": [ 11, 4.75, 8.3125 ],
    "faces": {
        "down":  { "uv": [ 4.25, 1, 10, 1.0625 ], "texture": "#thunderbolt" },
        "up":    { "uv": [ 4.25, 1, 10, 1.0625 ], "texture": "#thunderbolt" },
        "north": { "uv": [ 0, 2, 16, 14.5 ], "texture": "#thunderbolt" },
        "south": { "uv": [ 0, 2, 16, 14.5 ], "texture": "#thunderbolt" },
        "west":  { "uv": [ 15.75, 0.5, 15.8125, 6 ], "texture": "#thunderbolt" },
        "east":  { "uv": [ 15.75, 0.5, 15.8125, 6 ], "texture": "#thunderbolt" }
    }
},
{
    "from": [ 3.75, -0.75, 8.25 ],
    "to": [ 10, 3.75, 8.3125 ],
    "faces": {
        "down":  { "uv": [ 4.25, 1, 10, 1.0625 ], "texture": "#thunderbolt" },
        "up":    { "uv": [ 4.25, 1, 10, 1.0625 ], "texture": "#thunderbolt" },
        "north": { "uv": [ 0, 2, 16, 14.5 ], "texture": "#thunderbolt" },
        "south": { "uv": [ 0, 2, 16, 14.5 ], "texture": "#thunderbolt" },
        "west":  { "uv": [ 15.75, 0.5, 15.8125, 6 ], "texture": "#thunderbolt" },
        "east":  { "uv": [ 15.75, 0.5, 15.8125, 6 ], "texture": "#thunderbolt" }
    }
},
{
    "from": [ 5, -1.75, 8.25 ],
    "to": [ 11.25, 2.75, 8.3125 ],
    "faces": {
        "down":  { "uv": [ 4.25, 1, 10, 1.0625 ], "texture": "#thunderbolt" },
        "up":    { "uv": [ 4.25, 1, 10, 1.0625 ], "texture": "#thunderbolt" },
        "north": { "uv": [ 0, 2, 16, 14.5 ], "texture": "#thunderbolt" },
        "south": { "uv": [ 0, 2, 16, 14.5 ], "texture": "#thunderbolt" },
        "west":  { "uv": [ 15.75, 0.5, 15.8125, 6 ], "texture": "#thunderbolt" },
        "east":  { "uv": [ 15.75, 0.5, 15.8125, 6 ], "texture": "#thunderbolt" }
    }
},
{
    "from": [ 3.5, -3.25, 8.25 ],
    "to": [ 9.75, 1.25, 8.3125 ],
    "faces": {
        "down":  { "uv": [ 4.25, 1, 10, 1.0625 ], "texture": "#thunderbolt" },
        "up":    { "uv": [ 4.25, 1, 10, 1.0625 ], "texture": "#thunderbolt" },
        "north": { "uv": [ 0, 2, 16, 14.5 ], "texture": "#thunderbolt" },
        "south": { "uv": [ 0, 2, 16, 14.5 ], "texture": "#thunderbolt" },
        "west":  { "uv": [ 15.75, 0.5, 15.8125, 6 ], "texture": "#thunderbolt" },
        "east":  { "uv": [ 15.75, 0.5, 15.8125, 6 ], "texture": "#thunderbolt" }
    }
},
{
    "from": [ 4.75, -3.25, 8.25 ],
    "to": [ 12, 1.75, 8.3125 ],
    "faces": {
        "down":  { "uv": [ 4.25, 1, 10, 1.0625 ], "texture": "#thunderbolt" },
        "up":    { "uv": [ 4.25, 1, 10, 1.0625 ], "texture": "#thunderbolt" },
        "north": { "uv": [ 0, 2, 16, 14.5 ], "texture": "#thunderbolt" },
        "south": { "uv": [ 0, 2, 16, 14.5 ], "texture": "#thunderbolt" },
        "west":  { "uv": [ 15.75, 0.5, 15.8125, 6 ], "texture": "#thunderbolt" },
        "east":  { "uv": [ 15.75, 0.5, 15.8125, 6 ], "texture": "#thunderbolt" }
    }
},
{
    "from": [ 5, 8.5, 8.25 ],
    "to": [ 11.25, 13, 8.3125 ],
    "faces": {
        "down":  { "uv": [ 4.25, 1, 10, 1.0625 ], "texture": "#thunderbolt" },
        "up":    { "uv": [ 4.25, 1, 10, 1.0625 ], "texture": "#thunderbolt" },
        "north": { "uv": [ 0, 2, 16, 14.5 ], "texture": "#thunderbolt" },
        "south": { "uv": [ 0, 2, 16, 14.5 ], "texture": "#thunderbolt" },
        "west":  { "uv": [ 15.75, 0.5, 15.8125, 6 ], "texture": "#thunderbolt" },
        "east":  { "uv": [ 15.75, 0.5, 15.8125, 6 ], "texture": "#thunderbolt" }
    }
},
{
    "from": [ 3.75, 7.75, 8.25 ],
    "to": [ 10, 12.25, 8.3125 ],
    "faces": {
        "down":  { "uv": [ 4.25, 1, 10, 1.0625 ], "texture": "#thunderbolt" },
        "up":    { "uv": [ 4.25, 1, 10, 1.0625 ], "texture": "#thunderbolt" },
        "north": { "uv": [ 0, 2, 16, 14.5 ], "texture": "#thunderbolt" },
        "south": { "uv": [ 0, 2, 16, 14.5 ], "texture": "#thunderbolt" },
        "west":  { "uv": [ 15.75, 0.5, 15.8125, 6 ], "texture": "#thunderbolt" },
        "east":  { "uv": [ 15.75, 0.5, 15.8125, 6 ], "texture": "#thunderbolt" }
    }
},
{
    "from": [ 3.5, 9.25, 8.25 ],
    "to": [ 9.75, 13.75, 8.3125 ],
    "faces": {
        "down":  { "uv": [ 4.25, 1, 10, 1.0625 ], "texture": "#thunderbolt" },
        "up":    { "uv": [ 4.25, 1, 10, 1.0625 ], "texture": "#thunderbolt" },
        "north": { "uv": [ 0, 2, 16, 14.5 ], "texture": "#thunderbolt" },
        "south": { "uv": [ 0, 2, 16, 14.5 ], "texture": "#thunderbolt" },
        "west":  { "uv": [ 15.75, 0.5, 15.8125, 6 ], "texture": "#thunderbolt" },
        "east":  { "uv": [ 15.75, 0.5, 15.8125, 6 ], "texture": "#thunderbolt" }
    }
},
{
    "from": [ 5.25, 9.25, 8.25 ],
    "to": [ 11.5, 13.75, 8.3125 ],
    "faces": {
        "down":  { "uv": [ 4.25, 1, 10, 1.0625 ], "texture": "#thunderbolt" },
        "up":    { "uv": [ 4.25, 1, 10, 1.0625 ], "texture": "#thunderbolt" },
        "north": { "uv": [ 0, 2, 16, 14.5 ], "texture": "#thunderbolt" },
        "south": { "uv": [ 0, 2, 16, 14.5 ], "texture": "#thunderbolt" },
        "west":  { "uv": [ 15.75, 0.5, 15.8125, 6 ], "texture": "#thunderbolt" },
        "east":  { "uv": [ 15.75, 0.5, 15.8125, 6 ], "texture": "#thunderbolt" }
    }
},
{
    "from": [ 3.5, -1.75, 8.25 ],
    "to": [ 9.75, 2.75, 8.3125 ],
    "faces": {
        "down":  { "uv": [ 4.25, 1, 10, 1.0625 ], "texture": "#thunderbolt" },
        "up":    { "uv": [ 4.25, 1, 10, 1.0625 ], "texture": "#thunderbolt" },
        "north": { "uv": [ 0, 2, 16, 14.5 ], "texture": "#thunderbolt" },
        "south": { "uv": [ 0, 2, 16, 14.5 ], "texture": "#thunderbolt" },
        "west":  { "uv": [ 15.75, 0.5, 15.8125, 6 ], "texture": "#thunderbolt" },
        "east":  { "uv": [ 15.75, 0.5, 15.8125, 6 ], "texture": "#thunderbolt" }
    }
},
{
    "from": [ 5, -0.75, 8.25 ],
    "to": [ 11.25, 3.75, 8.3125 ],
    "faces": {
        "down":  { "uv": [ 4.25, 1, 10, 1.0625 ], "texture": "#thunderbolt" },
        "up":    { "uv": [ 4.25, 1, 10, 1.0625 ], "texture": "#thunderbolt" },
        "north": { "uv": [ 0, 2, 16, 14.5 ], "texture": "#thunderbolt" },
        "south": { "uv": [ 0, 2, 16, 14.5 ], "texture": "#thunderbolt" },
        "west":  { "uv": [ 15.75, 0.5, 15.8125, 6 ], "texture": "#thunderbolt" },
        "east":  { "uv": [ 15.75, 0.5, 15.8125, 6 ], "texture": "#thunderbolt" }
    }
},
{
    "from": [ 4.5, 1.25, 8.25 ],
    "to": [ 10.75, 5.75, 8.3125 ],
    "faces": {
        "down":  { "uv": [ 4.25, 1, 10, 1.0625 ], "texture": "#thunderbolt" },
        "up":    { "uv": [ 4.25, 1, 10, 1.0625 ], "texture": "#thunderbolt" },
        "north": { "uv": [ 0, 2, 16, 14.5 ], "texture": "#thunderbolt" },
        "south": { "uv": [ 0, 2, 16, 14.5 ], "texture": "#thunderbolt" },
        "west":  { "uv": [ 15.75, 0.5, 15.8125, 6 ], "texture": "#thunderbolt" },
        "east":  { "uv": [ 15.75, 0.5, 15.8125, 6 ], "texture": "#thunderbolt" }
    }
}
],
"display": {
    "thirdperson_righthand": {
        "rotation": [ 180, -90, 180 ],
        "translation": [ 0.56, 1.32, 2.83 ],
        "scale": [ 2.08, 2.08, 2.08 ]
    },
    "thirdperson_lefthand": {
        "rotation": [ 180, -90, 180 ],
        "translation": [ 0.76, 1.51, 0.76 ],
        "scale": [ 2.08, 2.08, 2.08 ]
    },
    "head": {
        "rotation": [ 0, 17, 0 ],
        "translation": [ 0, 6.24, 0 ],
        "scale": [ 1, 1, 1 ]
    },
    "ground": {
        "rotation": [ -65, -30, -45 ],
        "translation": [ 0, 7.75, 0 ],
        "scale": [ 0.88, 0.88, 0.88 ]
    },
    "fixed": {
        "rotation": [ -3, 0, -45 ],
        "translation": [ 1.7, 0.94, -0.94 ],
        "scale": [ 0.98, 0.98, 0.98 ]
    },
    "firstperson_righthand": {
        "rotation": [ -1, -86, 13 ],
        "translation": [ 0.19, 2.65, 1.12 ],
        "scale": [ 1.36, 1.36, 1.36 ]
    },
    "firstperson_lefthand": {
        "rotation": [ -1, -86, 13 ],
        "translation": [ -0.57, 2.27, -0.19 ],
        "scale": [ 1.36, 1.36, 1.36 ]
    },
    "gui": {
        "rotation": [ 24, -4, 45 ],
        "translation": [ -0.76, 1.51, -4.91 ],
        "scale": [ 0.79, 0.79, 0.79 ]
    }
}
}