{
    "parent": "item/wynn/default_wand_2",
    "display": {
        "firstperson_righthand": {
            "rotation": [ 0, 90, 0 ],
            "translation": [ 1.5, 1.5, 0 ],
            "scale": [ 0.7, 0.7, 0.7 ]
        },
        "thirdperson_righthand": {
            "rotation": [ 10, 105, 0 ],
            "translation": [ -0.5, 1.5, 2 ],
            "scale": [ 0.9, 0.9, 0.9 ]
        },
        "gui": {
            "rotation": [ 35, -25, -35 ],
            "translation": [ 0, 0, 0 ],
            "scale": [ 0.7, 0.7, 0.7 ]
        },
        "ground": {
            "rotation": [ 0, 0, 0 ],
            "translation": [ 0, 4, 0 ],
            "scale": [ 0.5, 0.5, 0.5 ]
        }
    }
}
