{
	"textures": {
		"0": "item/harquebus"
	},
	"elements": [
		{
			"from": [2, 0, 7.5],
			"to": [3.5, 1.5, 8.5],
			"faces": {
				"north": {"uv": [11, 3.5, 12.5, 5], "texture": "#0"},
				"east": {"uv": [11, 3.5, 11.5, 5], "texture": "#0"},
				"south": {"uv": [12.5, 3.5, 11, 5], "texture": "#0"},
				"up": {"uv": [11.5, 10, 13, 11], "texture": "#0"},
				"down": {"uv": [11.5, 11, 13, 12], "texture": "#0"}
			}
		},
		{
			"from": [1, -0.5, 7.5],
			"to": [2, 1.5, 8.5],
			"faces": {
				"north": {"uv": [12.5, 3.5, 13.5, 5.5], "texture": "#0"},
				"east": {"uv": [12.5, 3.5, 13, 5.5], "texture": "#0"},
				"south": {"uv": [13.5, 3.5, 12.5, 5.5], "texture": "#0"},
				"west": {"uv": [12.5, 3.5, 13.5, 5.5], "texture": "#0"},
				"up": {"uv": [13, 10, 14, 11], "texture": "#0"},
				"down": {"uv": [13, 11, 14, 12], "texture": "#0"}
			}
		},
		{
			"from": [3.5, 0.5, 7.5],
			"to": [5, 2, 8.5],
			"faces": {
				"north": {"uv": [9.5, 3, 11, 4.5], "texture": "#0"},
				"east": {"uv": [9.5, 3, 10, 4.5], "texture": "#0"},
				"south": {"uv": [11, 3, 9.5, 4.5], "texture": "#0"},
				"west": {"uv": [10.5, 3, 11, 4.5], "texture": "#0"},
				"up": {"uv": [10, 10, 11.5, 11], "texture": "#0"},
				"down": {"uv": [10, 11, 11.5, 12], "texture": "#0"}
			}
		},
		{
			"from": [5, 1, 7.25],
			"to": [11, 2, 8.75],
			"faces": {
				"north": {"uv": [3.5, 3, 9.5, 4], "texture": "#0"},
				"east": {"uv": [3.5, 3, 5, 4], "texture": "#0"},
				"south": {"uv": [9.5, 3, 3.5, 4], "texture": "#0"},
				"west": {"uv": [8, 3, 9.5, 4], "texture": "#0"},
				"up": {"uv": [3.5, 11, 9.5, 12.5], "texture": "#0"},
				"down": {"uv": [3.5, 11, 9.5, 12.5], "texture": "#0"}
			}
		},
		{
			"from": [5.5, 1.5, 7.5],
			"to": [14.5, 2.5, 8.5],
			"faces": {
				"north": {"uv": [0, 2.5, 9, 3.5], "texture": "#0"},
				"east": {"uv": [1, 1.5, 0, 0.5], "texture": "#0"},
				"south": {"uv": [9, 2.5, 0, 3.5], "texture": "#0"},
				"west": {"uv": [9, 0.5, 10, 1.5], "texture": "#0"},
				"up": {"uv": [1, 0.5, 10, 1.5], "texture": "#0", "rotation": 180},
				"down": {"uv": [1, 0.5, 10, 1.5], "texture": "#0", "rotation": 180}
			}
		},
		{
			"from": [6.5, 1, 7],
			"to": [7, 1.5, 7.5],
			"faces": {
				"north": {"uv": [6.5, 9.5, 7, 10], "texture": "#0"},
				"east": {"uv": [6.5, 9.5, 7, 10], "texture": "#0"},
				"west": {"uv": [6.5, 9.5, 7, 10], "texture": "#0"},
				"down": {"uv": [6.5, 9.5, 7, 10], "texture": "#0"}
			}
		},
		{
			"from": [6.5, 1.5, 6.9999],
			"to": [7, 3, 7.4999],
			"rotation": {"angle": -22.5, "axis": "z", "origin": [6.5, 1.5, 7.2499]},
			"faces": {
				"north": {"uv": [6.5, 8, 7, 9.5], "texture": "#0"},
				"east": {"uv": [6.5, 8, 7, 9.5], "texture": "#0"},
				"south": {"uv": [6.5, 8, 7, 9.5], "texture": "#0"},
				"west": {"uv": [6.5, 8, 7, 9.5], "texture": "#0"},
				"up": {"uv": [6.5, 8, 7, 9.5], "texture": "#0"}
			}
		},
		{
			"from": [6.69068, 2.214, 7.2499],
			"to": [8.69068, 2.714, 7.2499],
			"rotation": {"angle": -22.5, "axis": "z", "origin": [7.44068, 2.464, 7.2499]},
			"faces": {
				"north": {"uv": [5.5, 7.5, 7.5, 8], "texture": "#0"},
				"south": {"uv": [7.5, 7.5, 5.5, 8], "texture": "#0"}
			}
		},
		{
			"from": [13, 2.5, 8],
			"to": [13.5, 3, 8],
			"faces": {
				"north": {"uv": [1, 2, 1.5, 2.5], "texture": "#0"},
				"south": {"uv": [1, 2, 1.5, 2.5], "texture": "#0"}
			}
		},
		{
			"from": [6, 2.5, 8],
			"to": [7, 3, 8],
			"faces": {
				"north": {"uv": [7.5, 2, 8.5, 2.5], "texture": "#0"},
				"south": {"uv": [7.5, 2, 8.5, 2.5], "texture": "#0"}
			}
		},
		{
			"from": [5, 2, 7.75],
			"to": [5.5, 2.5, 8.25],
			"faces": {
				"north": {"uv": [9, 2.5, 9.5, 3], "texture": "#0"},
				"south": {"uv": [9, 2.5, 9.5, 3], "texture": "#0"},
				"west": {"uv": [9, 2.5, 9.5, 3], "texture": "#0"},
				"up": {"uv": [9, 2.5, 9.5, 3], "texture": "#0"}
			}
		},
		{
			"from": [6, 0.25, 7.75],
			"to": [6.5, 1.25, 8.25],
			"rotation": {"angle": 0, "axis": "z", "origin": [6.5, 1.25, 8]},
			"faces": {
				"north": {"uv": [7.5, 5.5, 8, 6], "texture": "#0"},
				"east": {"uv": [7.5, 5.5, 8, 6], "texture": "#0"},
				"south": {"uv": [7.5, 5.5, 8, 6], "texture": "#0"},
				"west": {"uv": [7.5, 5.5, 8, 6], "texture": "#0"}
			}
		},
		{
			"from": [4, 0.25, 7.7499],
			"to": [6.5, 0.75, 8.2501],
			"rotation": {"angle": 22.5, "axis": "z", "origin": [6.5, 0.75, 7.9999]},
			"faces": {
				"north": {"uv": [7.5, 6, 10, 6.5], "texture": "#0"},
				"east": {"uv": [7.5, 6, 8, 6.5], "texture": "#0"},
				"south": {"uv": [7.5, 6, 10, 6.5], "texture": "#0"},
				"west": {"uv": [9.5, 6, 10, 6.5], "texture": "#0"},
				"up": {"uv": [7.5, 6, 10, 6.5], "texture": "#0"},
				"down": {"uv": [7.5, 6, 10, 6.5], "texture": "#0"}
			}
		},
		{
			"from": [6.69068, 2.464, 6.9999],
			"to": [8.69068, 2.464, 7.4999],
			"rotation": {"angle": -22.5, "axis": "z", "origin": [7.44068, 2.464, 7.2499]},
			"faces": {
				"up": {"uv": [7.5, 7.5, 5.5, 8], "texture": "#0"},
				"down": {"uv": [7.5, 7.5, 5.5, 8], "texture": "#0"}
			}
		}
	],
	"display": {
		"thirdperson_righthand": {
			"scale": [1.5, 1.5, 1.5],
			"rotation": [0, 90, 0],
			"translation": [-1, 11, -2]
		},
		"thirdperson_lefthand": {
			"rotation": [0, 90, 0],
			"translation": [-4, 12, 2.5]
		},
		"firstperson_righthand": {
			"rotation": [0, 90, 0],
			"translation": [-4, 12, 2.5]
		},
		"firstperson_lefthand": {
			"rotation": [0, -90, 0],
			"translation": [-4, 12, 2.5]
		},
		"ground": {
			"rotation": [0, 0, 22.5],
			"translation": [0, 4.5, 0]
		},
		"fixed": {
			"scale": [1.5, 1.5, 1.5],
			"translation": [0, 9.5, 0]
		},
		"gui": {
			"rotation": [-35, -22, -45],
			"translation": [5, 4.5, 0]
		}
	}
}