{
	"credit": "Made with Blockbench",
	"textures": {
		"0": "item/hailstorm_staff",
		"particle": "item/hailstorm_staff"
	},
	"elements": [
		{
			"from": [7.5, 0, 7.5],
			"to": [8.5, 11.5, 8.5],
			"faces": {
				"north": {"uv": [2.5, 0, 3.5, 11.5], "texture": "#0"},
				"east": {"uv": [2.5, 0, 3.5, 11.5], "texture": "#0"},
				"south": {"uv": [2.5, 0, 3.5, 11.5], "texture": "#0"},
				"west": {"uv": [2.5, 0, 3.5, 11.5], "texture": "#0"},
				"down": {"uv": [2.5, 0, 3.5, 11.5], "texture": "#0"}
			}
		},
		{
			"from": [6.75, 16, 7],
			"to": [9.25, 18.5, 9],
			"faces": {
				"north": {"uv": [0, 0, 2.5, 2.5], "texture": "#0"},
				"east": {"uv": [0, 0, 2.5, 2.5], "texture": "#0"},
				"south": {"uv": [0, 0, 2.5, 2.5], "texture": "#0"},
				"west": {"uv": [0, 0, 2.5, 2.5], "texture": "#0"},
				"up": {"uv": [0, 0, 2.5, 2.5], "texture": "#0"},
				"down": {"uv": [0, 0, 2.5, 2.5], "texture": "#0"}
			}
		},
		{
			"from": [4.25, 13.5, 8.8],
			"to": [11.75, 21, 8.8],
			"faces": {
				"north": {"uv": [16, 0, 8.5, 7.5], "texture": "#0"},
				"east": {"uv": [0, 0, 0, 7.5], "texture": "#missing"},
				"south": {"uv": [8.5, 0, 16, 7.5], "texture": "#0"},
				"west": {"uv": [0, 0, 0, 7.5], "texture": "#missing"},
				"up": {"uv": [0, 0, 7.5, 0], "texture": "#missing"},
				"down": {"uv": [0, 0, 7.5, 0], "texture": "#missing"}
			}
		},
		{
			"from": [7, 11.5, 7],
			"to": [9, 12, 9],
			"faces": {
				"north": {"uv": [0.5, 6.5, 2.5, 7], "texture": "#0"},
				"east": {"uv": [0.5, 6.5, 1, 8.5], "rotation": 90, "texture": "#0"},
				"south": {"uv": [0.5, 6.5, 2.5, 7], "texture": "#0"},
				"west": {"uv": [2, 6.5, 2.5, 8.5], "rotation": 270, "texture": "#0"},
				"up": {"uv": [0.5, 6.5, 2.5, 8.5], "texture": "#0"},
				"down": {"uv": [0.5, 6.5, 2.5, 8.5], "texture": "#0"}
			}
		},
		{
			"from": [7.25, 12, 7.25],
			"to": [8.75, 16, 8.75],
			"faces": {
				"north": {"uv": [0.5, 2.5, 2, 6.5], "texture": "#0"},
				"east": {"uv": [0.5, 2.5, 2, 6.5], "texture": "#0"},
				"south": {"uv": [0.5, 2.5, 2, 6.5], "texture": "#0"},
				"west": {"uv": [0.5, 2.5, 2, 6.5], "texture": "#0"}
			}
		},
		{
			"from": [4.25, 13.5, 7.2],
			"to": [11.75, 21, 7.2],
			"faces": {
				"north": {"uv": [16, 0, 8.5, 7.5], "texture": "#0"},
				"east": {"uv": [0, 0, 0, 7.5], "texture": "#missing"},
				"south": {"uv": [8.5, 0, 16, 7.5], "texture": "#0"},
				"west": {"uv": [0, 0, 0, 7.5], "texture": "#missing"},
				"up": {"uv": [0, 0, 7.5, 0], "texture": "#missing"},
				"down": {"uv": [0, 0, 7.5, 0], "texture": "#missing"}
			}
		}
	],
	"display": {
		"thirdperson_righthand": {
			"scale": [1.5, 1.5, 1.5],
			"rotation": [0, 90, 0],
			"translation": [0, 1, 1.5]
		},
		"gui": {
			"rotation": [-35, -22, -45],
			"translation": [-2, -2, 0]
		},
		"ground": {
			"scale": [0.75, 0.75, 0.75],
			"rotation": [0, 0, 60],
			"translation": [1, -0.5, 0]
		},
		"fixed": {
			"scale": [1.5, 1.5, 1.5],
			"translation": [0, -1.5, 0]
		},
		"firstperson_righthand": {
			"rotation": [-32, 90, 0],
			"translation": [0, 2, 1.5]
		},
		"thirdperson_lefthand": {
			"scale": [1.5, 1.5, 1.5],
			"rotation": [0, -90, 0],
			"translation": [0, 1, 1.5]
		},
		"firstperson_lefthand": {
			"rotation": [-32, -90, 0],
			"translation": [0, 2, 1.5]
		}
	}
}