{
	"credit": "Made with Blockbench",
	"textures": {
		"0": "item/staff_of_frost",
		"particle": "item/staff_of_frost"
	},
	"elements": [
		{
			"from": [7.5, 0, 7.5],
			"to": [8.5, 11.5, 8.5],
			"faces": {
				"north": {"uv": [3.5, 0, 4.5, 11.5], "texture": "#0"},
				"east": {"uv": [3.5, 0, 4.5, 11.5], "texture": "#0"},
				"south": {"uv": [3.5, 0, 4.5, 11.5], "texture": "#0"},
				"west": {"uv": [3.5, 0, 4.5, 11.5], "texture": "#0"},
				"down": {"uv": [3.5, 10.5, 4.5, 11.5], "texture": "#0"}
			}
		},
		{
			"from": [6.75, 12.75, 6.75],
			"to": [9.25, 15.25, 9.25],
			"rotation": {"angle": 45, "axis": "y", "origin": [8, 14, 8]},
			"faces": {
				"north": {"uv": [0, 0, 3, 3], "texture": "#0"},
				"east": {"uv": [0, 0, 3, 3], "texture": "#0"},
				"south": {"uv": [0, 0, 3, 3], "texture": "#0"},
				"west": {"uv": [0, 0, 3, 3], "texture": "#0"},
				"up": {"uv": [0, 0, 3, 3], "texture": "#0"},
				"down": {"uv": [0, 0, 3, 3], "texture": "#0"}
			}
		},
		{
			"from": [7.25, 11.5, 7.25],
			"to": [8.75, 12, 8.75],
			"faces": {
				"north": {"uv": [5, 5.5, 6.5, 6], "texture": "#0"},
				"east": {"uv": [5, 5.5, 5.5, 7], "rotation": 90, "texture": "#0"},
				"south": {"uv": [5, 6.5, 6.5, 7], "texture": "#0"},
				"west": {"uv": [6, 5.5, 6.5, 7], "rotation": 270, "texture": "#0"},
				"up": {"uv": [5, 5.5, 6.5, 7], "texture": "#0"},
				"down": {"uv": [5, 5.5, 6.5, 7], "texture": "#0"}
			}
		},
		{
			"from": [7.25, 16, 7.25],
			"to": [8.75, 16.5, 8.75],
			"faces": {
				"north": {"uv": [5, 2.5, 6.5, 3], "texture": "#0"},
				"east": {"uv": [5, 2.5, 5.5, 4], "rotation": 270, "texture": "#0"},
				"south": {"uv": [5, 3.5, 6.5, 4], "texture": "#0"},
				"west": {"uv": [6, 2.5, 6.5, 4], "rotation": 90, "texture": "#0"},
				"up": {"uv": [5, 2.5, 6.5, 4], "texture": "#0"},
				"down": {"uv": [5, 2.5, 6.5, 4], "texture": "#0"}
			}
		},
		{
			"from": [7.5, 12, 7.5],
			"to": [8.5, 12.5, 8.5],
			"faces": {
				"north": {"uv": [5, 5, 6, 5.5], "texture": "#0"},
				"east": {"uv": [5, 5, 6, 5.5], "texture": "#0"},
				"south": {"uv": [5, 5, 6, 5.5], "texture": "#0"},
				"west": {"uv": [5, 5, 6, 5.5], "texture": "#0"}
			}
		},
		{
			"from": [7.5, 15.5, 7.5],
			"to": [8.5, 16, 8.5],
			"faces": {
				"north": {"uv": [5, 4, 6, 4.5], "texture": "#0"},
				"east": {"uv": [5, 4, 6, 4.5], "texture": "#0"},
				"south": {"uv": [5, 4, 6, 4.5], "texture": "#0"},
				"west": {"uv": [5, 4, 6, 4.5], "texture": "#0"}
			}
		},
		{
			"from": [5.25, 12.75, 4.75],
			"to": [6.25, 14.75, 5.75],
			"rotation": {"angle": -22.5, "axis": "x", "origin": [5.75, 13.75, 5.25]},
			"faces": {
				"north": {"uv": [5, 0, 6, 2], "texture": "#0"},
				"east": {"uv": [5, 0, 6, 2], "texture": "#0"},
				"south": {"uv": [5, 0, 6, 2], "texture": "#0"},
				"west": {"uv": [5, 0, 6, 2], "texture": "#0"},
				"up": {"uv": [5, 0, 6, 1], "texture": "#0"},
				"down": {"uv": [5, 1, 6, 2], "texture": "#0"}
			}
		},
		{
			"from": [9.25, 13.75, 5.75],
			"to": [10.25, 15.75, 6.75],
			"rotation": {"angle": 22.5, "axis": "y", "origin": [9.75, 14.75, 6.25]},
			"faces": {
				"north": {"uv": [7, 0, 8, 2], "texture": "#0"},
				"east": {"uv": [7, 0, 8, 2], "texture": "#0"},
				"south": {"uv": [7, 0, 8, 2], "texture": "#0"},
				"west": {"uv": [7, 0, 8, 2], "texture": "#0"},
				"up": {"uv": [7, 0, 8, 1], "rotation": 90, "texture": "#0"},
				"down": {"uv": [7, 1, 8, 2], "rotation": 270, "texture": "#0"}
			}
		},
		{
			"from": [10.25, 12.25, 8.75],
			"to": [11.25, 14.25, 9.75],
			"rotation": {"angle": -45, "axis": "z", "origin": [10.75, 13.25, 9.25]},
			"faces": {
				"north": {"uv": [6, 0, 7, 2], "texture": "#0"},
				"east": {"uv": [6, 0, 7, 2], "texture": "#0"},
				"south": {"uv": [6, 0, 7, 2], "texture": "#0"},
				"west": {"uv": [6, 0, 7, 2], "texture": "#0"},
				"up": {"uv": [6, 0, 7, 1], "rotation": 90, "texture": "#0"},
				"down": {"uv": [6, 1, 7, 2], "rotation": 270, "texture": "#0"}
			}
		},
		{
			"from": [8.25, 13.25, 10.25],
			"to": [9.25, 15.25, 11.25],
			"rotation": {"angle": -22.5, "axis": "x", "origin": [8.75, 14.25, 10.75]},
			"faces": {
				"north": {"uv": [5, 0, 6, 2], "texture": "#0"},
				"east": {"uv": [5, 0, 6, 2], "texture": "#0"},
				"south": {"uv": [5, 0, 6, 2], "texture": "#0"},
				"west": {"uv": [5, 0, 6, 2], "texture": "#0"},
				"up": {"uv": [5, 0, 6, 1], "rotation": 90, "texture": "#0"},
				"down": {"uv": [5, 1, 6, 2], "rotation": 270, "texture": "#0"}
			}
		},
		{
			"from": [4.75, 12.25, 8.75],
			"to": [5.75, 14.25, 9.75],
			"rotation": {"angle": 22.5, "axis": "y", "origin": [5.25, 13.25, 9.25]},
			"faces": {
				"north": {"uv": [6, 0, 7, 2], "texture": "#0"},
				"east": {"uv": [6, 0, 7, 2], "texture": "#0"},
				"south": {"uv": [6, 0, 7, 2], "texture": "#0"},
				"west": {"uv": [6, 0, 7, 2], "texture": "#0"},
				"up": {"uv": [6, 0, 7, 1], "rotation": 90, "texture": "#0"},
				"down": {"uv": [6, 1, 7, 2], "rotation": 270, "texture": "#0"}
			}
		},
		{
			"from": [6.25, 12.25, 6.25],
			"to": [9.75, 15.75, 9.75],
			"rotation": {"angle": 45, "axis": "y", "origin": [8, 14, 8]},
			"faces": {
				"north": {"uv": [0, 3, 3, 6], "texture": "#0"},
				"east": {"uv": [0, 3, 3, 6], "texture": "#0"},
				"south": {"uv": [0, 3, 3, 6], "texture": "#0"},
				"west": {"uv": [0, 3, 3, 6], "texture": "#0"},
				"up": {"uv": [0, 3, 3, 6], "texture": "#0"},
				"down": {"uv": [0, 3, 3, 6], "texture": "#0"}
			}
		}
	],
	"display": {
		"thirdperson_righthand": {
			"scale": [1.5, 1.5, 1.5],
			"rotation": [0, 90, 0],
			"translation": [0, 1.5, 1.5]
		},
		"gui": {
			"rotation": [-35, -22, -45],
			"translation": [-2, -2, 0]
		},
		"ground": {
			"scale": [0.75, 0.75, 0.75],
			"rotation": [0, 0, 60],
			"translation": [1, -0.5, 0]
		},
		"fixed": {
			"scale": [1.5, 1.5, 1.5],
			"translation": [0, -1.5, 0]
		},
		"firstperson_righthand": {
			"rotation": [5, -90, 0],
			"translation": [0, 4, 1.5]
		},
		"thirdperson_lefthand": {
			"scale": [1.5, 1.5, 1.5],
			"rotation": [0, -90, 0],
			"translation": [0, 1.5, 1.5]
		},
		"firstperson_lefthand": {
			"rotation": [5, 90, 0],
			"translation": [0, 4, 1.5]
		}
	}
}