{
	"credit": "by Katniss",
	"textures": {
		"0": "_weapon/bastard_sword"
	},
	"elements": [
		{
			"from": [6, 4.5, 7.5],
			"to": [10, 5, 8.5],
			"faces": {
				"north": {"uv": [2.5, 1.5, 6.5, 2], "texture": "#0"},
				"east": {"uv": [7, 1, 8, 1.5], "texture": "#0"},
				"south": {"uv": [6.5, 1.5, 2.5, 2], "texture": "#0"},
				"west": {"uv": [7, 0.5, 8, 1], "texture": "#0"},
				"up": {"uv": [2.5, 0.5, 6.5, 1.5], "texture": "#0"},
				"down": {"uv": [2.5, 0.5, 6.5, 1.5], "texture": "#0"}
			}
		},
		{
			"from": [7.25, 0, 7.5],
			"to": [8.75, 0.5, 8.5],
			"faces": {
				"north": {"uv": [3, 6, 4.5, 6.5], "texture": "#0"},
				"east": {"uv": [4.5, 6, 5.5, 6.5], "texture": "#0"},
				"south": {"uv": [3, 6, 4.5, 6.5], "texture": "#0"},
				"west": {"uv": [4.5, 6, 5.5, 6.5], "texture": "#0"},
				"up": {"uv": [3, 6.5, 4.5, 7.5], "texture": "#0"},
				"down": {"uv": [3, 6.5, 4.5, 7.5], "texture": "#0"}
			}
		},
		{
			"from": [7.5, 0.5, 7.5],
			"to": [8.5, 4, 8.5],
			"faces": {
				"north": {"uv": [3.5, 2.5, 4.5, 6], "texture": "#0"},
				"east": {"uv": [4.5, 2.5, 5.5, 6], "texture": "#0"},
				"south": {"uv": [3.5, 2.5, 4.5, 6], "texture": "#0"},
				"west": {"uv": [4.5, 2.5, 5.5, 6], "texture": "#0"}
			}
		},
		{
			"from": [7.75, 5, 7.5],
			"to": [8.25, 5.5, 8.5],
			"faces": {
				"north": {"uv": [0.5, 11.5, 1, 12], "texture": "#0"},
				"east": {"uv": [0.5, 11.5, 1, 12], "texture": "#0"},
				"south": {"uv": [1, 11.5, 0.5, 12], "texture": "#0"},
				"west": {"uv": [0.5, 11.5, 1, 12], "texture": "#0"},
				"up": {"uv": [0.5, 11.5, 1, 12], "texture": "#0"},
				"down": {"uv": [0.5, 11.5, 1, 12], "texture": "#0"}
			}
		},
		{
			"from": [7, 5, 7.75],
			"to": [9, 12.5, 8.25],
			"faces": {
				"north": {"uv": [0, 4, 2, 11.5], "texture": "#0"},
				"east": {"uv": [0, 4, 0.5, 11.5], "texture": "#0"},
				"south": {"uv": [2, 4, 0, 11.5], "texture": "#0"},
				"west": {"uv": [1.5, 4, 2, 11.5], "texture": "#0"},
				"up": {"uv": [2, 4, 0, 4.5], "texture": "#0"}
			}
		},
		{
			"from": [7.5, 12.5, 7.75],
			"to": [8.5, 16.5, 8.25],
			"faces": {
				"north": {"uv": [0.5, 0, 1.5, 4], "texture": "#0"},
				"east": {"uv": [0.5, 0, 1, 4], "texture": "#0"},
				"south": {"uv": [1.5, 0, 0.5, 4], "texture": "#0"},
				"west": {"uv": [1, 0, 1.5, 4], "texture": "#0"},
				"up": {"uv": [1.5, 0, 0.5, 0.5], "texture": "#0"}
			}
		},
		{
			"from": [7, 4, 7.5],
			"to": [9, 4.5, 8.5],
			"faces": {
				"north": {"uv": [3.5, 2, 5.5, 2.5], "texture": "#0"},
				"east": {"uv": [7, 1, 8, 1.5], "texture": "#0"},
				"south": {"uv": [5.5, 2, 3.5, 2.5], "texture": "#0"},
				"west": {"uv": [7, 0.5, 8, 1], "texture": "#0"},
				"down": {"uv": [3.5, 2, 5.5, 2.5], "texture": "#0"}
			}
		}
	],
	"display": {
		"thirdperson_righthand": {
			"scale": [1.5, 1.5, 1.5],
			"rotation": [0, 90, 0],
			"translation": [0, 6, 2]
		},
		"thirdperson_lefthand": {
			"scale": [1.5, 1.5, 1.5],
			"rotation": [0, -90, 0],
			"translation": [0, 6, 2]
		},
		"firstperson_righthand": {
			"rotation": [5, 90, 0],
			"translation": [0, 5, 2]
		},
		"firstperson_lefthand": {
			"rotation": [5, -90, 0],
			"translation": [0, 5, 2]
		},
		"ground": {
			"rotation": [-60, 90, 0],
			"translation": [0, 1, 0.5],
			"scale": [0.75, 0.75, 0.75]
		},
		"fixed": {
			"rotation": [0, 0, 0],
			"translation": [0, -0.5, 0],
			"scale": [1.5, 1.5, 1.5]
		},
		"gui": {
			"scale": [0.9, 0.9, 0.9],
			"rotation": [22.5, 0, -45],
			"translation": [-0.5, -0.5, 0]
		}
	}
}