{
	"credit": "by Katniss",
	"textures": {
		"0": "_weapon/obsidian_lance"
	},
	"elements": [
		{
			"from": [7.5, -1, 7.5],
			"to": [8.5, 16, 8.5],
			"faces": {
				"north": {"uv": [0, 0, 1, 16], "texture": "#0"},
				"east": {"uv": [1, 0, 2, 16], "texture": "#0"},
				"south": {"uv": [0, 0, 1, 16], "texture": "#0"},
				"west": {"uv": [1, 0, 2, 16], "texture": "#0"},
				"up": {"uv": [0, 0, 1, 16], "texture": "#0"},
				"down": {"uv": [0, 0, 1, 16], "texture": "#0"}
			}
		},
		{
			"from": [7.5, 16, 7.5],
			"to": [8.5, 22, 8.5],
			"faces": {
				"north": {"uv": [2, 0, 3, 6], "texture": "#0"},
				"east": {"uv": [3, 0, 4, 6], "texture": "#0"},
				"south": {"uv": [2, 0, 3, 6], "texture": "#0"},
				"west": {"uv": [3, 0, 4, 6], "texture": "#0"},
				"up": {"uv": [2, 0, 3, 6], "texture": "#0"},
				"down": {"uv": [2, 0, 3, 6], "texture": "#0"}
			}
		},
		{
			"from": [7, 21.5, 7.75],
			"to": [9, 23, 8.25],
			"faces": {
				"north": {"uv": [4.5, 5, 6.5, 6.5], "texture": "#0"},
				"east": {"uv": [4.5, 5, 5, 6.5], "texture": "#0"},
				"south": {"uv": [6.5, 5, 4.5, 6.5], "texture": "#0"},
				"west": {"uv": [6, 5, 6.5, 6.5], "texture": "#0"},
				"down": {"uv": [6.5, 6, 4.5, 6.5], "texture": "#0"}
			}
		},
		{
			"from": [6.75, 23, 7.75],
			"to": [9.25, 23.5, 8.25],
			"faces": {
				"north": {"uv": [4.5, 4.5, 7, 5], "texture": "#0"},
				"east": {"uv": [4.5, 4.5, 5, 5], "texture": "#0"},
				"south": {"uv": [7, 4.5, 4.5, 5], "texture": "#0"},
				"west": {"uv": [6.5, 4.5, 7, 5], "texture": "#0"},
				"up": {"uv": [7, 4.5, 4.5, 5], "texture": "#0"},
				"down": {"uv": [7, 4.5, 4.5, 5], "texture": "#0"}
			}
		},
		{
			"from": [7, 23.5, 7.75],
			"to": [9, 26, 8.25],
			"faces": {
				"north": {"uv": [4.5, 2, 6.5, 4.5], "texture": "#0"},
				"east": {"uv": [4.5, 2, 5, 4.5], "texture": "#0"},
				"south": {"uv": [6.5, 2, 4.5, 4.5], "texture": "#0"},
				"west": {"uv": [6, 2, 6.5, 4.5], "texture": "#0"},
				"up": {"uv": [6.5, 2, 4.5, 2.5], "texture": "#0"}
			}
		},
		{
			"from": [7.5, 26, 7.75],
			"to": [8.5, 28, 8.25],
			"faces": {
				"north": {"uv": [5, 0, 6, 2], "texture": "#0"},
				"east": {"uv": [5, 0, 5.5, 2], "texture": "#0"},
				"south": {"uv": [6, 0, 5, 2], "texture": "#0"},
				"west": {"uv": [5.5, 0, 6, 2], "texture": "#0"},
				"up": {"uv": [6, 0, 5, 0.5], "texture": "#0"}
			}
		},
		{
			"from": [6.5, 22, 7.5],
			"to": [9.5, 22.5, 8.5],
			"faces": {
				"north": {"uv": [4, 5.5, 7, 6], "texture": "#0"},
				"east": {"uv": [8, 0.5, 9, 1], "texture": "#0"},
				"south": {"uv": [7, 5.5, 4, 6], "texture": "#0"},
				"west": {"uv": [8, 0, 9, 0.5], "texture": "#0"},
				"up": {"uv": [7, 6.5, 4, 7.5], "texture": "#0"},
				"down": {"uv": [7, 6.5, 4, 7.5], "texture": "#0"}
			}
		}
	],
	"display": {
		"thirdperson_righthand": {
			"rotation": [0, 90, 0],
			"translation": [0, -2, 2],
			"scale": [1.5, 1.5, 1.5]
		},
		"thirdperson_lefthand": {
			"rotation": [0, -90, 0],
			"translation": [0, -2, 2],
			"scale": [1.5, 1.5, 1.5]
		},
		"firstperson_righthand": {
			"rotation": [-35, 90, 0],
			"translation": [0, 3, 3]
		},
		"firstperson_lefthand": {
			"rotation": [-35, -90, 0],
			"translation": [0, 3, 3]
		},
		"ground": {
			"rotation": [-60, 90, 0],
			"translation": [0, 1, 3.5],
			"scale": [0.75, 0.75, 0.75]
		},
		"fixed": {
			"translation": [0, -6, 0],
			"scale": [1.5, 1.5, 1.5]
		},
		"gui": {
			"rotation": [22.5, 0, -45],
			"translation": [-3.5, -3, 0],
			"scale": [0.9, 0.9, 0.9]
		}
	}
}