{
	"credit": "by Katniss",
	"textures": {
		"0": "_weapon/scimitar",
		"particle": "_weapon/scimitar"
	},
	"elements": [
		{
			"from": [7.5, 1, 7.5],
			"to": [8.5, 4, 8.5],
			"faces": {
				"north": {"uv": [4.5, 2.5, 5.5, 5.5], "texture": "#0"},
				"east": {"uv": [5.5, 2.5, 6.5, 5.5], "texture": "#0"},
				"south": {"uv": [4.5, 2.5, 5.5, 5.5], "texture": "#0"},
				"west": {"uv": [5.5, 2.5, 6.5, 5.5], "texture": "#0"}
			}
		},
		{
			"from": [7.5, 0.5, 7.5],
			"to": [9, 1, 8.5],
			"faces": {
				"north": {"uv": [4, 5.5, 5.5, 6], "texture": "#0"},
				"east": {"uv": [6.5, 6, 7.5, 6.5], "texture": "#0"},
				"south": {"uv": [5.5, 5.5, 4, 6], "texture": "#0"},
				"west": {"uv": [5.5, 5.5, 6.5, 6], "texture": "#0"},
				"up": {"uv": [5.5, 6.5, 4, 7.5], "texture": "#0"},
				"down": {"uv": [5.5, 6.5, 4, 7.5], "texture": "#0"}
			}
		},
		{
			"from": [8, 0, 7.5],
			"to": [9, 0.5, 8.5],
			"faces": {
				"north": {"uv": [4, 6, 5, 6.5], "texture": "#0"},
				"east": {"uv": [5.5, 6, 6.5, 6.5], "texture": "#0"},
				"south": {"uv": [4, 6, 5, 6.5], "texture": "#0"},
				"west": {"uv": [5.5, 6, 6.5, 6.5], "texture": "#0"},
				"down": {"uv": [4, 6.5, 5, 7.5], "texture": "#0"}
			}
		},
		{
			"from": [6.25, 4, 7.5],
			"to": [9.75, 4.5, 8.5],
			"faces": {
				"north": {"uv": [3.5, 2, 7, 2.5], "texture": "#0"},
				"east": {"uv": [7, 2, 8, 2.5], "texture": "#0"},
				"south": {"uv": [7, 2, 3.5, 2.5], "texture": "#0"},
				"west": {"uv": [7, 1.5, 8, 2], "texture": "#0"},
				"up": {"uv": [12.5, 1.5, 9, 2.5], "texture": "#0"},
				"down": {"uv": [12.5, 1.5, 9, 2.5], "texture": "#0"}
			}
		},
		{
			"from": [7.25, 4.5, 7.5],
			"to": [8.75, 5, 8.5],
			"faces": {
				"north": {"uv": [4.5, 1.5, 6, 2], "texture": "#0"},
				"east": {"uv": [7, 2, 8, 2.5], "texture": "#0"},
				"south": {"uv": [6, 1.5, 4.5, 2], "texture": "#0"},
				"west": {"uv": [7, 1.5, 8, 2], "texture": "#0"},
				"up": {"uv": [11.5, 1.5, 10, 2.5], "texture": "#0"}
			}
		},
		{
			"from": [7.75, 5, 7.5],
			"to": [8.25, 6, 8.5],
			"faces": {
				"north": {"uv": [5, 0.5, 5.5, 1.5], "texture": "#0"},
				"east": {"uv": [5, 0.5, 5.5, 1.5], "texture": "#0"},
				"south": {"uv": [5.5, 0.5, 5, 1.5], "texture": "#0"},
				"west": {"uv": [5, 0.5, 5.5, 1.5], "texture": "#0"},
				"up": {"uv": [5, 0.5, 5.5, 1], "texture": "#0"}
			}
		},
		{
			"from": [7.25, 5, 7.75],
			"to": [8.75, 10.5, 8.25],
			"faces": {
				"north": {"uv": [0, 5, 1.5, 10.5], "texture": "#0"},
				"east": {"uv": [0, 5, 0.5, 10.5], "texture": "#0"},
				"south": {"uv": [1.5, 5, 0, 10.5], "texture": "#0"},
				"west": {"uv": [1, 5, 1.5, 10.5], "texture": "#0"},
				"up": {"uv": [1.5, 5, 0, 5.5], "texture": "#0"}
			}
		},
		{
			"from": [7.25, 10.5, 7.75],
			"to": [8.25, 11, 8.25],
			"faces": {
				"north": {"uv": [0.5, 4.5, 1.5, 5], "texture": "#0"},
				"east": {"uv": [0.5, 4.5, 1, 5], "texture": "#0"},
				"south": {"uv": [1.5, 4.5, 0.5, 5], "texture": "#0"},
				"west": {"uv": [1, 4.5, 1.5, 5], "texture": "#0"}
			}
		},
		{
			"from": [6.75, 11, 7.75],
			"to": [8.25, 13, 8.25],
			"faces": {
				"north": {"uv": [0.5, 2.5, 2, 4.5], "texture": "#0"},
				"east": {"uv": [0.5, 2.5, 1, 4.5], "texture": "#0"},
				"south": {"uv": [2, 2.5, 0.5, 4.5], "texture": "#0"},
				"west": {"uv": [1.5, 2.5, 2, 4.5], "texture": "#0"},
				"up": {"uv": [2, 2.5, 0.5, 3], "texture": "#0"},
				"down": {"uv": [2, 4, 0.5, 4.5], "texture": "#0"}
			}
		},
		{
			"from": [6.75, 13, 7.75],
			"to": [7.75, 15, 8.25],
			"faces": {
				"north": {"uv": [1, 0.5, 2, 2.5], "texture": "#0"},
				"east": {"uv": [1, 0.5, 1.5, 2.5], "texture": "#0"},
				"south": {"uv": [2, 0.5, 1, 2.5], "texture": "#0"},
				"west": {"uv": [1.5, 0.5, 2, 2.5], "texture": "#0"},
				"up": {"uv": [2, 0.5, 1, 1], "texture": "#0"}
			}
		},
		{
			"from": [6.75, 15, 7.75],
			"to": [7.25, 15.5, 8.25],
			"faces": {
				"north": {"uv": [1.5, 0, 2, 0.5], "texture": "#0"},
				"east": {"uv": [1.5, 0, 2, 0.5], "texture": "#0"},
				"south": {"uv": [2, 0, 1.5, 0.5], "texture": "#0"},
				"west": {"uv": [1.5, 0, 2, 0.5], "texture": "#0"},
				"up": {"uv": [1.5, 0, 2, 0.5], "texture": "#0"}
			}
		}
	],
	"display": {
		"thirdperson_righthand": {
			"scale": [1.5, 1.5, 1.5],
			"rotation": [0, 90, 0],
			"translation": [0, 6.5, 2]
		},
		"thirdperson_lefthand": {
			"scale": [1.5, 1.5, 1.5],
			"rotation": [0, -90, 0],
			"translation": [0, 6.5, 2]
		},
		"firstperson_righthand": {
			"rotation": [5, 90, 0],
			"translation": [0, 5.5, 2]
		},
		"firstperson_lefthand": {
			"rotation": [5, -90, 0],
			"translation": [0, 5.5, 2]
		},
		"ground": {
			"rotation": [-60, 90, 0],
			"translation": [0, 1, -0.5],
			"scale": [0.75, 0.75, 0.75]
		},
		"fixed": {
			"rotation": [0, 0, 0],
			"translation": [0, 0.5, 0],
			"scale": [1.5, 1.5, 1.5]
		},
		"gui": {
			"scale": [0.9, 0.9, 0.9],
			"rotation": [22.5, 0, -45],
			"translation": [0.5, 0.5, 0]
		}
	}
}