{
	"credit": "by Katniss",
	"textures": {
		"0": "_weapon/wooden_shortsword"
	},
	"elements": [
		{
			"from": [7.5, 0, 7.5],
			"to": [8.5, 3.5, 8.5],
			"faces": {
				"north": {"uv": [3, 1.5, 4, 5], "texture": "#0"},
				"east": {"uv": [4, 1.5, 5, 5], "texture": "#0"},
				"south": {"uv": [3, 1.5, 4, 5], "texture": "#0"},
				"west": {"uv": [4, 1.5, 5, 5], "texture": "#0"},
				"down": {"uv": [3, 5, 4, 6], "texture": "#0"}
			}
		},
		{
			"from": [6.5, 3.5, 7.5],
			"to": [9.5, 4, 8.5],
			"faces": {
				"north": {"uv": [2, 1, 5, 1.5], "texture": "#0"},
				"east": {"uv": [6.5, 0, 5.5, 0.5], "texture": "#0"},
				"south": {"uv": [2, 1, 5, 1.5], "texture": "#0"},
				"west": {"uv": [6.5, 0.5, 5.5, 1], "texture": "#0"},
				"up": {"uv": [5, 0, 2, 1], "texture": "#0"},
				"down": {"uv": [5, 0, 2, 1], "texture": "#0"}
			}
		},
		{
			"from": [7, 3, 7.75],
			"to": [9, 6.5, 8.25],
			"faces": {
				"north": {"uv": [0, 4, 2, 7.5], "texture": "#0"},
				"east": {"uv": [0, 4, 0.5, 7.5], "texture": "#0"},
				"south": {"uv": [0, 4, 2, 7.5], "texture": "#0"},
				"west": {"uv": [1.5, 4, 2, 7.5], "texture": "#0"},
				"up": {"uv": [0, 4, 2, 4.5], "texture": "#0"},
				"down": {"uv": [2, 7, 0, 7.5], "texture": "#0"}
			}
		},
		{
			"from": [7, 6.5, 7.75],
			"to": [8.5, 8, 8.25],
			"faces": {
				"north": {"uv": [0.5, 2.5, 2, 4], "texture": "#0"},
				"east": {"uv": [0.5, 2.5, 1, 4], "texture": "#0"},
				"south": {"uv": [0.5, 2.5, 2, 4], "texture": "#0"},
				"west": {"uv": [1.5, 2.5, 2, 4], "texture": "#0"},
				"up": {"uv": [2, 2.5, 0.5, 3], "texture": "#0"}
			}
		},
		{
			"from": [7.5, 8, 7.75],
			"to": [8.5, 9.5, 8.25],
			"faces": {
				"north": {"uv": [0.5, 1, 1.5, 2.5], "texture": "#0"},
				"east": {"uv": [0.5, 1, 1, 2.5], "texture": "#0"},
				"south": {"uv": [0.5, 1, 1.5, 2.5], "texture": "#0"},
				"west": {"uv": [1, 1, 1.5, 2.5], "texture": "#0"},
				"up": {"uv": [1.5, 1, 0.5, 1.5], "texture": "#0"}
			}
		},
		{
			"from": [7.5, 9.5, 7.75],
			"to": [8, 10.5, 8.25],
			"faces": {
				"north": {"uv": [1, 0, 1.5, 1], "texture": "#0"},
				"east": {"uv": [1, 0, 1.5, 1], "texture": "#0"},
				"south": {"uv": [1, 0, 1.5, 1], "texture": "#0"},
				"west": {"uv": [1, 0, 1.5, 1], "texture": "#0"},
				"up": {"uv": [1, 0, 1.5, 0.5], "texture": "#0"}
			}
		}
	],
	"display": {
		"thirdperson_righthand": {
			"scale": [1.5, 1.5, 1.5],
			"rotation": [0, 90, 0],
			"translation": [0, 7.5, 2]
		},
		"thirdperson_lefthand": {
			"scale": [1.5, 1.5, 1.5],
			"rotation": [0, -90, 0],
			"translation": [0, 7.5, 2]
		},
		"firstperson_righthand": {
			"rotation": [5, 90, 0],
			"translation": [0, 5.5, 2]
		},
		"firstperson_lefthand": {
			"rotation": [5, -90, 0],
			"translation": [0, 5.5, 2]
		},
		"ground": {
			"rotation": [-60, 90, 0],
			"translation": [0, 1, -3],
			"scale": [0.75, 0.75, 0.75]
		},
		"fixed": {
			"rotation": [0, 0, 0],
			"translation": [0, 4, 0],
			"scale": [1.5, 1.5, 1.5]
		},
		"gui": {
			"scale": [0.9, 0.9, 0.9],
			"rotation": [22.5, 0, -45],
			"translation": [2, 1.5, 0]
		}
	}
}