{
"__comment": "Designed by MasterianoX",
"textures": {
    "particle": "wynn/weapons/sets/lotr_set/lotr_staff",
    "texture": "wynn/weapons/sets/lotr_set/lotr_staff"
},
"elements": [ 
{
    "from": [ 7.25, 13.5, 7.125 ],
    "to": [ 8.5, 14.75, 8.875 ],
    "faces": {
        "down":  { "uv": [ 7.25, 2.5, 8.5, 2.25 ], "texture": "#texture" },
        "up":    { "uv": [ 7.25, 1.25, 8.5, 1.5 ], "texture": "#texture" },
        "north": { "uv": [ 8.5, 1.25, 7.25, 2.5 ], "texture": "#texture" },
        "south": { "uv": [ 7.25, 1.25, 8.5, 2.5 ], "texture": "#texture" },
        "west":  { "uv": [ 7.25, 1.25, 7.5, 2.5 ], "texture": "#texture" },
        "east":  { "uv": [ 8.5, 1.25, 8.25, 2.5 ], "texture": "#texture" }
    }
},
{
    "from": [ 7, 13.5, 7.5 ],
    "to": [ 8.75, 14.75, 8.5 ],
    "faces": {
        "down":  { "uv": [ 7, 2.5, 8.75, 2.25 ], "texture": "#texture" },
        "up":    { "uv": [ 7, 1.25, 8.75, 1.5 ], "texture": "#texture" },
        "north": { "uv": [ 8.75, 1.25, 7, 2.5 ], "texture": "#texture" },
        "south": { "uv": [ 7, 1.25, 8.75, 2.5 ], "texture": "#texture" },
        "west":  { "uv": [ 7, 1.25, 7.25, 2.5 ], "texture": "#texture" },
        "east":  { "uv": [ 8.75, 1.25, 8.5, 2.5 ], "texture": "#texture" }
    }
},
{
    "from": [ 7.25, 14.75, 7.5 ],
    "to": [ 8.5, 15, 8.5 ],
    "faces": {
        "down":  { "uv": [ 7.25, 1.25, 8.5, 1 ], "texture": "#texture" },
        "up":    { "uv": [ 7.25, 1, 8.5, 1.25 ], "texture": "#texture" },
        "north": { "uv": [ 8.5, 1, 7.25, 1.25 ], "texture": "#texture" },
        "south": { "uv": [ 7.25, 1, 8.5, 1.25 ], "texture": "#texture" },
        "west":  { "uv": [ 7.25, 1, 7.5, 1.25 ], "texture": "#texture" },
        "east":  { "uv": [ 8.5, 1, 8.25, 1.25 ], "texture": "#texture" }
    }
},
{
    "from": [ 7.25, 13.25, 7.5 ],
    "to": [ 8.5, 13.5, 8.5 ],
    "faces": {
        "down":  { "uv": [ 7.25, 2.75, 8.5, 2.5 ], "texture": "#texture" },
        "up":    { "uv": [ 7.25, 2.5, 8.5, 2.75 ], "texture": "#texture" },
        "north": { "uv": [ 8.5, 2.5, 7.25, 2.75 ], "texture": "#texture" },
        "south": { "uv": [ 7.25, 2.5, 8.5, 2.75 ], "texture": "#texture" },
        "west":  { "uv": [ 7.25, 2.5, 7.5, 2.75 ], "texture": "#texture" },
        "east":  { "uv": [ 8.5, 2.5, 8.25, 2.75 ], "texture": "#texture" }
    }
},
{
    "from": [ 7.75, 13, 9.375 ],
    "to": [ 8.25, 16, 9.625 ],
    "faces": {
        "down":  { "uv": [ 6.25, 3, 6.5, 2.75 ], "rotation": 90, "texture": "#texture" },
        "up":    { "uv": [ 6.25, 0, 6.5, 0.25 ], "rotation": 270, "texture": "#texture" },
        "north": { "uv": [ 6.5, 0, 6.25, 3 ], "texture": "#texture" },
        "south": { "uv": [ 6.25, 0, 6.5, 3 ], "texture": "#texture" },
        "west":  { "uv": [ 6.5, 0, 6.25, 3 ], "texture": "#texture" },
        "east":  { "uv": [ 6.25, 0, 6.5, 3 ], "texture": "#texture" }
    }
},
{
    "from": [ 7.75, 12.5, 9.125 ],
    "to": [ 8.25, 15.5, 9.375 ],
    "faces": {
        "down":  { "uv": [ 6.5, 3.5, 6.75, 3.25 ], "rotation": 90, "texture": "#texture" },
        "up":    { "uv": [ 6.5, 0.5, 6.75, 0.75 ], "rotation": 270, "texture": "#texture" },
        "north": { "uv": [ 6.75, 0.5, 6.5, 3.5 ], "texture": "#texture" },
        "south": { "uv": [ 6.5, 0.5, 6.75, 3.5 ], "texture": "#texture" },
        "west":  { "uv": [ 6.75, 0.5, 6.5, 3.5 ], "texture": "#texture" },
        "east":  { "uv": [ 6.5, 0.5, 6.75, 3.5 ], "texture": "#texture" }
    }
},
{
    "from": [ 7.75, 10.5, 6.625 ],
    "to": [ 8.25, 11, 9.375 ],
    "faces": {
        "down":  { "uv": [ 6.5, 5.5, 9.25, 5.25 ], "rotation": 90, "texture": "#texture" },
        "up":    { "uv": [ 6.5, 5, 9.25, 5.25 ], "rotation": 270, "texture": "#texture" },
        "north": { "uv": [ 9.25, 5, 9, 5.5 ], "texture": "#texture" },
        "south": { "uv": [ 6.5, 5, 6.75, 5.5 ], "texture": "#texture" },
        "west":  { "uv": [ 9.25, 5, 6.5, 5.5 ], "texture": "#texture" },
        "east":  { "uv": [ 6.5, 5, 9.25, 5.5 ], "texture": "#texture" }
    }
},
{
    "from": [ 7.75, 14.5, 8.875 ],
    "to": [ 8.25, 15.25, 9.125 ],
    "faces": {
        "down":  { "uv": [ 6.75, 1.5, 7, 1.25 ], "rotation": 90, "texture": "#texture" },
        "up":    { "uv": [ 6.75, 0.75, 7, 1 ], "rotation": 270, "texture": "#texture" },
        "north": { "uv": [ 7, 0.75, 6.75, 1.5 ], "texture": "#texture" },
        "south": { "uv": [ 6.75, 0.75, 7, 1.5 ], "texture": "#texture" },
        "west":  { "uv": [ 7, 0.75, 6.75, 1.5 ], "texture": "#texture" },
        "east":  { "uv": [ 6.75, 0.75, 7, 1.5 ], "texture": "#texture" }
    }
},
{
    "from": [ 7.75, 12.25, 8.875 ],
    "to": [ 8.25, 13.75, 9.125 ],
    "faces": {
        "down":  { "uv": [ 6.75, 3.75, 7, 3.5 ], "rotation": 90, "texture": "#texture" },
        "up":    { "uv": [ 6.75, 2.25, 7, 2.5 ], "rotation": 270, "texture": "#texture" },
        "north": { "uv": [ 7, 2.25, 6.75, 3.75 ], "texture": "#texture" },
        "south": { "uv": [ 6.75, 2.25, 7, 3.75 ], "texture": "#texture" },
        "west":  { "uv": [ 7, 2.25, 6.75, 3.75 ], "texture": "#texture" },
        "east":  { "uv": [ 6.75, 2.25, 7, 3.75 ], "texture": "#texture" }
    }
},
{
    "from": [ 7.75, 11, 6.875 ],
    "to": [ 8.25, 11.5, 9.125 ],
    "faces": {
        "down":  { "uv": [ 6.75, 5, 9, 4.75 ], "rotation": 90, "texture": "#texture" },
        "up":    { "uv": [ 6.75, 4.5, 9, 4.75 ], "rotation": 270, "texture": "#texture" },
        "north": { "uv": [ 9, 4.5, 8.75, 5 ], "texture": "#texture" },
        "south": { "uv": [ 6.75, 4.5, 7, 5 ], "texture": "#texture" },
        "west":  { "uv": [ 9, 4.5, 6.75, 5 ], "texture": "#texture" },
        "east":  { "uv": [ 6.75, 4.5, 9, 5 ], "texture": "#texture" }
    }
},
{
    "from": [ 7.75, 10.25, 6.875 ],
    "to": [ 8.25, 10.5, 9.125 ],
    "faces": {
        "down":  { "uv": [ 6.75, 5.75, 9, 5.5 ], "rotation": 90, "texture": "#texture" },
        "up":    { "uv": [ 6.75, 5.5, 9, 5.75 ], "rotation": 270, "texture": "#texture" },
        "north": { "uv": [ 9, 5.5, 8.75, 5.75 ], "texture": "#texture" },
        "south": { "uv": [ 6.75, 5.5, 7, 5.75 ], "texture": "#texture" },
        "west":  { "uv": [ 9, 5.5, 6.75, 5.75 ], "texture": "#texture" },
        "east":  { "uv": [ 6.75, 5.5, 9, 5.75 ], "texture": "#texture" }
    }
},
{
    "from": [ 7.75, 11.5, 8.625 ],
    "to": [ 8.25, 13.25, 8.875 ],
    "faces": {
        "down":  { "uv": [ 7, 4.5, 7.25, 4.25 ], "rotation": 90, "texture": "#texture" },
        "up":    { "uv": [ 7, 2.75, 7.25, 3 ], "rotation": 270, "texture": "#texture" },
        "north": { "uv": [ 7.25, 2.75, 7, 4.5 ], "texture": "#texture" },
        "south": { "uv": [ 7, 2.75, 7.25, 4.5 ], "texture": "#texture" },
        "west":  { "uv": [ 7.25, 2.75, 7, 4.5 ], "texture": "#texture" },
        "east":  { "uv": [ 7, 2.75, 7.25, 4.5 ], "texture": "#texture" }
    }
},
{
    "from": [ 7.75, 9.5, 7.125 ],
    "to": [ 8.25, 10.25, 8.875 ],
    "faces": {
        "down":  { "uv": [ 7, 6.5, 8.75, 6.25 ], "rotation": 90, "texture": "#texture" },
        "up":    { "uv": [ 7, 5.75, 8.75, 6 ], "rotation": 270, "texture": "#texture" },
        "north": { "uv": [ 8.75, 5.75, 8.5, 6.5 ], "texture": "#texture" },
        "south": { "uv": [ 7, 5.75, 7.25, 6.5 ], "texture": "#texture" },
        "west":  { "uv": [ 8.75, 5.75, 7, 6.5 ], "texture": "#texture" },
        "east":  { "uv": [ 7, 5.75, 8.75, 6.5 ], "texture": "#texture" }
    }
},
{
    "from": [ 7.75, 11.5, 7.125 ],
    "to": [ 8.25, 13, 8.625 ],
    "faces": {
        "down":  { "uv": [ 7.25, 4.5, 8.75, 4.25 ], "rotation": 90, "texture": "#texture" },
        "up":    { "uv": [ 7.25, 3, 8.75, 3.25 ], "rotation": 270, "texture": "#texture" },
        "north": { "uv": [ 8.75, 3, 8.5, 4.5 ], "texture": "#texture" },
        "south": { "uv": [ 7.25, 3, 7.5, 4.5 ], "texture": "#texture" },
        "west":  { "uv": [ 8.75, 3, 7.25, 4.5 ], "texture": "#texture" },
        "east":  { "uv": [ 7.25, 3, 8.75, 4.5 ], "texture": "#texture" }
    }
},
{
    "from": [ 7.75, 5, 7.375 ],
    "to": [ 8.25, 9.5, 8.625 ],
    "faces": {
        "down":  { "uv": [ 7.25, 11, 8.5, 10.75 ], "rotation": 90, "texture": "#texture" },
        "up":    { "uv": [ 7.25, 6.5, 8.5, 6.75 ], "rotation": 270, "texture": "#texture" },
        "north": { "uv": [ 8.5, 6.5, 8.25, 11 ], "texture": "#texture" },
        "south": { "uv": [ 7.25, 6.5, 7.5, 11 ], "texture": "#texture" },
        "west":  { "uv": [ 8.5, 6.5, 7.25, 11 ], "texture": "#texture" },
        "east":  { "uv": [ 7.25, 6.5, 8.5, 11 ], "texture": "#texture" }
    }
},
{
    "from": [ 7.75, 13, 6.375 ],
    "to": [ 8.25, 13.25, 7.375 ],
    "faces": {
        "down":  { "uv": [ 8.5, 3, 9.5, 2.75 ], "rotation": 90, "texture": "#texture" },
        "up":    { "uv": [ 8.5, 2.75, 9.5, 3 ], "rotation": 270, "texture": "#texture" },
        "north": { "uv": [ 9.5, 2.75, 9.25, 3 ], "texture": "#texture" },
        "south": { "uv": [ 8.5, 2.75, 8.75, 3 ], "texture": "#texture" },
        "west":  { "uv": [ 9.5, 2.75, 8.5, 3 ], "texture": "#texture" },
        "east":  { "uv": [ 8.5, 2.75, 9.5, 3 ], "texture": "#texture" }
    }
},
{
    "from": [ 7.75, 14.5, 6.375 ],
    "to": [ 8.25, 15.25, 7.125 ],
    "faces": {
        "down":  { "uv": [ 8.75, 1.5, 9.5, 1.25 ], "rotation": 90, "texture": "#texture" },
        "up":    { "uv": [ 8.75, 0.75, 9.5, 1 ], "rotation": 270, "texture": "#texture" },
        "north": { "uv": [ 9.5, 0.75, 9.25, 1.5 ], "texture": "#texture" },
        "south": { "uv": [ 8.75, 0.75, 9, 1.5 ], "texture": "#texture" },
        "west":  { "uv": [ 9.5, 0.75, 8.75, 1.5 ], "texture": "#texture" },
        "east":  { "uv": [ 8.75, 0.75, 9.5, 1.5 ], "texture": "#texture" }
    }
},
{
    "from": [ 7.75, 13.25, 6.375 ],
    "to": [ 8.25, 13.75, 7.125 ],
    "faces": {
        "down":  { "uv": [ 8.75, 2.75, 9.5, 2.5 ], "rotation": 90, "texture": "#texture" },
        "up":    { "uv": [ 8.75, 2.25, 9.5, 2.5 ], "rotation": 270, "texture": "#texture" },
        "north": { "uv": [ 9.5, 2.25, 9.25, 2.75 ], "texture": "#texture" },
        "south": { "uv": [ 8.75, 2.25, 9, 2.75 ], "texture": "#texture" },
        "west":  { "uv": [ 9.5, 2.25, 8.75, 2.75 ], "texture": "#texture" },
        "east":  { "uv": [ 8.75, 2.25, 9.5, 2.75 ], "texture": "#texture" }
    }
},
{
    "from": [ 7.75, 12.25, 6.875 ],
    "to": [ 8.25, 13, 7.125 ],
    "faces": {
        "down":  { "uv": [ 8.75, 3.75, 9, 3.5 ], "rotation": 90, "texture": "#texture" },
        "up":    { "uv": [ 8.75, 3, 9, 3.25 ], "rotation": 270, "texture": "#texture" },
        "north": { "uv": [ 9, 3, 8.75, 3.75 ], "texture": "#texture" },
        "south": { "uv": [ 8.75, 3, 9, 3.75 ], "texture": "#texture" },
        "west":  { "uv": [ 9, 3, 8.75, 3.75 ], "texture": "#texture" },
        "east":  { "uv": [ 8.75, 3, 9, 3.75 ], "texture": "#texture" }
    }
},
{
    "from": [ 7.75, 15.25, 6.375 ],
    "to": [ 8.25, 15.5, 6.875 ],
    "faces": {
        "down":  { "uv": [ 9, 0.75, 9.5, 0.5 ], "rotation": 90, "texture": "#texture" },
        "up":    { "uv": [ 9, 0.5, 9.5, 0.75 ], "rotation": 270, "texture": "#texture" },
        "north": { "uv": [ 9.5, 0.5, 9.25, 0.75 ], "texture": "#texture" },
        "south": { "uv": [ 9, 0.5, 9.25, 0.75 ], "texture": "#texture" },
        "west":  { "uv": [ 9.5, 0.5, 9, 0.75 ], "texture": "#texture" },
        "east":  { "uv": [ 9, 0.5, 9.5, 0.75 ], "texture": "#texture" }
    }
},
{
    "from": [ 7.75, 13.75, 6.375 ],
    "to": [ 8.25, 14.5, 6.875 ],
    "faces": {
        "down":  { "uv": [ 9, 2.25, 9.5, 2 ], "rotation": 90, "texture": "#texture" },
        "up":    { "uv": [ 9, 1.5, 9.5, 1.75 ], "rotation": 270, "texture": "#texture" },
        "north": { "uv": [ 9.5, 1.5, 9.25, 2.25 ], "texture": "#texture" },
        "south": { "uv": [ 9, 1.5, 9.25, 2.25 ], "texture": "#texture" },
        "west":  { "uv": [ 9.5, 1.5, 9, 2.25 ], "texture": "#texture" },
        "east":  { "uv": [ 9, 1.5, 9.5, 2.25 ], "texture": "#texture" }
    }
},
{
    "from": [ 7.75, 12.5, 6.625 ],
    "to": [ 8.25, 13, 6.875 ],
    "faces": {
        "down":  { "uv": [ 9, 3.5, 9.25, 3.25 ], "rotation": 90, "texture": "#texture" },
        "up":    { "uv": [ 9, 3, 9.25, 3.25 ], "rotation": 270, "texture": "#texture" },
        "north": { "uv": [ 9.25, 3, 9, 3.5 ], "texture": "#texture" },
        "south": { "uv": [ 9, 3, 9.25, 3.5 ], "texture": "#texture" },
        "west":  { "uv": [ 9.25, 3, 9, 3.5 ], "texture": "#texture" },
        "east":  { "uv": [ 9, 3, 9.25, 3.5 ], "texture": "#texture" }
    }
},
{
    "from": [ 7.75, 15.5, 6.375 ],
    "to": [ 8.25, 16, 6.625 ],
    "faces": {
        "down":  { "uv": [ 9.25, 0.5, 9.5, 0.25 ], "rotation": 90, "texture": "#texture" },
        "up":    { "uv": [ 9.25, 0, 9.5, 0.25 ], "rotation": 270, "texture": "#texture" },
        "north": { "uv": [ 9.5, 0, 9.25, 0.5 ], "texture": "#texture" },
        "south": { "uv": [ 9.25, 0, 9.5, 0.5 ], "texture": "#texture" },
        "west":  { "uv": [ 9.5, 0, 9.25, 0.5 ], "texture": "#texture" },
        "east":  { "uv": [ 9.25, 0, 9.5, 0.5 ], "texture": "#texture" }
    }
},
{
    "from": [ 6.375, 13, 7.75 ],
    "to": [ 6.625, 16, 8.25 ],
    "faces": {
        "down":  { "uv": [ 6.25, 3, 6.5, 2.75 ], "texture": "#texture" },
        "up":    { "uv": [ 6.25, 0, 6.5, 0.25 ], "texture": "#texture" },
        "north": { "uv": [ 6.5, 0, 6.25, 3 ], "texture": "#texture" },
        "south": { "uv": [ 6.25, 0, 6.5, 3 ], "texture": "#texture" },
        "west":  { "uv": [ 6.25, 0, 6.5, 3 ], "texture": "#texture" },
        "east":  { "uv": [ 6.5, 0, 6.25, 3 ], "texture": "#texture" }
    }
},
{
    "from": [ 6.625, 12.5, 7.75 ],
    "to": [ 6.875, 15.5, 8.25 ],
    "faces": {
        "down":  { "uv": [ 6.5, 3.5, 6.75, 3.25 ], "texture": "#texture" },
        "up":    { "uv": [ 6.5, 0.5, 6.75, 0.75 ], "texture": "#texture" },
        "north": { "uv": [ 6.75, 0.5, 6.5, 3.5 ], "texture": "#texture" },
        "south": { "uv": [ 6.5, 0.5, 6.75, 3.5 ], "texture": "#texture" },
        "west":  { "uv": [ 6.5, 0.5, 6.75, 3.5 ], "texture": "#texture" },
        "east":  { "uv": [ 6.75, 0.5, 6.5, 3.5 ], "texture": "#texture" }
    }
},
{
    "from": [ 6.625, 10.5, 7.75 ],
    "to": [ 9.375, 11, 8.25 ],
    "faces": {
        "down":  { "uv": [ 6.5, 5.5, 9.25, 5.25 ], "texture": "#texture" },
        "up":    { "uv": [ 6.5, 5, 9.25, 5.25 ], "texture": "#texture" },
        "north": { "uv": [ 9.25, 5, 6.5, 5.5 ], "texture": "#texture" },
        "south": { "uv": [ 6.5, 5, 9.25, 5.5 ], "texture": "#texture" },
        "west":  { "uv": [ 6.5, 5, 6.75, 5.5 ], "texture": "#texture" },
        "east":  { "uv": [ 9.25, 5, 9, 5.5 ], "texture": "#texture" }
    }
},
{
    "from": [ 6.875, 14.5, 7.75 ],
    "to": [ 7.125, 15.25, 8.25 ],
    "faces": {
        "down":  { "uv": [ 6.75, 1.5, 7, 1.25 ], "texture": "#texture" },
        "up":    { "uv": [ 6.75, 0.75, 7, 1 ], "texture": "#texture" },
        "north": { "uv": [ 7, 0.75, 6.75, 1.5 ], "texture": "#texture" },
        "south": { "uv": [ 6.75, 0.75, 7, 1.5 ], "texture": "#texture" },
        "west":  { "uv": [ 6.75, 0.75, 7, 1.5 ], "texture": "#texture" },
        "east":  { "uv": [ 7, 0.75, 6.75, 1.5 ], "texture": "#texture" }
    }
},
{
    "from": [ 6.875, 12.25, 7.75 ],
    "to": [ 7.125, 13.75, 8.25 ],
    "faces": {
        "down":  { "uv": [ 6.75, 3.75, 7, 3.5 ], "texture": "#texture" },
        "up":    { "uv": [ 6.75, 2.25, 7, 2.5 ], "texture": "#texture" },
        "north": { "uv": [ 7, 2.25, 6.75, 3.75 ], "texture": "#texture" },
        "south": { "uv": [ 6.75, 2.25, 7, 3.75 ], "texture": "#texture" },
        "west":  { "uv": [ 6.75, 2.25, 7, 3.75 ], "texture": "#texture" },
        "east":  { "uv": [ 7, 2.25, 6.75, 3.75 ], "texture": "#texture" }
    }
},
{
    "from": [ 6.875, 11, 7.75 ],
    "to": [ 9.125, 11.5, 8.25 ],
    "faces": {
        "down":  { "uv": [ 6.75, 5, 9, 4.75 ], "texture": "#texture" },
        "up":    { "uv": [ 6.75, 4.5, 9, 4.75 ], "texture": "#texture" },
        "north": { "uv": [ 9, 4.5, 6.75, 5 ], "texture": "#texture" },
        "south": { "uv": [ 6.75, 4.5, 9, 5 ], "texture": "#texture" },
        "west":  { "uv": [ 6.75, 4.5, 7, 5 ], "texture": "#texture" },
        "east":  { "uv": [ 9, 4.5, 8.75, 5 ], "texture": "#texture" }
    }
},
{
    "from": [ 6.875, 10.25, 7.75 ],
    "to": [ 9.125, 10.5, 8.25 ],
    "faces": {
        "down":  { "uv": [ 6.75, 5.75, 9, 5.5 ], "texture": "#texture" },
        "up":    { "uv": [ 6.75, 5.5, 9, 5.75 ], "texture": "#texture" },
        "north": { "uv": [ 9, 5.5, 6.75, 5.75 ], "texture": "#texture" },
        "south": { "uv": [ 6.75, 5.5, 9, 5.75 ], "texture": "#texture" },
        "west":  { "uv": [ 6.75, 5.5, 7, 5.75 ], "texture": "#texture" },
        "east":  { "uv": [ 9, 5.5, 8.75, 5.75 ], "texture": "#texture" }
    }
},
{
    "from": [ 7.125, 11.5, 7.75 ],
    "to": [ 7.375, 13.25, 8.25 ],
    "faces": {
        "down":  { "uv": [ 7, 4.5, 7.25, 4.25 ], "texture": "#texture" },
        "up":    { "uv": [ 7, 2.75, 7.25, 3 ], "texture": "#texture" },
        "north": { "uv": [ 7.25, 2.75, 7, 4.5 ], "texture": "#texture" },
        "south": { "uv": [ 7, 2.75, 7.25, 4.5 ], "texture": "#texture" },
        "west":  { "uv": [ 7, 2.75, 7.25, 4.5 ], "texture": "#texture" },
        "east":  { "uv": [ 7.25, 2.75, 7, 4.5 ], "texture": "#texture" }
    }
},
{
    "from": [ 7.125, 9.5, 7.75 ],
    "to": [ 8.875, 10.25, 8.25 ],
    "faces": {
        "down":  { "uv": [ 7, 6.5, 8.75, 6.25 ], "texture": "#texture" },
        "up":    { "uv": [ 7, 5.75, 8.75, 6 ], "texture": "#texture" },
        "north": { "uv": [ 8.75, 5.75, 7, 6.5 ], "texture": "#texture" },
        "south": { "uv": [ 7, 5.75, 8.75, 6.5 ], "texture": "#texture" },
        "west":  { "uv": [ 7, 5.75, 7.25, 6.5 ], "texture": "#texture" },
        "east":  { "uv": [ 8.75, 5.75, 8.5, 6.5 ], "texture": "#texture" }
    }
},
{
    "from": [ 7.375, 11.5, 7.75 ],
    "to": [ 8.875, 13, 8.25 ],
    "faces": {
        "down":  { "uv": [ 7.25, 4.5, 8.75, 4.25 ], "texture": "#texture" },
        "up":    { "uv": [ 7.25, 3, 8.75, 3.25 ], "texture": "#texture" },
        "north": { "uv": [ 8.75, 3, 7.25, 4.5 ], "texture": "#texture" },
        "south": { "uv": [ 7.25, 3, 8.75, 4.5 ], "texture": "#texture" },
        "west":  { "uv": [ 7.25, 3, 7.5, 4.5 ], "texture": "#texture" },
        "east":  { "uv": [ 8.75, 3, 8.5, 4.5 ], "texture": "#texture" }
    }
},
{
    "from": [ 7.375, 5, 7.75 ],
    "to": [ 8.625, 9.5, 8.25 ],
    "faces": {
        "down":  { "uv": [ 7.25, 11, 8.5, 10.75 ], "texture": "#texture" },
        "up":    { "uv": [ 7.25, 6.5, 8.5, 6.75 ], "texture": "#texture" },
        "north": { "uv": [ 8.5, 6.5, 7.25, 11 ], "texture": "#texture" },
        "south": { "uv": [ 7.25, 6.5, 8.5, 11 ], "texture": "#texture" },
        "west":  { "uv": [ 7.25, 6.5, 7.5, 11 ], "texture": "#texture" },
        "east":  { "uv": [ 8.5, 6.5, 8.25, 11 ], "texture": "#texture" }
    }
},
{
    "from": [ 7.625, 1.75, 7.625 ],
    "to": [ 8.375, 5, 8.375 ],
    "faces": {
        "down":  { "uv": [ 7.5, 14.25, 8.25, 14 ], "texture": "#texture" },
        "up":    { "uv": [ 7.5, 11, 8.25, 11.25 ], "texture": "#texture" },
        "north": { "uv": [ 7.5, 11, 8.25, 14.25 ], "texture": "#texture" },
        "south": { "uv": [ 7.5, 11, 8.25, 14.25 ], "texture": "#texture" },
        "west":  { "uv": [ 8.25, 11, 7.5, 14.25 ], "texture": "#texture" },
        "east":  { "uv": [ 8.25, 11, 7.5, 14.25 ], "texture": "#texture" }
    }
},
{
    "from": [ 7.875, 0, 7.875 ],
    "to": [ 8.125, 1.75, 8.125 ],
    "faces": {
        "down":  { "uv": [ 7.75, 16, 8, 15.75 ], "texture": "#texture" },
        "up":    { "uv": [ 7.75, 14.25, 8, 14.5 ], "texture": "#texture" },
        "north": { "uv": [ 8, 14.25, 7.75, 16 ], "texture": "#texture" },
        "south": { "uv": [ 7.75, 14.25, 8, 16 ], "texture": "#texture" },
        "west":  { "uv": [ 7.75, 14.25, 8, 16 ], "texture": "#texture" },
        "east":  { "uv": [ 8, 14.25, 7.75, 16 ], "texture": "#texture" }
    }
},
{
    "from": [ 8.625, 13, 7.75 ],
    "to": [ 9.625, 13.25, 8.25 ],
    "faces": {
        "down":  { "uv": [ 8.5, 3, 9.5, 2.75 ], "texture": "#texture" },
        "up":    { "uv": [ 8.5, 2.75, 9.5, 3 ], "texture": "#texture" },
        "north": { "uv": [ 9.5, 2.75, 8.5, 3 ], "texture": "#texture" },
        "south": { "uv": [ 8.5, 2.75, 9.5, 3 ], "texture": "#texture" },
        "west":  { "uv": [ 8.5, 2.75, 8.75, 3 ], "texture": "#texture" },
        "east":  { "uv": [ 9.5, 2.75, 9.25, 3 ], "texture": "#texture" }
    }
},
{
    "from": [ 8.875, 14.5, 7.75 ],
    "to": [ 9.625, 15.25, 8.25 ],
    "faces": {
        "down":  { "uv": [ 8.75, 1.5, 9.5, 1.25 ], "texture": "#texture" },
        "up":    { "uv": [ 8.75, 0.75, 9.5, 1 ], "texture": "#texture" },
        "north": { "uv": [ 9.5, 0.75, 8.75, 1.5 ], "texture": "#texture" },
        "south": { "uv": [ 8.75, 0.75, 9.5, 1.5 ], "texture": "#texture" },
        "west":  { "uv": [ 8.75, 0.75, 9, 1.5 ], "texture": "#texture" },
        "east":  { "uv": [ 9.5, 0.75, 9.25, 1.5 ], "texture": "#texture" }
    }
},
{
    "from": [ 8.875, 13.25, 7.75 ],
    "to": [ 9.625, 13.75, 8.25 ],
    "faces": {
        "down":  { "uv": [ 8.75, 2.75, 9.5, 2.5 ], "texture": "#texture" },
        "up":    { "uv": [ 8.75, 2.25, 9.5, 2.5 ], "texture": "#texture" },
        "north": { "uv": [ 9.5, 2.25, 8.75, 2.75 ], "texture": "#texture" },
        "south": { "uv": [ 8.75, 2.25, 9.5, 2.75 ], "texture": "#texture" },
        "west":  { "uv": [ 8.75, 2.25, 9, 2.75 ], "texture": "#texture" },
        "east":  { "uv": [ 9.5, 2.25, 9.25, 2.75 ], "texture": "#texture" }
    }
},
{
    "from": [ 8.875, 12.25, 7.75 ],
    "to": [ 9.125, 13, 8.25 ],
    "faces": {
        "down":  { "uv": [ 8.75, 3.75, 9, 3.5 ], "texture": "#texture" },
        "up":    { "uv": [ 8.75, 3, 9, 3.25 ], "texture": "#texture" },
        "north": { "uv": [ 9, 3, 8.75, 3.75 ], "texture": "#texture" },
        "south": { "uv": [ 8.75, 3, 9, 3.75 ], "texture": "#texture" },
        "west":  { "uv": [ 8.75, 3, 9, 3.75 ], "texture": "#texture" },
        "east":  { "uv": [ 9, 3, 8.75, 3.75 ], "texture": "#texture" }
    }
},
{
    "from": [ 9.125, 15.25, 7.75 ],
    "to": [ 9.625, 15.5, 8.25 ],
    "faces": {
        "down":  { "uv": [ 9, 0.75, 9.5, 0.5 ], "texture": "#texture" },
        "up":    { "uv": [ 9, 0.5, 9.5, 0.75 ], "texture": "#texture" },
        "north": { "uv": [ 9.5, 0.5, 9, 0.75 ], "texture": "#texture" },
        "south": { "uv": [ 9, 0.5, 9.5, 0.75 ], "texture": "#texture" },
        "west":  { "uv": [ 9, 0.5, 9.25, 0.75 ], "texture": "#texture" },
        "east":  { "uv": [ 9.5, 0.5, 9.25, 0.75 ], "texture": "#texture" }
    }
},
{
    "from": [ 9.125, 13.75, 7.75 ],
    "to": [ 9.625, 14.5, 8.25 ],
    "faces": {
        "down":  { "uv": [ 9, 2.25, 9.5, 2 ], "texture": "#texture" },
        "up":    { "uv": [ 9, 1.5, 9.5, 1.75 ], "texture": "#texture" },
        "north": { "uv": [ 9.5, 1.5, 9, 2.25 ], "texture": "#texture" },
        "south": { "uv": [ 9, 1.5, 9.5, 2.25 ], "texture": "#texture" },
        "west":  { "uv": [ 9, 1.5, 9.25, 2.25 ], "texture": "#texture" },
        "east":  { "uv": [ 9.5, 1.5, 9.25, 2.25 ], "texture": "#texture" }
    }
},
{
    "from": [ 9.125, 12.5, 7.75 ],
    "to": [ 9.375, 13, 8.25 ],
    "faces": {
        "down":  { "uv": [ 9, 3.5, 9.25, 3.25 ], "texture": "#texture" },
        "up":    { "uv": [ 9, 3, 9.25, 3.25 ], "texture": "#texture" },
        "north": { "uv": [ 9.25, 3, 9, 3.5 ], "texture": "#texture" },
        "south": { "uv": [ 9, 3, 9.25, 3.5 ], "texture": "#texture" },
        "west":  { "uv": [ 9, 3, 9.25, 3.5 ], "texture": "#texture" },
        "east":  { "uv": [ 9.25, 3, 9, 3.5 ], "texture": "#texture" }
    }
},
{
    "from": [ 9.375, 15.5, 7.75 ],
    "to": [ 9.625, 16, 8.25 ],
    "faces": {
        "down":  { "uv": [ 9.25, 0.5, 9.5, 0.25 ], "texture": "#texture" },
        "up":    { "uv": [ 9.25, 0, 9.5, 0.25 ], "texture": "#texture" },
        "north": { "uv": [ 9.5, 0, 9.25, 0.5 ], "texture": "#texture" },
        "south": { "uv": [ 9.25, 0, 9.5, 0.5 ], "texture": "#texture" },
        "west":  { "uv": [ 9.25, 0, 9.5, 0.5 ], "texture": "#texture" },
        "east":  { "uv": [ 9.5, 0, 9.25, 0.5 ], "texture": "#texture" }
    }
}
],
"display": {
    "thirdperson_righthand": {
        "rotation": [ 0, 0, 0 ],
        "translation": [ 0, 6.05, 1.89 ],
        "scale": [ 2.25, 2.25, 2.25 ]
    },
    "thirdperson_lefthand": {
        "rotation": [ 0, 0, 0 ],
        "translation": [ 0, 6.05, 1.89 ],
        "scale": [ 2.25, 2.25, 2.25 ]
    },
    "ground": {
        "rotation": [ 0, 0, 45 ],
        "translation": [ 0, 5.48, 0 ],
        "scale": [ 0.5, 0.5, 0.5 ]
    },
    "fixed": {
        "rotation": [ 0, 0, 45 ],
        "translation": [ 0, 0, 0 ],
        "scale": [ 1, 1, 1 ]
    },
    "firstperson_righthand": {
        "rotation": [ 0, -21, 4 ],
        "translation": [ 5.86, 0.94, -4.16 ],
        "scale": [ 2, 2, 2 ]
    },
    "firstperson_lefthand": {
        "rotation": [ 0, -21, 4 ],
        "translation": [ 5.86, 0.94, -5.29 ],
        "scale": [ 2, 2, 2 ]
    },
    "gui": {
        "rotation": [ 0, 180, 45 ],
        "translation": [ 0, 0, 0 ],
        "scale": [ 1, 1, 1 ]
    }
}
}