{
	"credit": "by Katniss",
	"textures": {
		"0": "_weapon/spear",
		"particle": "_weapon/spear"
	},
	"elements": [
		{
			"from": [7.5, -2, 7.5],
			"to": [8.5, 14, 8.5],
			"faces": {
				"north": {"uv": [0, 0, 1, 16], "texture": "#0"},
				"east": {"uv": [1, 0, 2, 16], "texture": "#0"},
				"south": {"uv": [0, 0, 1, 16], "texture": "#0"},
				"west": {"uv": [1, 0, 2, 16], "texture": "#0"},
				"down": {"uv": [2, 6.5, 3, 7.5], "texture": "#0"}
			}
		},
		{
			"from": [7.5, 14, 7.5],
			"to": [8.5, 19, 8.5],
			"faces": {
				"north": {"uv": [2, 0, 3, 5], "texture": "#0"},
				"east": {"uv": [3, 0, 4, 5], "texture": "#0"},
				"south": {"uv": [2, 0, 3, 5], "texture": "#0"},
				"west": {"uv": [3, 0, 4, 5], "texture": "#0"},
				"up": {"uv": [2, 5.5, 3, 6.5], "texture": "#0"}
			}
		},
		{
			"from": [7, 18, 7.75],
			"to": [9, 20.5, 8.25],
			"faces": {
				"north": {"uv": [4, 2.5, 6, 5], "texture": "#0"},
				"east": {"uv": [4, 2.5, 4.5, 5], "texture": "#0"},
				"south": {"uv": [6, 2.5, 4, 5], "texture": "#0"},
				"west": {"uv": [5.5, 2.5, 6, 5], "texture": "#0"},
				"up": {"uv": [6, 2.5, 4, 3], "texture": "#0"},
				"down": {"uv": [6, 4.5, 4, 5], "texture": "#0"}
			}
		},
		{
			"from": [7.5, 20.5, 7.75],
			"to": [8.5, 23, 8.25],
			"faces": {
				"north": {"uv": [4.5, 0, 5.5, 2.5], "texture": "#0"},
				"east": {"uv": [4.5, 0, 5, 2.5], "texture": "#0"},
				"south": {"uv": [5.5, 0, 4.5, 2.5], "texture": "#0"},
				"west": {"uv": [5, 0, 5.5, 2.5], "texture": "#0"},
				"up": {"uv": [5.5, 0, 4.5, 0.5], "texture": "#0"}
			}
		}
	],
	"display": {
		"thirdperson_righthand": {
			"scale": [1.5, 1.5, 1.5],
			"rotation": [0, 90, 0],
			"translation": [0, 2.5, 2]
		},
		"thirdperson_lefthand": {
			"scale": [1.5, 1.5, 1.5],
			"rotation": [0, -90, 0],
			"translation": [0, 2.5, 2]
		},
		"firstperson_righthand": {
			"rotation": [-35, 90, 0],
			"translation": [0, 4, 2.5]
		},
		"firstperson_lefthand": {
			"rotation": [-35, -90, 0],
			"translation": [0, 4, 2.5]
		},
		"ground": {
			"rotation": [-60, 90, 0],
			"translation": [0, 1, 2.5],
			"scale": [0.75, 0.75, 0.75]
		},
		"fixed": {
			"rotation": [0, 0, 0],
			"translation": [0, -3.5, 0],
			"scale": [1.5, 1.5, 1.5]
		},
		"gui": {
			"scale": [0.9, 0.9, 0.9],
			"rotation": [22.5, 0, -45],
			"translation": [-1.5, -1.5, 0]
		}
	}
}