{
"__comment": "Designed by MasterianoX",
"textures": {
    "particle": "wynn/weapons/sets/flaming_set/flaming_bow",
    "texture": "wynn/weapons/sets/flaming_set/flaming_bow"
},
"elements": [ 
{
    "from": [ 5.5, 7.5, 7.25 ],
    "to": [ 6.75, 8, 8.75 ],
    "faces": {
        "down":  { "uv": [ 5.5, 8.5, 6.75, 8.25 ], "texture": "#texture" },
        "up":    { "uv": [ 5.5, 8, 6.75, 8.25 ], "texture": "#texture" },
        "north": { "uv": [ 6.75, 8, 5.5, 8.5 ], "texture": "#texture" },
        "south": { "uv": [ 5.5, 8, 6.75, 8.5 ], "texture": "#texture" },
        "west":  { "uv": [ 5.5, 8, 5.75, 8.5 ], "texture": "#texture" },
        "east":  { "uv": [ 6.75, 8, 6.5, 8.5 ], "texture": "#texture" }
    }
},
{
    "from": [ 5.75, 9.75, 7.25 ],
    "to": [ 7, 10, 8.75 ],
    "faces": {
        "down":  { "uv": [ 5.75, 6.25, 7, 6 ], "texture": "#texture" },
        "up":    { "uv": [ 5.75, 6, 7, 6.25 ], "texture": "#texture" },
        "north": { "uv": [ 7, 6, 5.75, 6.25 ], "texture": "#texture" },
        "south": { "uv": [ 5.75, 6, 7, 6.25 ], "texture": "#texture" },
        "west":  { "uv": [ 5.75, 6, 6, 6.25 ], "texture": "#texture" },
        "east":  { "uv": [ 7, 6, 6.75, 6.25 ], "texture": "#texture" }
    }
},
{
    "from": [ 5.75, 8, 7.25 ],
    "to": [ 6.25, 8.75, 8.75 ],
    "faces": {
        "down":  { "uv": [ 5.75, 8, 6.25, 7.75 ], "texture": "#texture" },
        "up":    { "uv": [ 5.75, 7.25, 6.25, 7.5 ], "texture": "#texture" },
        "north": { "uv": [ 6.25, 7.25, 5.75, 8 ], "texture": "#texture" },
        "south": { "uv": [ 5.75, 7.25, 6.25, 8 ], "texture": "#texture" },
        "west":  { "uv": [ 5.75, 7.25, 6, 8 ], "texture": "#texture" },
        "east":  { "uv": [ 6.25, 7.25, 6, 8 ], "texture": "#texture" }
    }
},
{
    "from": [ 5.75, 7, 7.25 ],
    "to": [ 6.5, 7.5, 8.75 ],
    "faces": {
        "down":  { "uv": [ 5.75, 9, 6.5, 8.75 ], "texture": "#texture" },
        "up":    { "uv": [ 5.75, 8.5, 6.5, 8.75 ], "texture": "#texture" },
        "north": { "uv": [ 6.5, 8.5, 5.75, 9 ], "texture": "#texture" },
        "south": { "uv": [ 5.75, 8.5, 6.5, 9 ], "texture": "#texture" },
        "west":  { "uv": [ 5.75, 8.5, 6, 9 ], "texture": "#texture" },
        "east":  { "uv": [ 6.5, 8.5, 6.25, 9 ], "texture": "#texture" }
    }
},
{
    "from": [ 6, 8.75, 7.25 ],
    "to": [ 6.25, 9, 8.75 ],
    "faces": {
        "down":  { "uv": [ 6, 7.25, 6.25, 7 ], "texture": "#texture" },
        "up":    { "uv": [ 6, 7, 6.25, 7.25 ], "texture": "#texture" },
        "north": { "uv": [ 6.25, 7, 6, 7.25 ], "texture": "#texture" },
        "south": { "uv": [ 6, 7, 6.25, 7.25 ], "texture": "#texture" },
        "west":  { "uv": [ 6, 7, 6.25, 7.25 ], "texture": "#texture" },
        "east":  { "uv": [ 6.25, 7, 6, 7.25 ], "texture": "#texture" }
    }
},
{
    "from": [ 6, 6.75, 7.25 ],
    "to": [ 6.25, 7, 8.75 ],
    "faces": {
        "down":  { "uv": [ 6, 9.25, 6.25, 9 ], "texture": "#texture" },
        "up":    { "uv": [ 6, 9, 6.25, 9.25 ], "texture": "#texture" },
        "north": { "uv": [ 6.25, 9, 6, 9.25 ], "texture": "#texture" },
        "south": { "uv": [ 6, 9, 6.25, 9.25 ], "texture": "#texture" },
        "west":  { "uv": [ 6, 9, 6.25, 9.25 ], "texture": "#texture" },
        "east":  { "uv": [ 6.25, 9, 6, 9.25 ], "texture": "#texture" }
    }
},
{
    "from": [ 6, 5.25, 7.25 ],
    "to": [ 6.5, 5.75, 8.75 ],
    "faces": {
        "down":  { "uv": [ 6, 10.75, 6.5, 10.5 ], "texture": "#texture" },
        "up":    { "uv": [ 6, 10.25, 6.5, 10.5 ], "texture": "#texture" },
        "north": { "uv": [ 6.5, 10.25, 6, 10.75 ], "texture": "#texture" },
        "south": { "uv": [ 6, 10.25, 6.5, 10.75 ], "texture": "#texture" },
        "west":  { "uv": [ 6, 10.25, 6.25, 10.75 ], "texture": "#texture" },
        "east":  { "uv": [ 6.5, 10.25, 6.25, 10.75 ], "texture": "#texture" }
    }
},
{
    "from": [ 6.25, 11.75, 7.25 ],
    "to": [ 7, 12.5, 8.75 ],
    "faces": {
        "down":  { "uv": [ 6.25, 4.25, 7, 4 ], "texture": "#texture" },
        "up":    { "uv": [ 6.25, 3.5, 7, 3.75 ], "texture": "#texture" },
        "north": { "uv": [ 7, 3.5, 6.25, 4.25 ], "texture": "#texture" },
        "south": { "uv": [ 6.25, 3.5, 7, 4.25 ], "texture": "#texture" },
        "west":  { "uv": [ 6.25, 3.5, 6.5, 4.25 ], "texture": "#texture" },
        "east":  { "uv": [ 7, 3.5, 6.75, 4.25 ], "texture": "#texture" }
    }
},
{
    "from": [ 6.25, 10.5, 7.25 ],
    "to": [ 6.5, 10.75, 8.75 ],
    "faces": {
        "down":  { "uv": [ 6.25, 5.5, 6.5, 5.25 ], "texture": "#texture" },
        "up":    { "uv": [ 6.25, 5.25, 6.5, 5.5 ], "texture": "#texture" },
        "north": { "uv": [ 6.5, 5.25, 6.25, 5.5 ], "texture": "#texture" },
        "south": { "uv": [ 6.25, 5.25, 6.5, 5.5 ], "texture": "#texture" },
        "west":  { "uv": [ 6.25, 5.25, 6.5, 5.5 ], "texture": "#texture" },
        "east":  { "uv": [ 6.5, 5.25, 6.25, 5.5 ], "texture": "#texture" }
    }
},
{
    "from": [ 6.25, 8, 7.25 ],
    "to": [ 6.5, 8.5, 8.75 ],
    "faces": {
        "down":  { "uv": [ 6.25, 8, 6.5, 7.75 ], "texture": "#texture" },
        "up":    { "uv": [ 6.25, 7.5, 6.5, 7.75 ], "texture": "#texture" },
        "north": { "uv": [ 6.5, 7.5, 6.25, 8 ], "texture": "#texture" },
        "south": { "uv": [ 6.25, 7.5, 6.5, 8 ], "texture": "#texture" },
        "west":  { "uv": [ 6.25, 7.5, 6.5, 8 ], "texture": "#texture" },
        "east":  { "uv": [ 6.5, 7.5, 6.25, 8 ], "texture": "#texture" }
    }
},
{
    "from": [ 6.25, 3, 7.25 ],
    "to": [ 6.75, 3.75, 8.75 ],
    "faces": {
        "down":  { "uv": [ 6.25, 13, 6.75, 12.75 ], "texture": "#texture" },
        "up":    { "uv": [ 6.25, 12.25, 6.75, 12.5 ], "texture": "#texture" },
        "north": { "uv": [ 6.75, 12.25, 6.25, 13 ], "texture": "#texture" },
        "south": { "uv": [ 6.25, 12.25, 6.75, 13 ], "texture": "#texture" },
        "west":  { "uv": [ 6.25, 12.25, 6.5, 13 ], "texture": "#texture" },
        "east":  { "uv": [ 6.75, 12.25, 6.5, 13 ], "texture": "#texture" }
    }
},
{
    "from": [ 6.5, 12.5, 7.25 ],
    "to": [ 7, 12.75, 8.75 ],
    "faces": {
        "down":  { "uv": [ 6.5, 3.5, 7, 3.25 ], "texture": "#texture" },
        "up":    { "uv": [ 6.5, 3.25, 7, 3.5 ], "texture": "#texture" },
        "north": { "uv": [ 7, 3.25, 6.5, 3.5 ], "texture": "#texture" },
        "south": { "uv": [ 6.5, 3.25, 7, 3.5 ], "texture": "#texture" },
        "west":  { "uv": [ 6.5, 3.25, 6.75, 3.5 ], "texture": "#texture" },
        "east":  { "uv": [ 7, 3.25, 6.75, 3.5 ], "texture": "#texture" }
    }
},
{
    "from": [ 6.5, 11.25, 7.25 ],
    "to": [ 7, 11.75, 8.75 ],
    "faces": {
        "down":  { "uv": [ 6.5, 4.75, 7, 4.5 ], "texture": "#texture" },
        "up":    { "uv": [ 6.5, 4.25, 7, 4.5 ], "texture": "#texture" },
        "north": { "uv": [ 7, 4.25, 6.5, 4.75 ], "texture": "#texture" },
        "south": { "uv": [ 6.5, 4.25, 7, 4.75 ], "texture": "#texture" },
        "west":  { "uv": [ 6.5, 4.25, 6.75, 4.75 ], "texture": "#texture" },
        "east":  { "uv": [ 7, 4.25, 6.75, 4.75 ], "texture": "#texture" }
    }
},
{
    "from": [ 6.5, 10.75, 7.25 ],
    "to": [ 7.25, 11, 8.75 ],
    "faces": {
        "down":  { "uv": [ 6.5, 5.25, 7.25, 5 ], "texture": "#texture" },
        "up":    { "uv": [ 6.5, 5, 7.25, 5.25 ], "texture": "#texture" },
        "north": { "uv": [ 7.25, 5, 6.5, 5.25 ], "texture": "#texture" },
        "south": { "uv": [ 6.5, 5, 7.25, 5.25 ], "texture": "#texture" },
        "west":  { "uv": [ 6.5, 5, 6.75, 5.25 ], "texture": "#texture" },
        "east":  { "uv": [ 7.25, 5, 7, 5.25 ], "texture": "#texture" }
    }
},
{
    "from": [ 6.5, 8, 7.25 ],
    "to": [ 6.75, 8.25, 8.75 ],
    "faces": {
        "down":  { "uv": [ 6.5, 8, 6.75, 7.75 ], "texture": "#texture" },
        "up":    { "uv": [ 6.5, 7.75, 6.75, 8 ], "texture": "#texture" },
        "north": { "uv": [ 6.75, 7.75, 6.5, 8 ], "texture": "#texture" },
        "south": { "uv": [ 6.5, 7.75, 6.75, 8 ], "texture": "#texture" },
        "west":  { "uv": [ 6.5, 7.75, 6.75, 8 ], "texture": "#texture" },
        "east":  { "uv": [ 6.75, 7.75, 6.5, 8 ], "texture": "#texture" }
    }
},
{
    "from": [ 6.5, 5.5, 7.25 ],
    "to": [ 7.25, 6, 8.75 ],
    "faces": {
        "down":  { "uv": [ 6.5, 10.5, 7.25, 10.25 ], "texture": "#texture" },
        "up":    { "uv": [ 6.5, 10, 7.25, 10.25 ], "texture": "#texture" },
        "north": { "uv": [ 7.25, 10, 6.5, 10.5 ], "texture": "#texture" },
        "south": { "uv": [ 6.5, 10, 7.25, 10.5 ], "texture": "#texture" },
        "west":  { "uv": [ 6.5, 10, 6.75, 10.5 ], "texture": "#texture" },
        "east":  { "uv": [ 7.25, 10, 7, 10.5 ], "texture": "#texture" }
    }
},
{
    "from": [ 6.5, 4.5, 7.25 ],
    "to": [ 7.25, 4.75, 8.75 ],
    "faces": {
        "down":  { "uv": [ 6.5, 11.5, 7.25, 11.25 ], "texture": "#texture" },
        "up":    { "uv": [ 6.5, 11.25, 7.25, 11.5 ], "texture": "#texture" },
        "north": { "uv": [ 7.25, 11.25, 6.5, 11.5 ], "texture": "#texture" },
        "south": { "uv": [ 6.5, 11.25, 7.25, 11.5 ], "texture": "#texture" },
        "west":  { "uv": [ 6.5, 11.25, 6.75, 11.5 ], "texture": "#texture" },
        "east":  { "uv": [ 7.25, 11.25, 7, 11.5 ], "texture": "#texture" }
    }
},
{
    "from": [ 6.5, 3.75, 7.25 ],
    "to": [ 6.75, 4.25, 8.75 ],
    "faces": {
        "down":  { "uv": [ 6.5, 12.25, 6.75, 12 ], "texture": "#texture" },
        "up":    { "uv": [ 6.5, 11.75, 6.75, 12 ], "texture": "#texture" },
        "north": { "uv": [ 6.75, 11.75, 6.5, 12.25 ], "texture": "#texture" },
        "south": { "uv": [ 6.5, 11.75, 6.75, 12.25 ], "texture": "#texture" },
        "west":  { "uv": [ 6.5, 11.75, 6.75, 12.25 ], "texture": "#texture" },
        "east":  { "uv": [ 6.75, 11.75, 6.5, 12.25 ], "texture": "#texture" }
    }
},
{
    "from": [ 6.5, 2.75, 7.25 ],
    "to": [ 7.75, 3, 8.75 ],
    "faces": {
        "down":  { "uv": [ 6.5, 13.25, 7.75, 13 ], "texture": "#texture" },
        "up":    { "uv": [ 6.5, 13, 7.75, 13.25 ], "texture": "#texture" },
        "north": { "uv": [ 7.75, 13, 6.5, 13.25 ], "texture": "#texture" },
        "south": { "uv": [ 6.5, 13, 7.75, 13.25 ], "texture": "#texture" },
        "west":  { "uv": [ 6.5, 13, 6.75, 13.25 ], "texture": "#texture" },
        "east":  { "uv": [ 7.75, 13, 7.5, 13.25 ], "texture": "#texture" }
    }
},
{
    "from": [ 6.75, 10.5, 7.25 ],
    "to": [ 7.25, 10.75, 8.75 ],
    "faces": {
        "down":  { "uv": [ 6.75, 5.5, 7.25, 5.25 ], "texture": "#texture" },
        "up":    { "uv": [ 6.75, 5.25, 7.25, 5.5 ], "texture": "#texture" },
        "north": { "uv": [ 7.25, 5.25, 6.75, 5.5 ], "texture": "#texture" },
        "south": { "uv": [ 6.75, 5.25, 7.25, 5.5 ], "texture": "#texture" },
        "west":  { "uv": [ 6.75, 5.25, 7, 5.5 ], "texture": "#texture" },
        "east":  { "uv": [ 7.25, 5.25, 7, 5.5 ], "texture": "#texture" }
    }
},
{
    "from": [ 6.75, 9.5, 7.25 ],
    "to": [ 7.25, 9.75, 8.75 ],
    "faces": {
        "down":  { "uv": [ 6.75, 6.5, 7.25, 6.25 ], "texture": "#texture" },
        "up":    { "uv": [ 6.75, 6.25, 7.25, 6.5 ], "texture": "#texture" },
        "north": { "uv": [ 7.25, 6.25, 6.75, 6.5 ], "texture": "#texture" },
        "south": { "uv": [ 6.75, 6.25, 7.25, 6.5 ], "texture": "#texture" },
        "west":  { "uv": [ 6.75, 6.25, 7, 6.5 ], "texture": "#texture" },
        "east":  { "uv": [ 7.25, 6.25, 7, 6.5 ], "texture": "#texture" }
    }
},
{
    "from": [ 6.75, 4.75, 7.25 ],
    "to": [ 7.25, 5, 8.75 ],
    "faces": {
        "down":  { "uv": [ 6.75, 11.25, 7.25, 11 ], "texture": "#texture" },
        "up":    { "uv": [ 6.75, 11, 7.25, 11.25 ], "texture": "#texture" },
        "north": { "uv": [ 7.25, 11, 6.75, 11.25 ], "texture": "#texture" },
        "south": { "uv": [ 6.75, 11, 7.25, 11.25 ], "texture": "#texture" },
        "west":  { "uv": [ 6.75, 11, 7, 11.25 ], "texture": "#texture" },
        "east":  { "uv": [ 7.25, 11, 7, 11.25 ], "texture": "#texture" }
    }
},
{
    "from": [ 6.75, 3.5, 7.25 ],
    "to": [ 7, 4, 8.75 ],
    "faces": {
        "down":  { "uv": [ 6.75, 12.5, 7, 12.25 ], "texture": "#texture" },
        "up":    { "uv": [ 6.75, 12, 7, 12.25 ], "texture": "#texture" },
        "north": { "uv": [ 7, 12, 6.75, 12.5 ], "texture": "#texture" },
        "south": { "uv": [ 6.75, 12, 7, 12.5 ], "texture": "#texture" },
        "west":  { "uv": [ 6.75, 12, 7, 12.5 ], "texture": "#texture" },
        "east":  { "uv": [ 7, 12, 6.75, 12.5 ], "texture": "#texture" }
    }
},
{
    "from": [ 6.75, 3, 7.25 ],
    "to": [ 7, 3.25, 8.75 ],
    "faces": {
        "down":  { "uv": [ 6.75, 13, 7, 12.75 ], "texture": "#texture" },
        "up":    { "uv": [ 6.75, 12.75, 7, 13 ], "texture": "#texture" },
        "north": { "uv": [ 7, 12.75, 6.75, 13 ], "texture": "#texture" },
        "south": { "uv": [ 6.75, 12.75, 7, 13 ], "texture": "#texture" },
        "west":  { "uv": [ 6.75, 12.75, 7, 13 ], "texture": "#texture" },
        "east":  { "uv": [ 7, 12.75, 6.75, 13 ], "texture": "#texture" }
    }
},
{
    "from": [ 6.75, 2.5, 7.25 ],
    "to": [ 7.25, 2.75, 8.75 ],
    "faces": {
        "down":  { "uv": [ 6.75, 13.5, 7.25, 13.25 ], "texture": "#texture" },
        "up":    { "uv": [ 6.75, 13.25, 7.25, 13.5 ], "texture": "#texture" },
        "north": { "uv": [ 7.25, 13.25, 6.75, 13.5 ], "texture": "#texture" },
        "south": { "uv": [ 6.75, 13.25, 7.25, 13.5 ], "texture": "#texture" },
        "west":  { "uv": [ 6.75, 13.25, 7, 13.5 ], "texture": "#texture" },
        "east":  { "uv": [ 7.25, 13.25, 7, 13.5 ], "texture": "#texture" }
    }
},
{
    "from": [ 7, 12.25, 7.25 ],
    "to": [ 7.5, 12.5, 8.75 ],
    "faces": {
        "down":  { "uv": [ 7, 3.75, 7.5, 3.5 ], "texture": "#texture" },
        "up":    { "uv": [ 7, 3.5, 7.5, 3.75 ], "texture": "#texture" },
        "north": { "uv": [ 7.5, 3.5, 7, 3.75 ], "texture": "#texture" },
        "south": { "uv": [ 7, 3.5, 7.5, 3.75 ], "texture": "#texture" },
        "west":  { "uv": [ 7, 3.5, 7.25, 3.75 ], "texture": "#texture" },
        "east":  { "uv": [ 7.5, 3.5, 7.25, 3.75 ], "texture": "#texture" }
    }
},
{
    "from": [ 7, 11.5, 7.25 ],
    "to": [ 7.25, 11.75, 8.75 ],
    "faces": {
        "down":  { "uv": [ 7, 4.5, 7.25, 4.25 ], "texture": "#texture" },
        "up":    { "uv": [ 7, 4.25, 7.25, 4.5 ], "texture": "#texture" },
        "north": { "uv": [ 7.25, 4.25, 7, 4.5 ], "texture": "#texture" },
        "south": { "uv": [ 7, 4.25, 7.25, 4.5 ], "texture": "#texture" },
        "west":  { "uv": [ 7, 4.25, 7.25, 4.5 ], "texture": "#texture" },
        "east":  { "uv": [ 7.25, 4.25, 7, 4.5 ], "texture": "#texture" }
    }
},
{
    "from": [ 7, 3.75, 7.25 ],
    "to": [ 7.75, 4, 8.75 ],
    "faces": {
        "down":  { "uv": [ 7, 12.25, 7.75, 12 ], "texture": "#texture" },
        "up":    { "uv": [ 7, 12, 7.75, 12.25 ], "texture": "#texture" },
        "north": { "uv": [ 7.75, 12, 7, 12.25 ], "texture": "#texture" },
        "south": { "uv": [ 7, 12, 7.75, 12.25 ], "texture": "#texture" },
        "west":  { "uv": [ 7, 12, 7.25, 12.25 ], "texture": "#texture" },
        "east":  { "uv": [ 7.75, 12, 7.5, 12.25 ], "texture": "#texture" }
    }
},
{
    "from": [ 7.25, 9.25, 7.25 ],
    "to": [ 7.5, 9.5, 8.75 ],
    "faces": {
        "down":  { "uv": [ 7.25, 6.75, 7.5, 6.5 ], "texture": "#texture" },
        "up":    { "uv": [ 7.25, 6.5, 7.5, 6.75 ], "texture": "#texture" },
        "north": { "uv": [ 7.5, 6.5, 7.25, 6.75 ], "texture": "#texture" },
        "south": { "uv": [ 7.25, 6.5, 7.5, 6.75 ], "texture": "#texture" },
        "west":  { "uv": [ 7.25, 6.5, 7.5, 6.75 ], "texture": "#texture" },
        "east":  { "uv": [ 7.5, 6.5, 7.25, 6.75 ], "texture": "#texture" }
    }
},
{
    "from": [ 7.25, 5.75, 7.25 ],
    "to": [ 7.5, 6, 8.75 ],
    "faces": {
        "down":  { "uv": [ 7.25, 10.25, 7.5, 10 ], "texture": "#texture" },
        "up":    { "uv": [ 7.25, 10, 7.5, 10.25 ], "texture": "#texture" },
        "north": { "uv": [ 7.5, 10, 7.25, 10.25 ], "texture": "#texture" },
        "south": { "uv": [ 7.25, 10, 7.5, 10.25 ], "texture": "#texture" },
        "west":  { "uv": [ 7.25, 10, 7.5, 10.25 ], "texture": "#texture" },
        "east":  { "uv": [ 7.5, 10, 7.25, 10.25 ], "texture": "#texture" }
    }
},
{
    "from": [ 5.25, 7.5, 7.5 ],
    "to": [ 7, 8, 8.5 ],
    "faces": {
        "down":  { "uv": [ 5.25, 8.5, 7, 8.25 ], "texture": "#texture" },
        "up":    { "uv": [ 5.25, 8, 7, 8.25 ], "texture": "#texture" },
        "north": { "uv": [ 7, 8, 5.25, 8.5 ], "texture": "#texture" },
        "south": { "uv": [ 5.25, 8, 7, 8.5 ], "texture": "#texture" },
        "west":  { "uv": [ 5.25, 8, 5.5, 8.5 ], "texture": "#texture" },
        "east":  { "uv": [ 7, 8, 6.75, 8.5 ], "texture": "#texture" }
    }
},
{
    "from": [ 5.5, 9.75, 7.5 ],
    "to": [ 7.75, 10, 8.5 ],
    "faces": {
        "down":  { "uv": [ 5.5, 6.25, 7.75, 6 ], "texture": "#texture" },
        "up":    { "uv": [ 5.5, 6, 7.75, 6.25 ], "texture": "#texture" },
        "north": { "uv": [ 7.75, 6, 5.5, 6.25 ], "texture": "#texture" },
        "south": { "uv": [ 5.5, 6, 7.75, 6.25 ], "texture": "#texture" },
        "west":  { "uv": [ 5.5, 6, 5.75, 6.25 ], "texture": "#texture" },
        "east":  { "uv": [ 7.75, 6, 7.5, 6.25 ], "texture": "#texture" }
    }
},
{
    "from": [ 5.5, 8, 7.5 ],
    "to": [ 6.5, 8.75, 8.5 ],
    "faces": {
        "down":  { "uv": [ 5.5, 8, 6.5, 7.75 ], "texture": "#texture" },
        "up":    { "uv": [ 5.5, 7.25, 6.5, 7.5 ], "texture": "#texture" },
        "north": { "uv": [ 6.5, 7.25, 5.5, 8 ], "texture": "#texture" },
        "south": { "uv": [ 5.5, 7.25, 6.5, 8 ], "texture": "#texture" },
        "west":  { "uv": [ 5.5, 7.25, 5.75, 8 ], "texture": "#texture" },
        "east":  { "uv": [ 6.5, 7.25, 6.25, 8 ], "texture": "#texture" }
    }
},
{
    "from": [ 5.5, 6.75, 7.5 ],
    "to": [ 6.5, 7.5, 8.5 ],
    "faces": {
        "down":  { "uv": [ 5.5, 9.25, 6.5, 9 ], "texture": "#texture" },
        "up":    { "uv": [ 5.5, 8.5, 6.5, 8.75 ], "texture": "#texture" },
        "north": { "uv": [ 6.5, 8.5, 5.5, 9.25 ], "texture": "#texture" },
        "south": { "uv": [ 5.5, 8.5, 6.5, 9.25 ], "texture": "#texture" },
        "west":  { "uv": [ 5.5, 8.5, 5.75, 9.25 ], "texture": "#texture" },
        "east":  { "uv": [ 6.5, 8.5, 6.25, 9.25 ], "texture": "#texture" }
    }
},
{
    "from": [ 5.75, 10, 7.5 ],
    "to": [ 7, 10.5, 8.5 ],
    "faces": {
        "down":  { "uv": [ 5.75, 6, 7, 5.75 ], "texture": "#texture" },
        "up":    { "uv": [ 5.75, 5.5, 7, 5.75 ], "texture": "#texture" },
        "north": { "uv": [ 7, 5.5, 5.75, 6 ], "texture": "#texture" },
        "south": { "uv": [ 5.75, 5.5, 7, 6 ], "texture": "#texture" },
        "west":  { "uv": [ 5.75, 5.5, 6, 6 ], "texture": "#texture" },
        "east":  { "uv": [ 7, 5.5, 6.75, 6 ], "texture": "#texture" }
    }
},
{
    "from": [ 5.75, 9.5, 7.5 ],
    "to": [ 8, 9.75, 8.5 ],
    "faces": {
        "down":  { "uv": [ 5.75, 6.5, 8, 6.25 ], "texture": "#texture" },
        "up":    { "uv": [ 5.75, 6.25, 8, 6.5 ], "texture": "#texture" },
        "north": { "uv": [ 8, 6.25, 5.75, 6.5 ], "texture": "#texture" },
        "south": { "uv": [ 5.75, 6.25, 8, 6.5 ], "texture": "#texture" },
        "west":  { "uv": [ 5.75, 6.25, 6, 6.5 ], "texture": "#texture" },
        "east":  { "uv": [ 8, 6.25, 7.75, 6.5 ], "texture": "#texture" }
    }
},
{
    "from": [ 5.75, 8.75, 7.5 ],
    "to": [ 6.5, 9, 8.5 ],
    "faces": {
        "down":  { "uv": [ 5.75, 7.25, 6.5, 7 ], "texture": "#texture" },
        "up":    { "uv": [ 5.75, 7, 6.5, 7.25 ], "texture": "#texture" },
        "north": { "uv": [ 6.5, 7, 5.75, 7.25 ], "texture": "#texture" },
        "south": { "uv": [ 5.75, 7, 6.5, 7.25 ], "texture": "#texture" },
        "west":  { "uv": [ 5.75, 7, 6, 7.25 ], "texture": "#texture" },
        "east":  { "uv": [ 6.5, 7, 6.25, 7.25 ], "texture": "#texture" }
    }
},
{
    "from": [ 5.75, 5.25, 7.5 ],
    "to": [ 7.25, 5.75, 8.5 ],
    "faces": {
        "down":  { "uv": [ 5.75, 10.75, 7.25, 10.5 ], "texture": "#texture" },
        "up":    { "uv": [ 5.75, 10.25, 7.25, 10.5 ], "texture": "#texture" },
        "north": { "uv": [ 7.25, 10.25, 5.75, 10.75 ], "texture": "#texture" },
        "south": { "uv": [ 5.75, 10.25, 7.25, 10.75 ], "texture": "#texture" },
        "west":  { "uv": [ 5.75, 10.25, 6, 10.75 ], "texture": "#texture" },
        "east":  { "uv": [ 7.25, 10.25, 7, 10.75 ], "texture": "#texture" }
    }
},
{
    "from": [ 6, 11.75, 7.5 ],
    "to": [ 8.25, 12.5, 8.5 ],
    "faces": {
        "down":  { "uv": [ 6, 4.25, 8.25, 4 ], "texture": "#texture" },
        "up":    { "uv": [ 6, 3.5, 8.25, 3.75 ], "texture": "#texture" },
        "north": { "uv": [ 8.25, 3.5, 6, 4.25 ], "texture": "#texture" },
        "south": { "uv": [ 6, 3.5, 8.25, 4.25 ], "texture": "#texture" },
        "west":  { "uv": [ 6, 3.5, 6.25, 4.25 ], "texture": "#texture" },
        "east":  { "uv": [ 8.25, 3.5, 8, 4.25 ], "texture": "#texture" }
    }
},
{
    "from": [ 6, 10.5, 7.5 ],
    "to": [ 7.25, 10.75, 8.5 ],
    "faces": {
        "down":  { "uv": [ 6, 5.5, 7.25, 5.25 ], "texture": "#texture" },
        "up":    { "uv": [ 6, 5.25, 7.25, 5.5 ], "texture": "#texture" },
        "north": { "uv": [ 7.25, 5.25, 6, 5.5 ], "texture": "#texture" },
        "south": { "uv": [ 6, 5.25, 7.25, 5.5 ], "texture": "#texture" },
        "west":  { "uv": [ 6, 5.25, 6.25, 5.5 ], "texture": "#texture" },
        "east":  { "uv": [ 7.25, 5.25, 7, 5.5 ], "texture": "#texture" }
    }
},
{
    "from": [ 6, 9, 7.5 ],
    "to": [ 6.75, 9.5, 8.5 ],
    "faces": {
        "down":  { "uv": [ 6, 7, 6.75, 6.75 ], "texture": "#texture" },
        "up":    { "uv": [ 6, 6.5, 6.75, 6.75 ], "texture": "#texture" },
        "north": { "uv": [ 6.75, 6.5, 6, 7 ], "texture": "#texture" },
        "south": { "uv": [ 6, 6.5, 6.75, 7 ], "texture": "#texture" },
        "west":  { "uv": [ 6, 6.5, 6.25, 7 ], "texture": "#texture" },
        "east":  { "uv": [ 6.75, 6.5, 6.5, 7 ], "texture": "#texture" }
    }
},
{
    "from": [ 6, 5.75, 7.5 ],
    "to": [ 6.25, 6.75, 8.5 ],
    "faces": {
        "down":  { "uv": [ 6, 10.25, 6.25, 10 ], "texture": "#texture" },
        "up":    { "uv": [ 6, 9.25, 6.25, 9.5 ], "texture": "#texture" },
        "north": { "uv": [ 6.25, 9.25, 6, 10.25 ], "texture": "#texture" },
        "south": { "uv": [ 6, 9.25, 6.25, 10.25 ], "texture": "#texture" },
        "west":  { "uv": [ 6, 9.25, 6.25, 10.25 ], "texture": "#texture" },
        "east":  { "uv": [ 6.25, 9.25, 6, 10.25 ], "texture": "#texture" }
    }
},
{
    "from": [ 6, 5, 7.5 ],
    "to": [ 7, 5.25, 8.5 ],
    "faces": {
        "down":  { "uv": [ 6, 11, 7, 10.75 ], "texture": "#texture" },
        "up":    { "uv": [ 6, 10.75, 7, 11 ], "texture": "#texture" },
        "north": { "uv": [ 7, 10.75, 6, 11 ], "texture": "#texture" },
        "south": { "uv": [ 6, 10.75, 7, 11 ], "texture": "#texture" },
        "west":  { "uv": [ 6, 10.75, 6.25, 11 ], "texture": "#texture" },
        "east":  { "uv": [ 7, 10.75, 6.75, 11 ], "texture": "#texture" }
    }
},
{
    "from": [ 6, 3, 7.5 ],
    "to": [ 8, 3.75, 8.5 ],
    "faces": {
        "down":  { "uv": [ 6, 13, 8, 12.75 ], "texture": "#texture" },
        "up":    { "uv": [ 6, 12.25, 8, 12.5 ], "texture": "#texture" },
        "north": { "uv": [ 8, 12.25, 6, 13 ], "texture": "#texture" },
        "south": { "uv": [ 6, 12.25, 8, 13 ], "texture": "#texture" },
        "west":  { "uv": [ 6, 12.25, 6.25, 13 ], "texture": "#texture" },
        "east":  { "uv": [ 8, 12.25, 7.75, 13 ], "texture": "#texture" }
    }
},
{
    "from": [ 6.25, 12.5, 7.5 ],
    "to": [ 6.75, 13, 8.5 ],
    "faces": {
        "down":  { "uv": [ 6.25, 3.5, 6.75, 3.25 ], "texture": "#texture" },
        "up":    { "uv": [ 6.25, 3, 6.75, 3.25 ], "texture": "#texture" },
        "north": { "uv": [ 6.75, 3, 6.25, 3.5 ], "texture": "#texture" },
        "south": { "uv": [ 6.25, 3, 6.75, 3.5 ], "texture": "#texture" },
        "west":  { "uv": [ 6.25, 3, 6.5, 3.5 ], "texture": "#texture" },
        "east":  { "uv": [ 6.75, 3, 6.5, 3.5 ], "texture": "#texture" }
    }
},
{
    "from": [ 6.25, 10.75, 7.5 ],
    "to": [ 7.5, 11.75, 8.5 ],
    "faces": {
        "down":  { "uv": [ 6.25, 5.25, 7.5, 5 ], "texture": "#texture" },
        "up":    { "uv": [ 6.25, 4.25, 7.5, 4.5 ], "texture": "#texture" },
        "north": { "uv": [ 7.5, 4.25, 6.25, 5.25 ], "texture": "#texture" },
        "south": { "uv": [ 6.25, 4.25, 7.5, 5.25 ], "texture": "#texture" },
        "west":  { "uv": [ 6.25, 4.25, 6.5, 5.25 ], "texture": "#texture" },
        "east":  { "uv": [ 7.5, 4.25, 7.25, 5.25 ], "texture": "#texture" }
    }
},
{
    "from": [ 6.25, 5.75, 7.5 ],
    "to": [ 6.5, 6.5, 8.5 ],
    "faces": {
        "down":  { "uv": [ 6.25, 10.25, 6.5, 10 ], "texture": "#texture" },
        "up":    { "uv": [ 6.25, 9.5, 6.5, 9.75 ], "texture": "#texture" },
        "north": { "uv": [ 6.5, 9.5, 6.25, 10.25 ], "texture": "#texture" },
        "south": { "uv": [ 6.25, 9.5, 6.5, 10.25 ], "texture": "#texture" },
        "west":  { "uv": [ 6.25, 9.5, 6.5, 10.25 ], "texture": "#texture" },
        "east":  { "uv": [ 6.5, 9.5, 6.25, 10.25 ], "texture": "#texture" }
    }
},
{
    "from": [ 6.25, 4.5, 7.5 ],
    "to": [ 7.25, 5, 8.5 ],
    "faces": {
        "down":  { "uv": [ 6.25, 11.5, 7.25, 11.25 ], "texture": "#texture" },
        "up":    { "uv": [ 6.25, 11, 7.25, 11.25 ], "texture": "#texture" },
        "north": { "uv": [ 7.25, 11, 6.25, 11.5 ], "texture": "#texture" },
        "south": { "uv": [ 6.25, 11, 7.25, 11.5 ], "texture": "#texture" },
        "west":  { "uv": [ 6.25, 11, 6.5, 11.5 ], "texture": "#texture" },
        "east":  { "uv": [ 7.25, 11, 7, 11.5 ], "texture": "#texture" }
    }
},
{
    "from": [ 6.25, 3.75, 7.5 ],
    "to": [ 7.75, 4.25, 8.5 ],
    "faces": {
        "down":  { "uv": [ 6.25, 12.25, 7.75, 12 ], "texture": "#texture" },
        "up":    { "uv": [ 6.25, 11.75, 7.75, 12 ], "texture": "#texture" },
        "north": { "uv": [ 7.75, 11.75, 6.25, 12.25 ], "texture": "#texture" },
        "south": { "uv": [ 6.25, 11.75, 7.75, 12.25 ], "texture": "#texture" },
        "west":  { "uv": [ 6.25, 11.75, 6.5, 12.25 ], "texture": "#texture" },
        "east":  { "uv": [ 7.75, 11.75, 7.5, 12.25 ], "texture": "#texture" }
    }
},
{
    "from": [ 6.25, 2.75, 7.5 ],
    "to": [ 8.5, 3, 8.5 ],
    "faces": {
        "down":  { "uv": [ 6.25, 13.25, 8.5, 13 ], "texture": "#texture" },
        "up":    { "uv": [ 6.25, 13, 8.5, 13.25 ], "texture": "#texture" },
        "north": { "uv": [ 8.5, 13, 6.25, 13.25 ], "texture": "#texture" },
        "south": { "uv": [ 6.25, 13, 8.5, 13.25 ], "texture": "#texture" },
        "west":  { "uv": [ 6.25, 13, 6.5, 13.25 ], "texture": "#texture" },
        "east":  { "uv": [ 8.5, 13, 8.25, 13.25 ], "texture": "#texture" }
    }
},
{
    "from": [ 6.5, 8.5, 7.5 ],
    "to": [ 6.75, 8.75, 8.5 ],
    "faces": {
        "down":  { "uv": [ 6.5, 7.5, 6.75, 7.25 ], "texture": "#texture" },
        "up":    { "uv": [ 6.5, 7.25, 6.75, 7.5 ], "texture": "#texture" },
        "north": { "uv": [ 6.75, 7.25, 6.5, 7.5 ], "texture": "#texture" },
        "south": { "uv": [ 6.5, 7.25, 6.75, 7.5 ], "texture": "#texture" },
        "west":  { "uv": [ 6.5, 7.25, 6.75, 7.5 ], "texture": "#texture" },
        "east":  { "uv": [ 6.75, 7.25, 6.5, 7.5 ], "texture": "#texture" }
    }
},
{
    "from": [ 6.5, 8, 7.5 ],
    "to": [ 6.75, 8.25, 8.5 ],
    "faces": {
        "down":  { "uv": [ 6.5, 8, 6.75, 7.75 ], "texture": "#texture" },
        "up":    { "uv": [ 6.5, 7.75, 6.75, 8 ], "texture": "#texture" },
        "north": { "uv": [ 6.75, 7.75, 6.5, 8 ], "texture": "#texture" },
        "south": { "uv": [ 6.5, 7.75, 6.75, 8 ], "texture": "#texture" },
        "west":  { "uv": [ 6.5, 7.75, 6.75, 8 ], "texture": "#texture" },
        "east":  { "uv": [ 6.75, 7.75, 6.5, 8 ], "texture": "#texture" }
    }
},
{
    "from": [ 6.5, 7.25, 7.5 ],
    "to": [ 6.75, 7.5, 8.5 ],
    "faces": {
        "down":  { "uv": [ 6.5, 8.75, 6.75, 8.5 ], "texture": "#texture" },
        "up":    { "uv": [ 6.5, 8.5, 6.75, 8.75 ], "texture": "#texture" },
        "north": { "uv": [ 6.75, 8.5, 6.5, 8.75 ], "texture": "#texture" },
        "south": { "uv": [ 6.5, 8.5, 6.75, 8.75 ], "texture": "#texture" },
        "west":  { "uv": [ 6.5, 8.5, 6.75, 8.75 ], "texture": "#texture" },
        "east":  { "uv": [ 6.75, 8.5, 6.5, 8.75 ], "texture": "#texture" }
    }
},
{
    "from": [ 6.5, 5.75, 7.5 ],
    "to": [ 7, 6.25, 8.5 ],
    "faces": {
        "down":  { "uv": [ 6.5, 10.25, 7, 10 ], "texture": "#texture" },
        "up":    { "uv": [ 6.5, 9.75, 7, 10 ], "texture": "#texture" },
        "north": { "uv": [ 7, 9.75, 6.5, 10.25 ], "texture": "#texture" },
        "south": { "uv": [ 6.5, 9.75, 7, 10.25 ], "texture": "#texture" },
        "west":  { "uv": [ 6.5, 9.75, 6.75, 10.25 ], "texture": "#texture" },
        "east":  { "uv": [ 7, 9.75, 6.75, 10.25 ], "texture": "#texture" }
    }
},
{
    "from": [ 6.5, 4.25, 7.5 ],
    "to": [ 7.5, 4.5, 8.5 ],
    "faces": {
        "down":  { "uv": [ 6.5, 11.75, 7.5, 11.5 ], "texture": "#texture" },
        "up":    { "uv": [ 6.5, 11.5, 7.5, 11.75 ], "texture": "#texture" },
        "north": { "uv": [ 7.5, 11.5, 6.5, 11.75 ], "texture": "#texture" },
        "south": { "uv": [ 6.5, 11.5, 7.5, 11.75 ], "texture": "#texture" },
        "west":  { "uv": [ 6.5, 11.5, 6.75, 11.75 ], "texture": "#texture" },
        "east":  { "uv": [ 7.5, 11.5, 7.25, 11.75 ], "texture": "#texture" }
    }
},
{
    "from": [ 6.5, 2.5, 7.5 ],
    "to": [ 8.75, 2.75, 8.5 ],
    "faces": {
        "down":  { "uv": [ 6.5, 13.5, 8.75, 13.25 ], "texture": "#texture" },
        "up":    { "uv": [ 6.5, 13.25, 8.75, 13.5 ], "texture": "#texture" },
        "north": { "uv": [ 8.75, 13.25, 6.5, 13.5 ], "texture": "#texture" },
        "south": { "uv": [ 6.5, 13.25, 8.75, 13.5 ], "texture": "#texture" },
        "west":  { "uv": [ 6.5, 13.25, 6.75, 13.5 ], "texture": "#texture" },
        "east":  { "uv": [ 8.75, 13.25, 8.5, 13.5 ], "texture": "#texture" }
    }
},
{
    "from": [ 6.75, 12.5, 7.5 ],
    "to": [ 8.75, 12.75, 8.5 ],
    "faces": {
        "down":  { "uv": [ 6.75, 3.5, 8.75, 3.25 ], "texture": "#texture" },
        "up":    { "uv": [ 6.75, 3.25, 8.75, 3.5 ], "texture": "#texture" },
        "north": { "uv": [ 8.75, 3.25, 6.75, 3.5 ], "texture": "#texture" },
        "south": { "uv": [ 6.75, 3.25, 8.75, 3.5 ], "texture": "#texture" },
        "west":  { "uv": [ 6.75, 3.25, 7, 3.5 ], "texture": "#texture" },
        "east":  { "uv": [ 8.75, 3.25, 8.5, 3.5 ], "texture": "#texture" }
    }
},
{
    "from": [ 6.75, 9.25, 7.5 ],
    "to": [ 7.75, 9.5, 8.5 ],
    "faces": {
        "down":  { "uv": [ 6.75, 6.75, 7.75, 6.5 ], "texture": "#texture" },
        "up":    { "uv": [ 6.75, 6.5, 7.75, 6.75 ], "texture": "#texture" },
        "north": { "uv": [ 7.75, 6.5, 6.75, 6.75 ], "texture": "#texture" },
        "south": { "uv": [ 6.75, 6.5, 7.75, 6.75 ], "texture": "#texture" },
        "west":  { "uv": [ 6.75, 6.5, 7, 6.75 ], "texture": "#texture" },
        "east":  { "uv": [ 7.75, 6.5, 7.5, 6.75 ], "texture": "#texture" }
    }
},
{
    "from": [ 6.75, 2.25, 7.5 ],
    "to": [ 8.75, 2.5, 8.5 ],
    "faces": {
        "down":  { "uv": [ 6.75, 13.75, 8.75, 13.5 ], "texture": "#texture" },
        "up":    { "uv": [ 6.75, 13.5, 8.75, 13.75 ], "texture": "#texture" },
        "north": { "uv": [ 8.75, 13.5, 6.75, 13.75 ], "texture": "#texture" },
        "south": { "uv": [ 6.75, 13.5, 8.75, 13.75 ], "texture": "#texture" },
        "west":  { "uv": [ 6.75, 13.5, 7, 13.75 ], "texture": "#texture" },
        "east":  { "uv": [ 8.75, 13.5, 8.5, 13.75 ], "texture": "#texture" }
    }
},
{
    "from": [ 7, 12.75, 7.5 ],
    "to": [ 9.25, 13, 8.5 ],
    "faces": {
        "down":  { "uv": [ 7, 3.25, 9.25, 3 ], "texture": "#texture" },
        "up":    { "uv": [ 7, 3, 9.25, 3.25 ], "texture": "#texture" },
        "north": { "uv": [ 9.25, 3, 7, 3.25 ], "texture": "#texture" },
        "south": { "uv": [ 7, 3, 9.25, 3.25 ], "texture": "#texture" },
        "west":  { "uv": [ 7, 3, 7.25, 3.25 ], "texture": "#texture" },
        "east":  { "uv": [ 9.25, 3, 9, 3.25 ], "texture": "#texture" }
    }
},
{
    "from": [ 7, 10, 7.5 ],
    "to": [ 7.25, 10.25, 8.5 ],
    "faces": {
        "down":  { "uv": [ 7, 6, 7.25, 5.75 ], "texture": "#texture" },
        "up":    { "uv": [ 7, 5.75, 7.25, 6 ], "texture": "#texture" },
        "north": { "uv": [ 7.25, 5.75, 7, 6 ], "texture": "#texture" },
        "south": { "uv": [ 7, 5.75, 7.25, 6 ], "texture": "#texture" },
        "west":  { "uv": [ 7, 5.75, 7.25, 6 ], "texture": "#texture" },
        "east":  { "uv": [ 7.25, 5.75, 7, 6 ], "texture": "#texture" }
    }
},
{
    "from": [ 7, 5.75, 7.5 ],
    "to": [ 8, 6, 8.5 ],
    "faces": {
        "down":  { "uv": [ 7, 10.25, 8, 10 ], "texture": "#texture" },
        "up":    { "uv": [ 7, 10, 8, 10.25 ], "texture": "#texture" },
        "north": { "uv": [ 8, 10, 7, 10.25 ], "texture": "#texture" },
        "south": { "uv": [ 7, 10, 8, 10.25 ], "texture": "#texture" },
        "west":  { "uv": [ 7, 10, 7.25, 10.25 ], "texture": "#texture" },
        "east":  { "uv": [ 8, 10, 7.75, 10.25 ], "texture": "#texture" }
    }
},
{
    "from": [ 7.25, 13, 7.5 ],
    "to": [ 7.5, 13.75, 8.5 ],
    "faces": {
        "down":  { "uv": [ 7.25, 3, 7.5, 2.75 ], "texture": "#texture" },
        "up":    { "uv": [ 7.25, 2.25, 7.5, 2.5 ], "texture": "#texture" },
        "north": { "uv": [ 7.5, 2.25, 7.25, 3 ], "texture": "#texture" },
        "south": { "uv": [ 7.25, 2.25, 7.5, 3 ], "texture": "#texture" },
        "west":  { "uv": [ 7.25, 2.25, 7.5, 3 ], "texture": "#texture" },
        "east":  { "uv": [ 7.5, 2.25, 7.25, 3 ], "texture": "#texture" }
    }
},
{
    "from": [ 7.25, 6, 7.5 ],
    "to": [ 7.75, 6.25, 8.5 ],
    "faces": {
        "down":  { "uv": [ 7.25, 10, 7.75, 9.75 ], "texture": "#texture" },
        "up":    { "uv": [ 7.25, 9.75, 7.75, 10 ], "texture": "#texture" },
        "north": { "uv": [ 7.75, 9.75, 7.25, 10 ], "texture": "#texture" },
        "south": { "uv": [ 7.25, 9.75, 7.75, 10 ], "texture": "#texture" },
        "west":  { "uv": [ 7.25, 9.75, 7.5, 10 ], "texture": "#texture" },
        "east":  { "uv": [ 7.75, 9.75, 7.5, 10 ], "texture": "#texture" }
    }
},
{
    "from": [ 7.25, 5.5, 7.5 ],
    "to": [ 8.25, 5.75, 8.5 ],
    "faces": {
        "down":  { "uv": [ 7.25, 10.5, 8.25, 10.25 ], "texture": "#texture" },
        "up":    { "uv": [ 7.25, 10.25, 8.25, 10.5 ], "texture": "#texture" },
        "north": { "uv": [ 8.25, 10.25, 7.25, 10.5 ], "texture": "#texture" },
        "south": { "uv": [ 7.25, 10.25, 8.25, 10.5 ], "texture": "#texture" },
        "west":  { "uv": [ 7.25, 10.25, 7.5, 10.5 ], "texture": "#texture" },
        "east":  { "uv": [ 8.25, 10.25, 8, 10.5 ], "texture": "#texture" }
    }
},
{
    "from": [ 7.25, 2, 7.5 ],
    "to": [ 9, 2.25, 8.5 ],
    "faces": {
        "down":  { "uv": [ 7.25, 14, 9, 13.75 ], "texture": "#texture" },
        "up":    { "uv": [ 7.25, 13.75, 9, 14 ], "texture": "#texture" },
        "north": { "uv": [ 9, 13.75, 7.25, 14 ], "texture": "#texture" },
        "south": { "uv": [ 7.25, 13.75, 9, 14 ], "texture": "#texture" },
        "west":  { "uv": [ 7.25, 13.75, 7.5, 14 ], "texture": "#texture" },
        "east":  { "uv": [ 9, 13.75, 8.75, 14 ], "texture": "#texture" }
    }
},
{
    "from": [ 7.5, 13, 7.5 ],
    "to": [ 9.5, 13.5, 8.5 ],
    "faces": {
        "down":  { "uv": [ 7.5, 3, 9.5, 2.75 ], "texture": "#texture" },
        "up":    { "uv": [ 7.5, 2.5, 9.5, 2.75 ], "texture": "#texture" },
        "north": { "uv": [ 9.5, 2.5, 7.5, 3 ], "texture": "#texture" },
        "south": { "uv": [ 7.5, 2.5, 9.5, 3 ], "texture": "#texture" },
        "west":  { "uv": [ 7.5, 2.5, 7.75, 3 ], "texture": "#texture" },
        "east":  { "uv": [ 9.5, 2.5, 9.25, 3 ], "texture": "#texture" }
    }
},
{
    "from": [ 7.5, 11.25, 7.5 ],
    "to": [ 7.75, 11.75, 8.5 ],
    "faces": {
        "down":  { "uv": [ 7.5, 4.75, 7.75, 4.5 ], "texture": "#texture" },
        "up":    { "uv": [ 7.5, 4.25, 7.75, 4.5 ], "texture": "#texture" },
        "north": { "uv": [ 7.75, 4.25, 7.5, 4.75 ], "texture": "#texture" },
        "south": { "uv": [ 7.5, 4.25, 7.75, 4.75 ], "texture": "#texture" },
        "west":  { "uv": [ 7.5, 4.25, 7.75, 4.75 ], "texture": "#texture" },
        "east":  { "uv": [ 7.75, 4.25, 7.5, 4.75 ], "texture": "#texture" }
    }
},
{
    "from": [ 7.75, 13.5, 7.5 ],
    "to": [ 9.75, 13.75, 8.5 ],
    "faces": {
        "down":  { "uv": [ 7.75, 2.5, 9.75, 2.25 ], "texture": "#texture" },
        "up":    { "uv": [ 7.75, 2.25, 9.75, 2.5 ], "texture": "#texture" },
        "north": { "uv": [ 9.75, 2.25, 7.75, 2.5 ], "texture": "#texture" },
        "south": { "uv": [ 7.75, 2.25, 9.75, 2.5 ], "texture": "#texture" },
        "west":  { "uv": [ 7.75, 2.25, 8, 2.5 ], "texture": "#texture" },
        "east":  { "uv": [ 9.75, 2.25, 9.5, 2.5 ], "texture": "#texture" }
    }
},
{
    "from": [ 7.75, 11.5, 7.5 ],
    "to": [ 8.25, 11.75, 8.5 ],
    "faces": {
        "down":  { "uv": [ 7.75, 4.5, 8.25, 4.25 ], "texture": "#texture" },
        "up":    { "uv": [ 7.75, 4.25, 8.25, 4.5 ], "texture": "#texture" },
        "north": { "uv": [ 8.25, 4.25, 7.75, 4.5 ], "texture": "#texture" },
        "south": { "uv": [ 7.75, 4.25, 8.25, 4.5 ], "texture": "#texture" },
        "west":  { "uv": [ 7.75, 4.25, 8, 4.5 ], "texture": "#texture" },
        "east":  { "uv": [ 8.25, 4.25, 8, 4.5 ], "texture": "#texture" }
    }
},
{
    "from": [ 7.75, 3.75, 7.5 ],
    "to": [ 8.25, 4, 8.5 ],
    "faces": {
        "down":  { "uv": [ 7.75, 12.25, 8.25, 12 ], "texture": "#texture" },
        "up":    { "uv": [ 7.75, 12, 8.25, 12.25 ], "texture": "#texture" },
        "north": { "uv": [ 8.25, 12, 7.75, 12.25 ], "texture": "#texture" },
        "south": { "uv": [ 7.75, 12, 8.25, 12.25 ], "texture": "#texture" },
        "west":  { "uv": [ 7.75, 12, 8, 12.25 ], "texture": "#texture" },
        "east":  { "uv": [ 8.25, 12, 8, 12.25 ], "texture": "#texture" }
    }
},
{
    "from": [ 7.75, 1.75, 7.5 ],
    "to": [ 9, 2, 8.5 ],
    "faces": {
        "down":  { "uv": [ 7.75, 14.25, 9, 14 ], "texture": "#texture" },
        "up":    { "uv": [ 7.75, 14, 9, 14.25 ], "texture": "#texture" },
        "north": { "uv": [ 9, 14, 7.75, 14.25 ], "texture": "#texture" },
        "south": { "uv": [ 7.75, 14, 9, 14.25 ], "texture": "#texture" },
        "west":  { "uv": [ 7.75, 14, 8, 14.25 ], "texture": "#texture" },
        "east":  { "uv": [ 9, 14, 8.75, 14.25 ], "texture": "#texture" }
    }
},
{
    "from": [ 8, 13.75, 7.5 ],
    "to": [ 9.5, 14, 8.5 ],
    "faces": {
        "down":  { "uv": [ 8, 2.25, 9.5, 2 ], "texture": "#texture" },
        "up":    { "uv": [ 8, 2, 9.5, 2.25 ], "texture": "#texture" },
        "north": { "uv": [ 9.5, 2, 8, 2.25 ], "texture": "#texture" },
        "south": { "uv": [ 8, 2, 9.5, 2.25 ], "texture": "#texture" },
        "west":  { "uv": [ 8, 2, 8.25, 2.25 ], "texture": "#texture" },
        "east":  { "uv": [ 9.5, 2, 9.25, 2.25 ], "texture": "#texture" }
    }
},
{
    "from": [ 8, 3, 7.5 ],
    "to": [ 8.25, 3.5, 8.5 ],
    "faces": {
        "down":  { "uv": [ 8, 13, 8.25, 12.75 ], "texture": "#texture" },
        "up":    { "uv": [ 8, 12.5, 8.25, 12.75 ], "texture": "#texture" },
        "north": { "uv": [ 8.25, 12.5, 8, 13 ], "texture": "#texture" },
        "south": { "uv": [ 8, 12.5, 8.25, 13 ], "texture": "#texture" },
        "west":  { "uv": [ 8, 12.5, 8.25, 13 ], "texture": "#texture" },
        "east":  { "uv": [ 8.25, 12.5, 8, 13 ], "texture": "#texture" }
    }
},
{
    "from": [ 8.25, 14, 7.5 ],
    "to": [ 9.25, 14.25, 8.5 ],
    "faces": {
        "down":  { "uv": [ 8.25, 2, 9.25, 1.75 ], "texture": "#texture" },
        "up":    { "uv": [ 8.25, 1.75, 9.25, 2 ], "texture": "#texture" },
        "north": { "uv": [ 9.25, 1.75, 8.25, 2 ], "texture": "#texture" },
        "south": { "uv": [ 8.25, 1.75, 9.25, 2 ], "texture": "#texture" },
        "west":  { "uv": [ 8.25, 1.75, 8.5, 2 ], "texture": "#texture" },
        "east":  { "uv": [ 9.25, 1.75, 9, 2 ], "texture": "#texture" }
    }
},
{
    "from": [ 8.25, 12.25, 7.5 ],
    "to": [ 8.5, 12.5, 8.5 ],
    "faces": {
        "down":  { "uv": [ 8.25, 3.75, 8.5, 3.5 ], "texture": "#texture" },
        "up":    { "uv": [ 8.25, 3.5, 8.5, 3.75 ], "texture": "#texture" },
        "north": { "uv": [ 8.5, 3.5, 8.25, 3.75 ], "texture": "#texture" },
        "south": { "uv": [ 8.25, 3.5, 8.5, 3.75 ], "texture": "#texture" },
        "west":  { "uv": [ 8.25, 3.5, 8.5, 3.75 ], "texture": "#texture" },
        "east":  { "uv": [ 8.5, 3.5, 8.25, 3.75 ], "texture": "#texture" }
    }
},
{
    "from": [ 8.25, 11.75, 7.5 ],
    "to": [ 8.5, 12, 8.5 ],
    "faces": {
        "down":  { "uv": [ 8.25, 4.25, 8.5, 4 ], "texture": "#texture" },
        "up":    { "uv": [ 8.25, 4, 8.5, 4.25 ], "texture": "#texture" },
        "north": { "uv": [ 8.5, 4, 8.25, 4.25 ], "texture": "#texture" },
        "south": { "uv": [ 8.25, 4, 8.5, 4.25 ], "texture": "#texture" },
        "west":  { "uv": [ 8.25, 4, 8.5, 4.25 ], "texture": "#texture" },
        "east":  { "uv": [ 8.5, 4, 8.25, 4.25 ], "texture": "#texture" }
    }
},
{
    "from": [ 8.25, 1.5, 7.5 ],
    "to": [ 8.75, 1.75, 8.5 ],
    "faces": {
        "down":  { "uv": [ 8.25, 14.5, 8.75, 14.25 ], "texture": "#texture" },
        "up":    { "uv": [ 8.25, 14.25, 8.75, 14.5 ], "texture": "#texture" },
        "north": { "uv": [ 8.75, 14.25, 8.25, 14.5 ], "texture": "#texture" },
        "south": { "uv": [ 8.25, 14.25, 8.75, 14.5 ], "texture": "#texture" },
        "west":  { "uv": [ 8.25, 14.25, 8.5, 14.5 ], "texture": "#texture" },
        "east":  { "uv": [ 8.75, 14.25, 8.5, 14.5 ], "texture": "#texture" }
    }
},
{
    "from": [ 8.5, 14.25, 7.5 ],
    "to": [ 9, 14.5, 8.5 ],
    "faces": {
        "down":  { "uv": [ 8.5, 1.75, 9, 1.5 ], "texture": "#texture" },
        "up":    { "uv": [ 8.5, 1.5, 9, 1.75 ], "texture": "#texture" },
        "north": { "uv": [ 9, 1.5, 8.5, 1.75 ], "texture": "#texture" },
        "south": { "uv": [ 8.5, 1.5, 9, 1.75 ], "texture": "#texture" },
        "west":  { "uv": [ 8.5, 1.5, 8.75, 1.75 ], "texture": "#texture" },
        "east":  { "uv": [ 9, 1.5, 8.75, 1.75 ], "texture": "#texture" }
    }
},
{
    "from": [ 4.5, 8.5, 7.75 ],
    "to": [ 4.75, 9, 8.25 ],
    "faces": {
        "down":  { "uv": [ 4.5, 7.5, 4.75, 7.25 ], "texture": "#texture" },
        "up":    { "uv": [ 4.5, 7, 4.75, 7.25 ], "texture": "#texture" },
        "north": { "uv": [ 4.75, 7, 4.5, 7.5 ], "texture": "#texture" },
        "south": { "uv": [ 4.5, 7, 4.75, 7.5 ], "texture": "#texture" },
        "west":  { "uv": [ 4.5, 7, 4.75, 7.5 ], "texture": "#texture" },
        "east":  { "uv": [ 4.75, 7, 4.5, 7.5 ], "texture": "#texture" }
    }
},
{
    "from": [ 4.5, 6.75, 7.75 ],
    "to": [ 4.75, 7.25, 8.25 ],
    "faces": {
        "down":  { "uv": [ 4.5, 9.25, 4.75, 9 ], "texture": "#texture" },
        "up":    { "uv": [ 4.5, 8.75, 4.75, 9 ], "texture": "#texture" },
        "north": { "uv": [ 4.75, 8.75, 4.5, 9.25 ], "texture": "#texture" },
        "south": { "uv": [ 4.5, 8.75, 4.75, 9.25 ], "texture": "#texture" },
        "west":  { "uv": [ 4.5, 8.75, 4.75, 9.25 ], "texture": "#texture" },
        "east":  { "uv": [ 4.75, 8.75, 4.5, 9.25 ], "texture": "#texture" }
    }
},
{
    "from": [ 4.75, 8.75, 7.75 ],
    "to": [ 6.75, 9, 8.25 ],
    "faces": {
        "down":  { "uv": [ 4.75, 7.25, 6.75, 7 ], "texture": "#texture" },
        "up":    { "uv": [ 4.75, 7, 6.75, 7.25 ], "texture": "#texture" },
        "north": { "uv": [ 6.75, 7, 4.75, 7.25 ], "texture": "#texture" },
        "south": { "uv": [ 4.75, 7, 6.75, 7.25 ], "texture": "#texture" },
        "west":  { "uv": [ 4.75, 7, 5, 7.25 ], "texture": "#texture" },
        "east":  { "uv": [ 6.75, 7, 6.5, 7.25 ], "texture": "#texture" }
    }
},
{
    "from": [ 4.75, 6.75, 7.75 ],
    "to": [ 7, 7, 8.25 ],
    "faces": {
        "down":  { "uv": [ 4.75, 9.25, 7, 9 ], "texture": "#texture" },
        "up":    { "uv": [ 4.75, 9, 7, 9.25 ], "texture": "#texture" },
        "north": { "uv": [ 7, 9, 4.75, 9.25 ], "texture": "#texture" },
        "south": { "uv": [ 4.75, 9, 7, 9.25 ], "texture": "#texture" },
        "west":  { "uv": [ 4.75, 9, 5, 9.25 ], "texture": "#texture" },
        "east":  { "uv": [ 7, 9, 6.75, 9.25 ], "texture": "#texture" }
    }
},
{
    "from": [ 5, 8.5, 7.75 ],
    "to": [ 7, 8.75, 8.25 ],
    "faces": {
        "down":  { "uv": [ 5, 7.5, 7, 7.25 ], "texture": "#texture" },
        "up":    { "uv": [ 5, 7.25, 7, 7.5 ], "texture": "#texture" },
        "north": { "uv": [ 7, 7.25, 5, 7.5 ], "texture": "#texture" },
        "south": { "uv": [ 5, 7.25, 7, 7.5 ], "texture": "#texture" },
        "west":  { "uv": [ 5, 7.25, 5.25, 7.5 ], "texture": "#texture" },
        "east":  { "uv": [ 7, 7.25, 6.75, 7.5 ], "texture": "#texture" }
    }
},
{
    "from": [ 5, 7.5, 7.75 ],
    "to": [ 7.25, 8, 8.25 ],
    "faces": {
        "down":  { "uv": [ 5, 8.5, 7.25, 8.25 ], "texture": "#texture" },
        "up":    { "uv": [ 5, 8, 7.25, 8.25 ], "texture": "#texture" },
        "north": { "uv": [ 7.25, 8, 5, 8.5 ], "texture": "#texture" },
        "south": { "uv": [ 5, 8, 7.25, 8.5 ], "texture": "#texture" },
        "west":  { "uv": [ 5, 8, 5.25, 8.5 ], "texture": "#texture" },
        "east":  { "uv": [ 7.25, 8, 7, 8.5 ], "texture": "#texture" }
    }
},
{
    "from": [ 5.25, 9.75, 7.75 ],
    "to": [ 8.25, 10, 8.25 ],
    "faces": {
        "down":  { "uv": [ 5.25, 6.25, 8.25, 6 ], "texture": "#texture" },
        "up":    { "uv": [ 5.25, 6, 8.25, 6.25 ], "texture": "#texture" },
        "north": { "uv": [ 8.25, 6, 5.25, 6.25 ], "texture": "#texture" },
        "south": { "uv": [ 5.25, 6, 8.25, 6.25 ], "texture": "#texture" },
        "west":  { "uv": [ 5.25, 6, 5.5, 6.25 ], "texture": "#texture" },
        "east":  { "uv": [ 8.25, 6, 8, 6.25 ], "texture": "#texture" }
    }
},
{
    "from": [ 5.25, 8, 7.75 ],
    "to": [ 6.75, 8.5, 8.25 ],
    "faces": {
        "down":  { "uv": [ 5.25, 8, 6.75, 7.75 ], "texture": "#texture" },
        "up":    { "uv": [ 5.25, 7.5, 6.75, 7.75 ], "texture": "#texture" },
        "north": { "uv": [ 6.75, 7.5, 5.25, 8 ], "texture": "#texture" },
        "south": { "uv": [ 5.25, 7.5, 6.75, 8 ], "texture": "#texture" },
        "west":  { "uv": [ 5.25, 7.5, 5.5, 8 ], "texture": "#texture" },
        "east":  { "uv": [ 6.75, 7.5, 6.5, 8 ], "texture": "#texture" }
    }
},
{
    "from": [ 5.25, 7, 7.75 ],
    "to": [ 6.75, 7.5, 8.25 ],
    "faces": {
        "down":  { "uv": [ 5.25, 9, 6.75, 8.75 ], "texture": "#texture" },
        "up":    { "uv": [ 5.25, 8.5, 6.75, 8.75 ], "texture": "#texture" },
        "north": { "uv": [ 6.75, 8.5, 5.25, 9 ], "texture": "#texture" },
        "south": { "uv": [ 5.25, 8.5, 6.75, 9 ], "texture": "#texture" },
        "west":  { "uv": [ 5.25, 8.5, 5.5, 9 ], "texture": "#texture" },
        "east":  { "uv": [ 6.75, 8.5, 6.5, 9 ], "texture": "#texture" }
    }
},
{
    "from": [ 5.25, 5.5, 7.75 ],
    "to": [ 8.5, 5.75, 8.25 ],
    "faces": {
        "down":  { "uv": [ 5.25, 10.5, 8.5, 10.25 ], "texture": "#texture" },
        "up":    { "uv": [ 5.25, 10.25, 8.5, 10.5 ], "texture": "#texture" },
        "north": { "uv": [ 8.5, 10.25, 5.25, 10.5 ], "texture": "#texture" },
        "south": { "uv": [ 5.25, 10.25, 8.5, 10.5 ], "texture": "#texture" },
        "west":  { "uv": [ 5.25, 10.25, 5.5, 10.5 ], "texture": "#texture" },
        "east":  { "uv": [ 8.5, 10.25, 8.25, 10.5 ], "texture": "#texture" }
    }
},
{
    "from": [ 5.5, 10, 7.75 ],
    "to": [ 7.25, 10.75, 8.25 ],
    "faces": {
        "down":  { "uv": [ 5.5, 6, 7.25, 5.75 ], "texture": "#texture" },
        "up":    { "uv": [ 5.5, 5.25, 7.25, 5.5 ], "texture": "#texture" },
        "north": { "uv": [ 7.25, 5.25, 5.5, 6 ], "texture": "#texture" },
        "south": { "uv": [ 5.5, 5.25, 7.25, 6 ], "texture": "#texture" },
        "west":  { "uv": [ 5.5, 5.25, 5.75, 6 ], "texture": "#texture" },
        "east":  { "uv": [ 7.25, 5.25, 7, 6 ], "texture": "#texture" }
    }
},
{
    "from": [ 5.5, 9.5, 7.75 ],
    "to": [ 8.25, 9.75, 8.25 ],
    "faces": {
        "down":  { "uv": [ 5.5, 6.5, 8.25, 6.25 ], "texture": "#texture" },
        "up":    { "uv": [ 5.5, 6.25, 8.25, 6.5 ], "texture": "#texture" },
        "north": { "uv": [ 8.25, 6.25, 5.5, 6.5 ], "texture": "#texture" },
        "south": { "uv": [ 5.5, 6.25, 8.25, 6.5 ], "texture": "#texture" },
        "west":  { "uv": [ 5.5, 6.25, 5.75, 6.5 ], "texture": "#texture" },
        "east":  { "uv": [ 8.25, 6.25, 8, 6.5 ], "texture": "#texture" }
    }
},
{
    "from": [ 5.5, 6.5, 7.75 ],
    "to": [ 6.5, 6.75, 8.25 ],
    "faces": {
        "down":  { "uv": [ 5.5, 9.5, 6.5, 9.25 ], "texture": "#texture" },
        "up":    { "uv": [ 5.5, 9.25, 6.5, 9.5 ], "texture": "#texture" },
        "north": { "uv": [ 6.5, 9.25, 5.5, 9.5 ], "texture": "#texture" },
        "south": { "uv": [ 5.5, 9.25, 6.5, 9.5 ], "texture": "#texture" },
        "west":  { "uv": [ 5.5, 9.25, 5.75, 9.5 ], "texture": "#texture" },
        "east":  { "uv": [ 6.5, 9.25, 6.25, 9.5 ], "texture": "#texture" }
    }
},
{
    "from": [ 5.5, 5.25, 7.75 ],
    "to": [ 8.5, 5.5, 8.25 ],
    "faces": {
        "down":  { "uv": [ 5.5, 10.75, 8.5, 10.5 ], "texture": "#texture" },
        "up":    { "uv": [ 5.5, 10.5, 8.5, 10.75 ], "texture": "#texture" },
        "north": { "uv": [ 8.5, 10.5, 5.5, 10.75 ], "texture": "#texture" },
        "south": { "uv": [ 5.5, 10.5, 8.5, 10.75 ], "texture": "#texture" },
        "west":  { "uv": [ 5.5, 10.5, 5.75, 10.75 ], "texture": "#texture" },
        "east":  { "uv": [ 8.5, 10.5, 8.25, 10.75 ], "texture": "#texture" }
    }
},
{
    "from": [ 5.75, 11.75, 7.75 ],
    "to": [ 8.5, 12.5, 8.25 ],
    "faces": {
        "down":  { "uv": [ 5.75, 4.25, 8.5, 4 ], "texture": "#texture" },
        "up":    { "uv": [ 5.75, 3.5, 8.5, 3.75 ], "texture": "#texture" },
        "north": { "uv": [ 8.5, 3.5, 5.75, 4.25 ], "texture": "#texture" },
        "south": { "uv": [ 5.75, 3.5, 8.5, 4.25 ], "texture": "#texture" },
        "west":  { "uv": [ 5.75, 3.5, 6, 4.25 ], "texture": "#texture" },
        "east":  { "uv": [ 8.5, 3.5, 8.25, 4.25 ], "texture": "#texture" }
    }
},
{
    "from": [ 5.75, 9, 7.75 ],
    "to": [ 7.75, 9.5, 8.25 ],
    "faces": {
        "down":  { "uv": [ 5.75, 7, 7.75, 6.75 ], "texture": "#texture" },
        "up":    { "uv": [ 5.75, 6.5, 7.75, 6.75 ], "texture": "#texture" },
        "north": { "uv": [ 7.75, 6.5, 5.75, 7 ], "texture": "#texture" },
        "south": { "uv": [ 5.75, 6.5, 7.75, 7 ], "texture": "#texture" },
        "west":  { "uv": [ 5.75, 6.5, 6, 7 ], "texture": "#texture" },
        "east":  { "uv": [ 7.75, 6.5, 7.5, 7 ], "texture": "#texture" }
    }
},
{
    "from": [ 5.75, 5.75, 7.75 ],
    "to": [ 7, 6.5, 8.25 ],
    "faces": {
        "down":  { "uv": [ 5.75, 10.25, 7, 10 ], "texture": "#texture" },
        "up":    { "uv": [ 5.75, 9.5, 7, 9.75 ], "texture": "#texture" },
        "north": { "uv": [ 7, 9.5, 5.75, 10.25 ], "texture": "#texture" },
        "south": { "uv": [ 5.75, 9.5, 7, 10.25 ], "texture": "#texture" },
        "west":  { "uv": [ 5.75, 9.5, 6, 10.25 ], "texture": "#texture" },
        "east":  { "uv": [ 7, 9.5, 6.75, 10.25 ], "texture": "#texture" }
    }
},
{
    "from": [ 5.75, 5, 7.75 ],
    "to": [ 7.25, 5.25, 8.25 ],
    "faces": {
        "down":  { "uv": [ 5.75, 11, 7.25, 10.75 ], "texture": "#texture" },
        "up":    { "uv": [ 5.75, 10.75, 7.25, 11 ], "texture": "#texture" },
        "north": { "uv": [ 7.25, 10.75, 5.75, 11 ], "texture": "#texture" },
        "south": { "uv": [ 5.75, 10.75, 7.25, 11 ], "texture": "#texture" },
        "west":  { "uv": [ 5.75, 10.75, 6, 11 ], "texture": "#texture" },
        "east":  { "uv": [ 7.25, 10.75, 7, 11 ], "texture": "#texture" }
    }
},
{
    "from": [ 5.75, 3, 7.75 ],
    "to": [ 8.25, 3.75, 8.25 ],
    "faces": {
        "down":  { "uv": [ 5.75, 13, 8.25, 12.75 ], "texture": "#texture" },
        "up":    { "uv": [ 5.75, 12.25, 8.25, 12.5 ], "texture": "#texture" },
        "north": { "uv": [ 8.25, 12.25, 5.75, 13 ], "texture": "#texture" },
        "south": { "uv": [ 5.75, 12.25, 8.25, 13 ], "texture": "#texture" },
        "west":  { "uv": [ 5.75, 12.25, 6, 13 ], "texture": "#texture" },
        "east":  { "uv": [ 8.25, 12.25, 8, 13 ], "texture": "#texture" }
    }
},
{
    "from": [ 6, 12.5, 7.75 ],
    "to": [ 6.75, 13.25, 8.25 ],
    "faces": {
        "down":  { "uv": [ 6, 3.5, 6.75, 3.25 ], "texture": "#texture" },
        "up":    { "uv": [ 6, 2.75, 6.75, 3 ], "texture": "#texture" },
        "north": { "uv": [ 6.75, 2.75, 6, 3.5 ], "texture": "#texture" },
        "south": { "uv": [ 6, 2.75, 6.75, 3.5 ], "texture": "#texture" },
        "west":  { "uv": [ 6, 2.75, 6.25, 3.5 ], "texture": "#texture" },
        "east":  { "uv": [ 6.75, 2.75, 6.5, 3.5 ], "texture": "#texture" }
    }
},
{
    "from": [ 6, 10.75, 7.75 ],
    "to": [ 7.75, 11.75, 8.25 ],
    "faces": {
        "down":  { "uv": [ 6, 5.25, 7.75, 5 ], "texture": "#texture" },
        "up":    { "uv": [ 6, 4.25, 7.75, 4.5 ], "texture": "#texture" },
        "north": { "uv": [ 7.75, 4.25, 6, 5.25 ], "texture": "#texture" },
        "south": { "uv": [ 6, 4.25, 7.75, 5.25 ], "texture": "#texture" },
        "west":  { "uv": [ 6, 4.25, 6.25, 5.25 ], "texture": "#texture" },
        "east":  { "uv": [ 7.75, 4.25, 7.5, 5.25 ], "texture": "#texture" }
    }
},
{
    "from": [ 6, 4.5, 7.75 ],
    "to": [ 7.5, 5, 8.25 ],
    "faces": {
        "down":  { "uv": [ 6, 11.5, 7.5, 11.25 ], "texture": "#texture" },
        "up":    { "uv": [ 6, 11, 7.5, 11.25 ], "texture": "#texture" },
        "north": { "uv": [ 7.5, 11, 6, 11.5 ], "texture": "#texture" },
        "south": { "uv": [ 6, 11, 7.5, 11.5 ], "texture": "#texture" },
        "west":  { "uv": [ 6, 11, 6.25, 11.5 ], "texture": "#texture" },
        "east":  { "uv": [ 7.5, 11, 7.25, 11.5 ], "texture": "#texture" }
    }
},
{
    "from": [ 6, 3.75, 7.75 ],
    "to": [ 8.25, 4.25, 8.25 ],
    "faces": {
        "down":  { "uv": [ 6, 12.25, 8.25, 12 ], "texture": "#texture" },
        "up":    { "uv": [ 6, 11.75, 8.25, 12 ], "texture": "#texture" },
        "north": { "uv": [ 8.25, 11.75, 6, 12.25 ], "texture": "#texture" },
        "south": { "uv": [ 6, 11.75, 8.25, 12.25 ], "texture": "#texture" },
        "west":  { "uv": [ 6, 11.75, 6.25, 12.25 ], "texture": "#texture" },
        "east":  { "uv": [ 8.25, 11.75, 8, 12.25 ], "texture": "#texture" }
    }
},
{
    "from": [ 6, 2.25, 7.75 ],
    "to": [ 6.25, 3, 8.25 ],
    "faces": {
        "down":  { "uv": [ 6, 13.75, 6.25, 13.5 ], "texture": "#texture" },
        "up":    { "uv": [ 6, 13, 6.25, 13.25 ], "texture": "#texture" },
        "north": { "uv": [ 6.25, 13, 6, 13.75 ], "texture": "#texture" },
        "south": { "uv": [ 6, 13, 6.25, 13.75 ], "texture": "#texture" },
        "west":  { "uv": [ 6, 13, 6.25, 13.75 ], "texture": "#texture" },
        "east":  { "uv": [ 6.25, 13, 6, 13.75 ], "texture": "#texture" }
    }
},
{
    "from": [ 6.25, 13.25, 7.75 ],
    "to": [ 6.75, 14, 8.25 ],
    "faces": {
        "down":  { "uv": [ 6.25, 2.75, 6.75, 2.5 ], "texture": "#texture" },
        "up":    { "uv": [ 6.25, 2, 6.75, 2.25 ], "texture": "#texture" },
        "north": { "uv": [ 6.75, 2, 6.25, 2.75 ], "texture": "#texture" },
        "south": { "uv": [ 6.25, 2, 6.75, 2.75 ], "texture": "#texture" },
        "west":  { "uv": [ 6.25, 2, 6.5, 2.75 ], "texture": "#texture" },
        "east":  { "uv": [ 6.75, 2, 6.5, 2.75 ], "texture": "#texture" }
    }
},
{
    "from": [ 6.25, 4.25, 7.75 ],
    "to": [ 7.75, 4.5, 8.25 ],
    "faces": {
        "down":  { "uv": [ 6.25, 11.75, 7.75, 11.5 ], "texture": "#texture" },
        "up":    { "uv": [ 6.25, 11.5, 7.75, 11.75 ], "texture": "#texture" },
        "north": { "uv": [ 7.75, 11.5, 6.25, 11.75 ], "texture": "#texture" },
        "south": { "uv": [ 6.25, 11.5, 7.75, 11.75 ], "texture": "#texture" },
        "west":  { "uv": [ 6.25, 11.5, 6.5, 11.75 ], "texture": "#texture" },
        "east":  { "uv": [ 7.75, 11.5, 7.5, 11.75 ], "texture": "#texture" }
    }
},
{
    "from": [ 6.25, 2.5, 7.75 ],
    "to": [ 9, 3, 8.25 ],
    "faces": {
        "down":  { "uv": [ 6.25, 13.5, 9, 13.25 ], "texture": "#texture" },
        "up":    { "uv": [ 6.25, 13, 9, 13.25 ], "texture": "#texture" },
        "north": { "uv": [ 9, 13, 6.25, 13.5 ], "texture": "#texture" },
        "south": { "uv": [ 6.25, 13, 9, 13.5 ], "texture": "#texture" },
        "west":  { "uv": [ 6.25, 13, 6.5, 13.5 ], "texture": "#texture" },
        "east":  { "uv": [ 9, 13, 8.75, 13.5 ], "texture": "#texture" }
    }
},
{
    "from": [ 6.5, 14, 7.75 ],
    "to": [ 7, 14.25, 8.25 ],
    "faces": {
        "down":  { "uv": [ 6.5, 2, 7, 1.75 ], "texture": "#texture" },
        "up":    { "uv": [ 6.5, 1.75, 7, 2 ], "texture": "#texture" },
        "north": { "uv": [ 7, 1.75, 6.5, 2 ], "texture": "#texture" },
        "south": { "uv": [ 6.5, 1.75, 7, 2 ], "texture": "#texture" },
        "west":  { "uv": [ 6.5, 1.75, 6.75, 2 ], "texture": "#texture" },
        "east":  { "uv": [ 7, 1.75, 6.75, 2 ], "texture": "#texture" }
    }
},
{
    "from": [ 6.5, 1.5, 7.75 ],
    "to": [ 6.75, 2.5, 8.25 ],
    "faces": {
        "down":  { "uv": [ 6.5, 14.5, 6.75, 14.25 ], "texture": "#texture" },
        "up":    { "uv": [ 6.5, 13.5, 6.75, 13.75 ], "texture": "#texture" },
        "north": { "uv": [ 6.75, 13.5, 6.5, 14.5 ], "texture": "#texture" },
        "south": { "uv": [ 6.5, 13.5, 6.75, 14.5 ], "texture": "#texture" },
        "west":  { "uv": [ 6.5, 13.5, 6.75, 14.5 ], "texture": "#texture" },
        "east":  { "uv": [ 6.75, 13.5, 6.5, 14.5 ], "texture": "#texture" }
    }
},
{
    "from": [ 6.75, 13.75, 7.75 ],
    "to": [ 7, 14, 8.25 ],
    "faces": {
        "down":  { "uv": [ 6.75, 2.25, 7, 2 ], "texture": "#texture" },
        "up":    { "uv": [ 6.75, 2, 7, 2.25 ], "texture": "#texture" },
        "north": { "uv": [ 7, 2, 6.75, 2.25 ], "texture": "#texture" },
        "south": { "uv": [ 6.75, 2, 7, 2.25 ], "texture": "#texture" },
        "west":  { "uv": [ 6.75, 2, 7, 2.25 ], "texture": "#texture" },
        "east":  { "uv": [ 7, 2, 6.75, 2.25 ], "texture": "#texture" }
    }
},
{
    "from": [ 6.75, 12.5, 7.75 ],
    "to": [ 9.25, 13, 8.25 ],
    "faces": {
        "down":  { "uv": [ 6.75, 3.5, 9.25, 3.25 ], "texture": "#texture" },
        "up":    { "uv": [ 6.75, 3, 9.25, 3.25 ], "texture": "#texture" },
        "north": { "uv": [ 9.25, 3, 6.75, 3.5 ], "texture": "#texture" },
        "south": { "uv": [ 6.75, 3, 9.25, 3.5 ], "texture": "#texture" },
        "west":  { "uv": [ 6.75, 3, 7, 3.5 ], "texture": "#texture" },
        "east":  { "uv": [ 9.25, 3, 9, 3.5 ], "texture": "#texture" }
    }
},
{
    "from": [ 6.75, 8, 7.75 ],
    "to": [ 7.25, 8.25, 8.25 ],
    "faces": {
        "down":  { "uv": [ 6.75, 8, 7.25, 7.75 ], "texture": "#texture" },
        "up":    { "uv": [ 6.75, 7.75, 7.25, 8 ], "texture": "#texture" },
        "north": { "uv": [ 7.25, 7.75, 6.75, 8 ], "texture": "#texture" },
        "south": { "uv": [ 6.75, 7.75, 7.25, 8 ], "texture": "#texture" },
        "west":  { "uv": [ 6.75, 7.75, 7, 8 ], "texture": "#texture" },
        "east":  { "uv": [ 7.25, 7.75, 7, 8 ], "texture": "#texture" }
    }
},
{
    "from": [ 6.75, 7.25, 7.75 ],
    "to": [ 7.5, 7.5, 8.25 ],
    "faces": {
        "down":  { "uv": [ 6.75, 8.75, 7.5, 8.5 ], "texture": "#texture" },
        "up":    { "uv": [ 6.75, 8.5, 7.5, 8.75 ], "texture": "#texture" },
        "north": { "uv": [ 7.5, 8.5, 6.75, 8.75 ], "texture": "#texture" },
        "south": { "uv": [ 6.75, 8.5, 7.5, 8.75 ], "texture": "#texture" },
        "west":  { "uv": [ 6.75, 8.5, 7, 8.75 ], "texture": "#texture" },
        "east":  { "uv": [ 7.5, 8.5, 7.25, 8.75 ], "texture": "#texture" }
    }
},
{
    "from": [ 6.75, 2, 7.75 ],
    "to": [ 9, 2.5, 8.25 ],
    "faces": {
        "down":  { "uv": [ 6.75, 14, 9, 13.75 ], "texture": "#texture" },
        "up":    { "uv": [ 6.75, 13.5, 9, 13.75 ], "texture": "#texture" },
        "north": { "uv": [ 9, 13.5, 6.75, 14 ], "texture": "#texture" },
        "south": { "uv": [ 6.75, 13.5, 9, 14 ], "texture": "#texture" },
        "west":  { "uv": [ 6.75, 13.5, 7, 14 ], "texture": "#texture" },
        "east":  { "uv": [ 9, 13.5, 8.75, 14 ], "texture": "#texture" }
    }
},
{
    "from": [ 7, 14.25, 7.75 ],
    "to": [ 7.25, 14.5, 8.25 ],
    "faces": {
        "down":  { "uv": [ 7, 1.75, 7.25, 1.5 ], "texture": "#texture" },
        "up":    { "uv": [ 7, 1.5, 7.25, 1.75 ], "texture": "#texture" },
        "north": { "uv": [ 7.25, 1.5, 7, 1.75 ], "texture": "#texture" },
        "south": { "uv": [ 7, 1.5, 7.25, 1.75 ], "texture": "#texture" },
        "west":  { "uv": [ 7, 1.5, 7.25, 1.75 ], "texture": "#texture" },
        "east":  { "uv": [ 7.25, 1.5, 7, 1.75 ], "texture": "#texture" }
    }
},
{
    "from": [ 7, 13, 7.75 ],
    "to": [ 9.75, 13.75, 8.25 ],
    "faces": {
        "down":  { "uv": [ 7, 3, 9.75, 2.75 ], "texture": "#texture" },
        "up":    { "uv": [ 7, 2.25, 9.75, 2.5 ], "texture": "#texture" },
        "north": { "uv": [ 9.75, 2.25, 7, 3 ], "texture": "#texture" },
        "south": { "uv": [ 7, 2.25, 9.75, 3 ], "texture": "#texture" },
        "west":  { "uv": [ 7, 2.25, 7.25, 3 ], "texture": "#texture" },
        "east":  { "uv": [ 9.75, 2.25, 9.5, 3 ], "texture": "#texture" }
    }
},
{
    "from": [ 7, 5.75, 7.75 ],
    "to": [ 8.25, 6.25, 8.25 ],
    "faces": {
        "down":  { "uv": [ 7, 10.25, 8.25, 10 ], "texture": "#texture" },
        "up":    { "uv": [ 7, 9.75, 8.25, 10 ], "texture": "#texture" },
        "north": { "uv": [ 8.25, 9.75, 7, 10.25 ], "texture": "#texture" },
        "south": { "uv": [ 7, 9.75, 8.25, 10.25 ], "texture": "#texture" },
        "west":  { "uv": [ 7, 9.75, 7.25, 10.25 ], "texture": "#texture" },
        "east":  { "uv": [ 8.25, 9.75, 8, 10.25 ], "texture": "#texture" }
    }
},
{
    "from": [ 7.25, 14.5, 7.75 ],
    "to": [ 7.5, 14.75, 8.25 ],
    "faces": {
        "down":  { "uv": [ 7.25, 1.5, 7.5, 1.25 ], "texture": "#texture" },
        "up":    { "uv": [ 7.25, 1.25, 7.5, 1.5 ], "texture": "#texture" },
        "north": { "uv": [ 7.5, 1.25, 7.25, 1.5 ], "texture": "#texture" },
        "south": { "uv": [ 7.25, 1.25, 7.5, 1.5 ], "texture": "#texture" },
        "west":  { "uv": [ 7.25, 1.25, 7.5, 1.5 ], "texture": "#texture" },
        "east":  { "uv": [ 7.5, 1.25, 7.25, 1.5 ], "texture": "#texture" }
    }
},
{
    "from": [ 7.25, 13.75, 7.75 ],
    "to": [ 7.5, 14, 8.25 ],
    "faces": {
        "down":  { "uv": [ 7.25, 2.25, 7.5, 2 ], "texture": "#texture" },
        "up":    { "uv": [ 7.25, 2, 7.5, 2.25 ], "texture": "#texture" },
        "north": { "uv": [ 7.5, 2, 7.25, 2.25 ], "texture": "#texture" },
        "south": { "uv": [ 7.25, 2, 7.5, 2.25 ], "texture": "#texture" },
        "west":  { "uv": [ 7.25, 2, 7.5, 2.25 ], "texture": "#texture" },
        "east":  { "uv": [ 7.5, 2, 7.25, 2.25 ], "texture": "#texture" }
    }
},
{
    "from": [ 7.25, 10.5, 7.75 ],
    "to": [ 7.75, 10.75, 8.25 ],
    "faces": {
        "down":  { "uv": [ 7.25, 5.5, 7.75, 5.25 ], "texture": "#texture" },
        "up":    { "uv": [ 7.25, 5.25, 7.75, 5.5 ], "texture": "#texture" },
        "north": { "uv": [ 7.75, 5.25, 7.25, 5.5 ], "texture": "#texture" },
        "south": { "uv": [ 7.25, 5.25, 7.75, 5.5 ], "texture": "#texture" },
        "west":  { "uv": [ 7.25, 5.25, 7.5, 5.5 ], "texture": "#texture" },
        "east":  { "uv": [ 7.75, 5.25, 7.5, 5.5 ], "texture": "#texture" }
    }
},
{
    "from": [ 7.25, 10, 7.75 ],
    "to": [ 7.75, 10.25, 8.25 ],
    "faces": {
        "down":  { "uv": [ 7.25, 6, 7.75, 5.75 ], "texture": "#texture" },
        "up":    { "uv": [ 7.25, 5.75, 7.75, 6 ], "texture": "#texture" },
        "north": { "uv": [ 7.75, 5.75, 7.25, 6 ], "texture": "#texture" },
        "south": { "uv": [ 7.25, 5.75, 7.75, 6 ], "texture": "#texture" },
        "west":  { "uv": [ 7.25, 5.75, 7.5, 6 ], "texture": "#texture" },
        "east":  { "uv": [ 7.75, 5.75, 7.5, 6 ], "texture": "#texture" }
    }
},
{
    "from": [ 7.25, 6.25, 7.75 ],
    "to": [ 7.75, 6.5, 8.25 ],
    "faces": {
        "down":  { "uv": [ 7.25, 9.75, 7.75, 9.5 ], "texture": "#texture" },
        "up":    { "uv": [ 7.25, 9.5, 7.75, 9.75 ], "texture": "#texture" },
        "north": { "uv": [ 7.75, 9.5, 7.25, 9.75 ], "texture": "#texture" },
        "south": { "uv": [ 7.25, 9.5, 7.75, 9.75 ], "texture": "#texture" },
        "west":  { "uv": [ 7.25, 9.5, 7.5, 9.75 ], "texture": "#texture" },
        "east":  { "uv": [ 7.75, 9.5, 7.5, 9.75 ], "texture": "#texture" }
    }
},
{
    "from": [ 7.25, 1.75, 7.75 ],
    "to": [ 11, 2, 8.25 ],
    "faces": {
        "down":  { "uv": [ 7.25, 14.25, 11, 14 ], "texture": "#texture" },
        "up":    { "uv": [ 7.25, 14, 11, 14.25 ], "texture": "#texture" },
        "north": { "uv": [ 11, 14, 7.25, 14.25 ], "texture": "#texture" },
        "south": { "uv": [ 7.25, 14, 11, 14.25 ], "texture": "#texture" },
        "west":  { "uv": [ 7.25, 14, 7.5, 14.25 ], "texture": "#texture" },
        "east":  { "uv": [ 11, 14, 10.75, 14.25 ], "texture": "#texture" }
    }
},
{
    "from": [ 7.75, 13.75, 7.75 ],
    "to": [ 10, 14, 8.25 ],
    "faces": {
        "down":  { "uv": [ 7.75, 2.25, 10, 2 ], "texture": "#texture" },
        "up":    { "uv": [ 7.75, 2, 10, 2.25 ], "texture": "#texture" },
        "north": { "uv": [ 10, 2, 7.75, 2.25 ], "texture": "#texture" },
        "south": { "uv": [ 7.75, 2, 10, 2.25 ], "texture": "#texture" },
        "west":  { "uv": [ 7.75, 2, 8, 2.25 ], "texture": "#texture" },
        "east":  { "uv": [ 10, 2, 9.75, 2.25 ], "texture": "#texture" }
    }
},
{
    "from": [ 7.75, 11.25, 7.75 ],
    "to": [ 8.25, 11.75, 8.25 ],
    "faces": {
        "down":  { "uv": [ 7.75, 4.75, 8.25, 4.5 ], "texture": "#texture" },
        "up":    { "uv": [ 7.75, 4.25, 8.25, 4.5 ], "texture": "#texture" },
        "north": { "uv": [ 8.25, 4.25, 7.75, 4.75 ], "texture": "#texture" },
        "south": { "uv": [ 7.75, 4.25, 8.25, 4.75 ], "texture": "#texture" },
        "west":  { "uv": [ 7.75, 4.25, 8, 4.75 ], "texture": "#texture" },
        "east":  { "uv": [ 8.25, 4.25, 8, 4.75 ], "texture": "#texture" }
    }
},
{
    "from": [ 7.75, 9.25, 7.75 ],
    "to": [ 8.5, 9.5, 8.25 ],
    "faces": {
        "down":  { "uv": [ 7.75, 6.75, 8.5, 6.5 ], "texture": "#texture" },
        "up":    { "uv": [ 7.75, 6.5, 8.5, 6.75 ], "texture": "#texture" },
        "north": { "uv": [ 8.5, 6.5, 7.75, 6.75 ], "texture": "#texture" },
        "south": { "uv": [ 7.75, 6.5, 8.5, 6.75 ], "texture": "#texture" },
        "west":  { "uv": [ 7.75, 6.5, 8, 6.75 ], "texture": "#texture" },
        "east":  { "uv": [ 8.5, 6.5, 8.25, 6.75 ], "texture": "#texture" }
    }
},
{
    "from": [ 7.75, 1.5, 7.75 ],
    "to": [ 9, 1.75, 8.25 ],
    "faces": {
        "down":  { "uv": [ 7.75, 14.5, 9, 14.25 ], "texture": "#texture" },
        "up":    { "uv": [ 7.75, 14.25, 9, 14.5 ], "texture": "#texture" },
        "north": { "uv": [ 9, 14.25, 7.75, 14.5 ], "texture": "#texture" },
        "south": { "uv": [ 7.75, 14.25, 9, 14.5 ], "texture": "#texture" },
        "west":  { "uv": [ 7.75, 14.25, 8, 14.5 ], "texture": "#texture" },
        "east":  { "uv": [ 9, 14.25, 8.75, 14.5 ], "texture": "#texture" }
    }
},
{
    "from": [ 8, 14, 7.75 ],
    "to": [ 9.5, 14.25, 8.25 ],
    "faces": {
        "down":  { "uv": [ 8, 2, 9.5, 1.75 ], "texture": "#texture" },
        "up":    { "uv": [ 8, 1.75, 9.5, 2 ], "texture": "#texture" },
        "north": { "uv": [ 9.5, 1.75, 8, 2 ], "texture": "#texture" },
        "south": { "uv": [ 8, 1.75, 9.5, 2 ], "texture": "#texture" },
        "west":  { "uv": [ 8, 1.75, 8.25, 2 ], "texture": "#texture" },
        "east":  { "uv": [ 9.5, 1.75, 9.25, 2 ], "texture": "#texture" }
    }
},
{
    "from": [ 8.25, 14.25, 7.75 ],
    "to": [ 10.25, 14.5, 8.25 ],
    "faces": {
        "down":  { "uv": [ 8.25, 1.75, 10.25, 1.5 ], "texture": "#texture" },
        "up":    { "uv": [ 8.25, 1.5, 10.25, 1.75 ], "texture": "#texture" },
        "north": { "uv": [ 10.25, 1.5, 8.25, 1.75 ], "texture": "#texture" },
        "south": { "uv": [ 8.25, 1.5, 10.25, 1.75 ], "texture": "#texture" },
        "west":  { "uv": [ 8.25, 1.5, 8.5, 1.75 ], "texture": "#texture" },
        "east":  { "uv": [ 10.25, 1.5, 10, 1.75 ], "texture": "#texture" }
    }
},
{
    "from": [ 8.25, 11.5, 7.75 ],
    "to": [ 9.75, 11.75, 8.25 ],
    "faces": {
        "down":  { "uv": [ 8.25, 4.5, 9.75, 4.25 ], "texture": "#texture" },
        "up":    { "uv": [ 8.25, 4.25, 9.75, 4.5 ], "texture": "#texture" },
        "north": { "uv": [ 9.75, 4.25, 8.25, 4.5 ], "texture": "#texture" },
        "south": { "uv": [ 8.25, 4.25, 9.75, 4.5 ], "texture": "#texture" },
        "west":  { "uv": [ 8.25, 4.25, 8.5, 4.5 ], "texture": "#texture" },
        "east":  { "uv": [ 9.75, 4.25, 9.5, 4.5 ], "texture": "#texture" }
    }
},
{
    "from": [ 8.25, 3.75, 7.75 ],
    "to": [ 8.75, 4, 8.25 ],
    "faces": {
        "down":  { "uv": [ 8.25, 12.25, 8.75, 12 ], "texture": "#texture" },
        "up":    { "uv": [ 8.25, 12, 8.75, 12.25 ], "texture": "#texture" },
        "north": { "uv": [ 8.75, 12, 8.25, 12.25 ], "texture": "#texture" },
        "south": { "uv": [ 8.25, 12, 8.75, 12.25 ], "texture": "#texture" },
        "west":  { "uv": [ 8.25, 12, 8.5, 12.25 ], "texture": "#texture" },
        "east":  { "uv": [ 8.75, 12, 8.5, 12.25 ], "texture": "#texture" }
    }
},
{
    "from": [ 8.25, 3, 7.75 ],
    "to": [ 8.5, 3.5, 8.25 ],
    "faces": {
        "down":  { "uv": [ 8.25, 13, 8.5, 12.75 ], "texture": "#texture" },
        "up":    { "uv": [ 8.25, 12.5, 8.5, 12.75 ], "texture": "#texture" },
        "north": { "uv": [ 8.5, 12.5, 8.25, 13 ], "texture": "#texture" },
        "south": { "uv": [ 8.25, 12.5, 8.5, 13 ], "texture": "#texture" },
        "west":  { "uv": [ 8.25, 12.5, 8.5, 13 ], "texture": "#texture" },
        "east":  { "uv": [ 8.5, 12.5, 8.25, 13 ], "texture": "#texture" }
    }
},
{
    "from": [ 8.25, 1.25, 7.75 ],
    "to": [ 8.75, 1.5, 8.25 ],
    "faces": {
        "down":  { "uv": [ 8.25, 14.75, 8.75, 14.5 ], "texture": "#texture" },
        "up":    { "uv": [ 8.25, 14.5, 8.75, 14.75 ], "texture": "#texture" },
        "north": { "uv": [ 8.75, 14.5, 8.25, 14.75 ], "texture": "#texture" },
        "south": { "uv": [ 8.25, 14.5, 8.75, 14.75 ], "texture": "#texture" },
        "west":  { "uv": [ 8.25, 14.5, 8.5, 14.75 ], "texture": "#texture" },
        "east":  { "uv": [ 8.75, 14.5, 8.5, 14.75 ], "texture": "#texture" }
    }
},
{
    "from": [ 8.5, 14.5, 7.75 ],
    "to": [ 9, 14.75, 8.25 ],
    "faces": {
        "down":  { "uv": [ 8.5, 1.5, 9, 1.25 ], "texture": "#texture" },
        "up":    { "uv": [ 8.5, 1.25, 9, 1.5 ], "texture": "#texture" },
        "north": { "uv": [ 9, 1.25, 8.5, 1.5 ], "texture": "#texture" },
        "south": { "uv": [ 8.5, 1.25, 9, 1.5 ], "texture": "#texture" },
        "west":  { "uv": [ 8.5, 1.25, 8.75, 1.5 ], "texture": "#texture" },
        "east":  { "uv": [ 9, 1.25, 8.75, 1.5 ], "texture": "#texture" }
    }
},
{
    "from": [ 8.5, 12.25, 7.75 ],
    "to": [ 8.75, 12.5, 8.25 ],
    "faces": {
        "down":  { "uv": [ 8.5, 3.75, 8.75, 3.5 ], "texture": "#texture" },
        "up":    { "uv": [ 8.5, 3.5, 8.75, 3.75 ], "texture": "#texture" },
        "north": { "uv": [ 8.75, 3.5, 8.5, 3.75 ], "texture": "#texture" },
        "south": { "uv": [ 8.5, 3.5, 8.75, 3.75 ], "texture": "#texture" },
        "west":  { "uv": [ 8.5, 3.5, 8.75, 3.75 ], "texture": "#texture" },
        "east":  { "uv": [ 8.75, 3.5, 8.5, 3.75 ], "texture": "#texture" }
    }
},
{
    "from": [ 8.5, 11.75, 7.75 ],
    "to": [ 9.25, 12, 8.25 ],
    "faces": {
        "down":  { "uv": [ 8.5, 4.25, 9.25, 4 ], "texture": "#texture" },
        "up":    { "uv": [ 8.5, 4, 9.25, 4.25 ], "texture": "#texture" },
        "north": { "uv": [ 9.25, 4, 8.5, 4.25 ], "texture": "#texture" },
        "south": { "uv": [ 8.5, 4, 9.25, 4.25 ], "texture": "#texture" },
        "west":  { "uv": [ 8.5, 4, 8.75, 4.25 ], "texture": "#texture" },
        "east":  { "uv": [ 9.25, 4, 9, 4.25 ], "texture": "#texture" }
    }
},
{
    "from": [ 8.5, 3.5, 7.75 ],
    "to": [ 9, 3.75, 8.25 ],
    "faces": {
        "down":  { "uv": [ 8.5, 12.5, 9, 12.25 ], "texture": "#texture" },
        "up":    { "uv": [ 8.5, 12.25, 9, 12.5 ], "texture": "#texture" },
        "north": { "uv": [ 9, 12.25, 8.5, 12.5 ], "texture": "#texture" },
        "south": { "uv": [ 8.5, 12.25, 9, 12.5 ], "texture": "#texture" },
        "west":  { "uv": [ 8.5, 12.25, 8.75, 12.5 ], "texture": "#texture" },
        "east":  { "uv": [ 9, 12.25, 8.75, 12.5 ], "texture": "#texture" }
    }
},
{
    "from": [ 9, 14.75, 7.75 ],
    "to": [ 9.25, 15, 8.25 ],
    "faces": {
        "down":  { "uv": [ 9, 1.25, 9.25, 1 ], "texture": "#texture" },
        "up":    { "uv": [ 9, 1, 9.25, 1.25 ], "texture": "#texture" },
        "north": { "uv": [ 9.25, 1, 9, 1.25 ], "texture": "#texture" },
        "south": { "uv": [ 9, 1, 9.25, 1.25 ], "texture": "#texture" },
        "west":  { "uv": [ 9, 1, 9.25, 1.25 ], "texture": "#texture" },
        "east":  { "uv": [ 9.25, 1, 9, 1.25 ], "texture": "#texture" }
    }
},
{
    "from": [ 9, 2.75, 7.75 ],
    "to": [ 9.75, 3, 8.25 ],
    "faces": {
        "down":  { "uv": [ 9, 13.25, 9.75, 13 ], "texture": "#texture" },
        "up":    { "uv": [ 9, 13, 9.75, 13.25 ], "texture": "#texture" },
        "north": { "uv": [ 9.75, 13, 9, 13.25 ], "texture": "#texture" },
        "south": { "uv": [ 9, 13, 9.75, 13.25 ], "texture": "#texture" },
        "west":  { "uv": [ 9, 13, 9.25, 13.25 ], "texture": "#texture" },
        "east":  { "uv": [ 9.75, 13, 9.5, 13.25 ], "texture": "#texture" }
    }
},
{
    "from": [ 9, 2, 7.75 ],
    "to": [ 9.75, 2.25, 8.25 ],
    "faces": {
        "down":  { "uv": [ 9, 14, 9.75, 13.75 ], "texture": "#texture" },
        "up":    { "uv": [ 9, 13.75, 9.75, 14 ], "texture": "#texture" },
        "north": { "uv": [ 9.75, 13.75, 9, 14 ], "texture": "#texture" },
        "south": { "uv": [ 9, 13.75, 9.75, 14 ], "texture": "#texture" },
        "west":  { "uv": [ 9, 13.75, 9.25, 14 ], "texture": "#texture" },
        "east":  { "uv": [ 9.75, 13.75, 9.5, 14 ], "texture": "#texture" }
    }
},
{
    "from": [ 9.25, 15, 7.75 ],
    "to": [ 9.75, 15.25, 8.25 ],
    "faces": {
        "down":  { "uv": [ 9.25, 1, 9.75, 0.75 ], "texture": "#texture" },
        "up":    { "uv": [ 9.25, 0.75, 9.75, 1 ], "texture": "#texture" },
        "north": { "uv": [ 9.75, 0.75, 9.25, 1 ], "texture": "#texture" },
        "south": { "uv": [ 9.25, 0.75, 9.75, 1 ], "texture": "#texture" },
        "west":  { "uv": [ 9.25, 0.75, 9.5, 1 ], "texture": "#texture" },
        "east":  { "uv": [ 9.75, 0.75, 9.5, 1 ], "texture": "#texture" }
    }
},
{
    "from": [ 9.25, 12.75, 7.75 ],
    "to": [ 9.75, 13, 8.25 ],
    "faces": {
        "down":  { "uv": [ 9.25, 3.25, 9.75, 3 ], "texture": "#texture" },
        "up":    { "uv": [ 9.25, 3, 9.75, 3.25 ], "texture": "#texture" },
        "north": { "uv": [ 9.75, 3, 9.25, 3.25 ], "texture": "#texture" },
        "south": { "uv": [ 9.25, 3, 9.75, 3.25 ], "texture": "#texture" },
        "west":  { "uv": [ 9.25, 3, 9.5, 3.25 ], "texture": "#texture" },
        "east":  { "uv": [ 9.75, 3, 9.5, 3.25 ], "texture": "#texture" }
    }
},
{
    "from": [ 9.25, 11.25, 7.75 ],
    "to": [ 9.5, 11.5, 8.25 ],
    "faces": {
        "down":  { "uv": [ 9.25, 4.75, 9.5, 4.5 ], "texture": "#texture" },
        "up":    { "uv": [ 9.25, 4.5, 9.5, 4.75 ], "texture": "#texture" },
        "north": { "uv": [ 9.5, 4.5, 9.25, 4.75 ], "texture": "#texture" },
        "south": { "uv": [ 9.25, 4.5, 9.5, 4.75 ], "texture": "#texture" },
        "west":  { "uv": [ 9.25, 4.5, 9.5, 4.75 ], "texture": "#texture" },
        "east":  { "uv": [ 9.5, 4.5, 9.25, 4.75 ], "texture": "#texture" }
    }
},
{
    "from": [ 9.25, 1.5, 7.75 ],
    "to": [ 10, 1.75, 8.25 ],
    "faces": {
        "down":  { "uv": [ 9.25, 14.5, 10, 14.25 ], "texture": "#texture" },
        "up":    { "uv": [ 9.25, 14.25, 10, 14.5 ], "texture": "#texture" },
        "north": { "uv": [ 10, 14.25, 9.25, 14.5 ], "texture": "#texture" },
        "south": { "uv": [ 9.25, 14.25, 10, 14.5 ], "texture": "#texture" },
        "west":  { "uv": [ 9.25, 14.25, 9.5, 14.5 ], "texture": "#texture" },
        "east":  { "uv": [ 10, 14.25, 9.75, 14.5 ], "texture": "#texture" }
    }
},
{
    "from": [ 9.75, 14.5, 7.75 ],
    "to": [ 10.5, 14.75, 8.25 ],
    "faces": {
        "down":  { "uv": [ 9.75, 1.5, 10.5, 1.25 ], "texture": "#texture" },
        "up":    { "uv": [ 9.75, 1.25, 10.5, 1.5 ], "texture": "#texture" },
        "north": { "uv": [ 10.5, 1.25, 9.75, 1.5 ], "texture": "#texture" },
        "south": { "uv": [ 9.75, 1.25, 10.5, 1.5 ], "texture": "#texture" },
        "west":  { "uv": [ 9.75, 1.25, 10, 1.5 ], "texture": "#texture" },
        "east":  { "uv": [ 10.5, 1.25, 10.25, 1.5 ], "texture": "#texture" }
    }
},
{
    "from": [ 9.75, 14, 7.75 ],
    "to": [ 10, 14.25, 8.25 ],
    "faces": {
        "down":  { "uv": [ 9.75, 2, 10, 1.75 ], "texture": "#texture" },
        "up":    { "uv": [ 9.75, 1.75, 10, 2 ], "texture": "#texture" },
        "north": { "uv": [ 10, 1.75, 9.75, 2 ], "texture": "#texture" },
        "south": { "uv": [ 9.75, 1.75, 10, 2 ], "texture": "#texture" },
        "west":  { "uv": [ 9.75, 1.75, 10, 2 ], "texture": "#texture" },
        "east":  { "uv": [ 10, 1.75, 9.75, 2 ], "texture": "#texture" }
    }
},
{
    "from": [ 9.75, 13.5, 7.75 ],
    "to": [ 10.5, 13.75, 8.25 ],
    "faces": {
        "down":  { "uv": [ 9.75, 2.5, 10.5, 2.25 ], "texture": "#texture" },
        "up":    { "uv": [ 9.75, 2.25, 10.5, 2.5 ], "texture": "#texture" },
        "north": { "uv": [ 10.5, 2.25, 9.75, 2.5 ], "texture": "#texture" },
        "south": { "uv": [ 9.75, 2.25, 10.5, 2.5 ], "texture": "#texture" },
        "west":  { "uv": [ 9.75, 2.25, 10, 2.5 ], "texture": "#texture" },
        "east":  { "uv": [ 10.5, 2.25, 10.25, 2.5 ], "texture": "#texture" }
    }
},
{
    "from": [ 10, 13.25, 7.75 ],
    "to": [ 10.25, 13.5, 8.25 ],
    "faces": {
        "down":  { "uv": [ 10, 2.75, 10.25, 2.5 ], "texture": "#texture" },
        "up":    { "uv": [ 10, 2.5, 10.25, 2.75 ], "texture": "#texture" },
        "north": { "uv": [ 10.25, 2.5, 10, 2.75 ], "texture": "#texture" },
        "south": { "uv": [ 10, 2.5, 10.25, 2.75 ], "texture": "#texture" },
        "west":  { "uv": [ 10, 2.5, 10.25, 2.75 ], "texture": "#texture" },
        "east":  { "uv": [ 10.25, 2.5, 10, 2.75 ], "texture": "#texture" }
    }
},
{
    "from": [ 10.5, 14.75, 7.75 ],
    "to": [ 11.25, 15, 8.25 ],
    "faces": {
        "down":  { "uv": [ 10.5, 1.25, 11.25, 1 ], "texture": "#texture" },
        "up":    { "uv": [ 10.5, 1, 11.25, 1.25 ], "texture": "#texture" },
        "north": { "uv": [ 11.25, 1, 10.5, 1.25 ], "texture": "#texture" },
        "south": { "uv": [ 10.5, 1, 11.25, 1.25 ], "texture": "#texture" },
        "west":  { "uv": [ 10.5, 1, 10.75, 1.25 ], "texture": "#texture" },
        "east":  { "uv": [ 11.25, 1, 11, 1.25 ], "texture": "#texture" }
    }
},
{
    "from": [ 11, 15, 7.75 ],
    "to": [ 11.5, 15.25, 8.25 ],
    "faces": {
        "down":  { "uv": [ 11, 1, 11.5, 0.75 ], "texture": "#texture" },
        "up":    { "uv": [ 11, 0.75, 11.5, 1 ], "texture": "#texture" },
        "north": { "uv": [ 11.5, 0.75, 11, 1 ], "texture": "#texture" },
        "south": { "uv": [ 11, 0.75, 11.5, 1 ], "texture": "#texture" },
        "west":  { "uv": [ 11, 0.75, 11.25, 1 ], "texture": "#texture" },
        "east":  { "uv": [ 11.5, 0.75, 11.25, 1 ], "texture": "#texture" }
    }
}
],
"display": {
    "thirdperson_righthand": {
        "rotation": [ 0, -90, 0 ],
        "translation": [ 0, -1.89, 3.4 ],
        "scale": [ 2, 2, 2 ]
    },
    "thirdperson_lefthand": {
        "rotation": [ 0, 90, 0 ],
        "translation": [ 0, -1.89, 3.4 ],
        "scale": [ 2, 2, 2 ]
    },
    "ground": {
        "rotation": [ 0, 0, -45 ],
        "translation": [ 0, 5.29, 0 ],
        "scale": [ 0.5, 0.5, 0.5 ]
    },
    "fixed": {
        "rotation": [ 0, 180, -45 ],
        "translation": [ 0, 0, 0 ],
        "scale": [ 1, 1, 1 ]
    },
    "firstperson_righthand": {
        "rotation": [ 0, -85, 0 ],
        "translation": [ 3.59, 2.27, -1.32 ],
        "scale": [ 2, 2, 2 ]
    },
    "firstperson_lefthand": {
        "rotation": [ 0, 95, 0 ],
        "translation": [ 3.59, 2.27, -1.32 ],
        "scale": [ 2, 2, 2 ]
    },
    "gui": {
        "rotation": [ 0, 0, -45 ],
        "translation": [ 0, 0, 0 ],
        "scale": [ 1, 1, 1 ]
    }
}
}