{
"__comment": "Designed by MasterianoX",
"textures": {
    "particle": "wynn/weapons/sets/flaming_set/flaming_hammer",
    "texture": "wynn/weapons/sets/flaming_set/flaming_hammer"
},
"elements": [ 
{
    "from": [ 7.5, 8.25, 7.25 ],
    "to": [ 8.25, 9, 8.75 ],
    "faces": {
        "down":  { "uv": [ 7.5, 7.75, 8.25, 7.5 ], "texture": "#texture" },
        "up":    { "uv": [ 7.5, 7, 8.25, 7.25 ], "texture": "#texture" },
        "north": { "uv": [ 8.25, 7, 7.5, 7.75 ], "texture": "#texture" },
        "south": { "uv": [ 7.5, 7, 8.25, 7.75 ], "texture": "#texture" },
        "west":  { "uv": [ 7.5, 7, 7.75, 7.75 ], "texture": "#texture" },
        "east":  { "uv": [ 8.25, 7, 8, 7.75 ], "texture": "#texture" }
    }
},
{
    "from": [ 7.5, 7.75, 7.25 ],
    "to": [ 8.25, 8, 8.75 ],
    "faces": {
        "down":  { "uv": [ 7.5, 8.25, 8.25, 8 ], "texture": "#texture" },
        "up":    { "uv": [ 7.5, 8, 8.25, 8.25 ], "texture": "#texture" },
        "north": { "uv": [ 8.25, 8, 7.5, 8.25 ], "texture": "#texture" },
        "south": { "uv": [ 7.5, 8, 8.25, 8.25 ], "texture": "#texture" },
        "west":  { "uv": [ 7.5, 8, 7.75, 8.25 ], "texture": "#texture" },
        "east":  { "uv": [ 8.25, 8, 8, 8.25 ], "texture": "#texture" }
    }
},
{
    "from": [ 7.5, 6.75, 7.25 ],
    "to": [ 8.25, 7.25, 8.75 ],
    "faces": {
        "down":  { "uv": [ 7.5, 9.25, 8.25, 9 ], "texture": "#texture" },
        "up":    { "uv": [ 7.5, 8.75, 8.25, 9 ], "texture": "#texture" },
        "north": { "uv": [ 8.25, 8.75, 7.5, 9.25 ], "texture": "#texture" },
        "south": { "uv": [ 7.5, 8.75, 8.25, 9.25 ], "texture": "#texture" },
        "west":  { "uv": [ 7.5, 8.75, 7.75, 9.25 ], "texture": "#texture" },
        "east":  { "uv": [ 8.25, 8.75, 8, 9.25 ], "texture": "#texture" }
    }
},
{
    "from": [ 7.5, 6.25, 7.25 ],
    "to": [ 8.25, 6.5, 8.75 ],
    "faces": {
        "down":  { "uv": [ 7.5, 9.75, 8.25, 9.5 ], "texture": "#texture" },
        "up":    { "uv": [ 7.5, 9.5, 8.25, 9.75 ], "texture": "#texture" },
        "north": { "uv": [ 8.25, 9.5, 7.5, 9.75 ], "texture": "#texture" },
        "south": { "uv": [ 7.5, 9.5, 8.25, 9.75 ], "texture": "#texture" },
        "west":  { "uv": [ 7.5, 9.5, 7.75, 9.75 ], "texture": "#texture" },
        "east":  { "uv": [ 8.25, 9.5, 8, 9.75 ], "texture": "#texture" }
    }
},
{
    "from": [ 7.75, 9, 7.25 ],
    "to": [ 8, 10.5, 8.75 ],
    "faces": {
        "down":  { "uv": [ 7.75, 7, 8, 6.75 ], "texture": "#texture" },
        "up":    { "uv": [ 7.75, 5.5, 8, 5.75 ], "texture": "#texture" },
        "north": { "uv": [ 8, 5.5, 7.75, 7 ], "texture": "#texture" },
        "south": { "uv": [ 7.75, 5.5, 8, 7 ], "texture": "#texture" },
        "west":  { "uv": [ 7.75, 5.5, 8, 7 ], "texture": "#texture" },
        "east":  { "uv": [ 8, 5.5, 7.75, 7 ], "texture": "#texture" }
    }
},
{
    "from": [ 7.75, 8, 7.25 ],
    "to": [ 8, 8.25, 8.75 ],
    "faces": {
        "down":  { "uv": [ 7.75, 8, 8, 7.75 ], "texture": "#texture" },
        "up":    { "uv": [ 7.75, 7.75, 8, 8 ], "texture": "#texture" },
        "north": { "uv": [ 8, 7.75, 7.75, 8 ], "texture": "#texture" },
        "south": { "uv": [ 7.75, 7.75, 8, 8 ], "texture": "#texture" },
        "west":  { "uv": [ 7.75, 7.75, 8, 8 ], "texture": "#texture" },
        "east":  { "uv": [ 8, 7.75, 7.75, 8 ], "texture": "#texture" }
    }
},
{
    "from": [ 7.75, 7.25, 7.25 ],
    "to": [ 8, 7.75, 8.75 ],
    "faces": {
        "down":  { "uv": [ 7.75, 8.75, 8, 8.5 ], "texture": "#texture" },
        "up":    { "uv": [ 7.75, 8.25, 8, 8.5 ], "texture": "#texture" },
        "north": { "uv": [ 8, 8.25, 7.75, 8.75 ], "texture": "#texture" },
        "south": { "uv": [ 7.75, 8.25, 8, 8.75 ], "texture": "#texture" },
        "west":  { "uv": [ 7.75, 8.25, 8, 8.75 ], "texture": "#texture" },
        "east":  { "uv": [ 8, 8.25, 7.75, 8.75 ], "texture": "#texture" }
    }
},
{
    "from": [ 7.75, 6.5, 7.25 ],
    "to": [ 8, 6.75, 8.75 ],
    "faces": {
        "down":  { "uv": [ 7.75, 9.5, 8, 9.25 ], "texture": "#texture" },
        "up":    { "uv": [ 7.75, 9.25, 8, 9.5 ], "texture": "#texture" },
        "north": { "uv": [ 8, 9.25, 7.75, 9.5 ], "texture": "#texture" },
        "south": { "uv": [ 7.75, 9.25, 8, 9.5 ], "texture": "#texture" },
        "west":  { "uv": [ 7.75, 9.25, 8, 9.5 ], "texture": "#texture" },
        "east":  { "uv": [ 8, 9.25, 7.75, 9.5 ], "texture": "#texture" }
    }
},
{
    "from": [ 7.75, 6, 7.25 ],
    "to": [ 8, 6.25, 8.75 ],
    "faces": {
        "down":  { "uv": [ 7.75, 10, 8, 9.75 ], "texture": "#texture" },
        "up":    { "uv": [ 7.75, 9.75, 8, 10 ], "texture": "#texture" },
        "north": { "uv": [ 8, 9.75, 7.75, 10 ], "texture": "#texture" },
        "south": { "uv": [ 7.75, 9.75, 8, 10 ], "texture": "#texture" },
        "west":  { "uv": [ 7.75, 9.75, 8, 10 ], "texture": "#texture" },
        "east":  { "uv": [ 8, 9.75, 7.75, 10 ], "texture": "#texture" }
    }
},
{
    "from": [ 6.5, 2.5, 7.5 ],
    "to": [ 7.25, 2.75, 8.5 ],
    "faces": {
        "down":  { "uv": [ 6.5, 13.5, 7.25, 13.25 ], "texture": "#texture" },
        "up":    { "uv": [ 6.5, 13.25, 7.25, 13.5 ], "texture": "#texture" },
        "north": { "uv": [ 7.25, 13.25, 6.5, 13.5 ], "texture": "#texture" },
        "south": { "uv": [ 6.5, 13.25, 7.25, 13.5 ], "texture": "#texture" },
        "west":  { "uv": [ 6.5, 13.25, 6.75, 13.5 ], "texture": "#texture" },
        "east":  { "uv": [ 7.25, 13.25, 7, 13.5 ], "texture": "#texture" }
    }
},
{
    "from": [ 6.75, 2.25, 7.5 ],
    "to": [ 7, 2.5, 8.5 ],
    "faces": {
        "down":  { "uv": [ 6.75, 13.75, 7, 13.5 ], "texture": "#texture" },
        "up":    { "uv": [ 6.75, 13.5, 7, 13.75 ], "texture": "#texture" },
        "north": { "uv": [ 7, 13.5, 6.75, 13.75 ], "texture": "#texture" },
        "south": { "uv": [ 6.75, 13.5, 7, 13.75 ], "texture": "#texture" },
        "west":  { "uv": [ 6.75, 13.5, 7, 13.75 ], "texture": "#texture" },
        "east":  { "uv": [ 7, 13.5, 6.75, 13.75 ], "texture": "#texture" }
    }
},
{
    "from": [ 7.25, 8.25, 7.5 ],
    "to": [ 8.5, 9, 8.5 ],
    "faces": {
        "down":  { "uv": [ 7.25, 7.75, 8.5, 7.5 ], "texture": "#texture" },
        "up":    { "uv": [ 7.25, 7, 8.5, 7.25 ], "texture": "#texture" },
        "north": { "uv": [ 8.5, 7, 7.25, 7.75 ], "texture": "#texture" },
        "south": { "uv": [ 7.25, 7, 8.5, 7.75 ], "texture": "#texture" },
        "west":  { "uv": [ 7.25, 7, 7.5, 7.75 ], "texture": "#texture" },
        "east":  { "uv": [ 8.5, 7, 8.25, 7.75 ], "texture": "#texture" }
    }
},
{
    "from": [ 7.25, 7.75, 7.5 ],
    "to": [ 8.5, 8, 8.5 ],
    "faces": {
        "down":  { "uv": [ 7.25, 8.25, 8.5, 8 ], "texture": "#texture" },
        "up":    { "uv": [ 7.25, 8, 8.5, 8.25 ], "texture": "#texture" },
        "north": { "uv": [ 8.5, 8, 7.25, 8.25 ], "texture": "#texture" },
        "south": { "uv": [ 7.25, 8, 8.5, 8.25 ], "texture": "#texture" },
        "west":  { "uv": [ 7.25, 8, 7.5, 8.25 ], "texture": "#texture" },
        "east":  { "uv": [ 8.5, 8, 8.25, 8.25 ], "texture": "#texture" }
    }
},
{
    "from": [ 7.25, 6.75, 7.5 ],
    "to": [ 8.5, 7.25, 8.5 ],
    "faces": {
        "down":  { "uv": [ 7.25, 9.25, 8.5, 9 ], "texture": "#texture" },
        "up":    { "uv": [ 7.25, 8.75, 8.5, 9 ], "texture": "#texture" },
        "north": { "uv": [ 8.5, 8.75, 7.25, 9.25 ], "texture": "#texture" },
        "south": { "uv": [ 7.25, 8.75, 8.5, 9.25 ], "texture": "#texture" },
        "west":  { "uv": [ 7.25, 8.75, 7.5, 9.25 ], "texture": "#texture" },
        "east":  { "uv": [ 8.5, 8.75, 8.25, 9.25 ], "texture": "#texture" }
    }
},
{
    "from": [ 7.25, 6.25, 7.5 ],
    "to": [ 8.5, 6.5, 8.5 ],
    "faces": {
        "down":  { "uv": [ 7.25, 9.75, 8.5, 9.5 ], "texture": "#texture" },
        "up":    { "uv": [ 7.25, 9.5, 8.5, 9.75 ], "texture": "#texture" },
        "north": { "uv": [ 8.5, 9.5, 7.25, 9.75 ], "texture": "#texture" },
        "south": { "uv": [ 7.25, 9.5, 8.5, 9.75 ], "texture": "#texture" },
        "west":  { "uv": [ 7.25, 9.5, 7.5, 9.75 ], "texture": "#texture" },
        "east":  { "uv": [ 8.5, 9.5, 8.25, 9.75 ], "texture": "#texture" }
    }
},
{
    "from": [ 7.25, 1.5, 7.5 ],
    "to": [ 8.5, 1.75, 8.5 ],
    "faces": {
        "down":  { "uv": [ 7.25, 14.5, 8.5, 14.25 ], "texture": "#texture" },
        "up":    { "uv": [ 7.25, 14.25, 8.5, 14.5 ], "texture": "#texture" },
        "north": { "uv": [ 8.5, 14.25, 7.25, 14.5 ], "texture": "#texture" },
        "south": { "uv": [ 7.25, 14.25, 8.5, 14.5 ], "texture": "#texture" },
        "west":  { "uv": [ 7.25, 14.25, 7.5, 14.5 ], "texture": "#texture" },
        "east":  { "uv": [ 8.5, 14.25, 8.25, 14.5 ], "texture": "#texture" }
    }
},
{
    "from": [ 7.5, 9, 7.5 ],
    "to": [ 8.25, 10.5, 8.5 ],
    "faces": {
        "down":  { "uv": [ 7.5, 7, 8.25, 6.75 ], "texture": "#texture" },
        "up":    { "uv": [ 7.5, 5.5, 8.25, 5.75 ], "texture": "#texture" },
        "north": { "uv": [ 8.25, 5.5, 7.5, 7 ], "texture": "#texture" },
        "south": { "uv": [ 7.5, 5.5, 8.25, 7 ], "texture": "#texture" },
        "west":  { "uv": [ 7.5, 5.5, 7.75, 7 ], "texture": "#texture" },
        "east":  { "uv": [ 8.25, 5.5, 8, 7 ], "texture": "#texture" }
    }
},
{
    "from": [ 7.5, 8, 7.5 ],
    "to": [ 8.25, 8.25, 8.5 ],
    "faces": {
        "down":  { "uv": [ 7.5, 8, 8.25, 7.75 ], "texture": "#texture" },
        "up":    { "uv": [ 7.5, 7.75, 8.25, 8 ], "texture": "#texture" },
        "north": { "uv": [ 8.25, 7.75, 7.5, 8 ], "texture": "#texture" },
        "south": { "uv": [ 7.5, 7.75, 8.25, 8 ], "texture": "#texture" },
        "west":  { "uv": [ 7.5, 7.75, 7.75, 8 ], "texture": "#texture" },
        "east":  { "uv": [ 8.25, 7.75, 8, 8 ], "texture": "#texture" }
    }
},
{
    "from": [ 7.5, 7.25, 7.5 ],
    "to": [ 8.25, 7.75, 8.5 ],
    "faces": {
        "down":  { "uv": [ 7.5, 8.75, 8.25, 8.5 ], "texture": "#texture" },
        "up":    { "uv": [ 7.5, 8.25, 8.25, 8.5 ], "texture": "#texture" },
        "north": { "uv": [ 8.25, 8.25, 7.5, 8.75 ], "texture": "#texture" },
        "south": { "uv": [ 7.5, 8.25, 8.25, 8.75 ], "texture": "#texture" },
        "west":  { "uv": [ 7.5, 8.25, 7.75, 8.75 ], "texture": "#texture" },
        "east":  { "uv": [ 8.25, 8.25, 8, 8.75 ], "texture": "#texture" }
    }
},
{
    "from": [ 7.5, 6.5, 7.5 ],
    "to": [ 8.25, 6.75, 8.5 ],
    "faces": {
        "down":  { "uv": [ 7.5, 9.5, 8.25, 9.25 ], "texture": "#texture" },
        "up":    { "uv": [ 7.5, 9.25, 8.25, 9.5 ], "texture": "#texture" },
        "north": { "uv": [ 8.25, 9.25, 7.5, 9.5 ], "texture": "#texture" },
        "south": { "uv": [ 7.5, 9.25, 8.25, 9.5 ], "texture": "#texture" },
        "west":  { "uv": [ 7.5, 9.25, 7.75, 9.5 ], "texture": "#texture" },
        "east":  { "uv": [ 8.25, 9.25, 8, 9.5 ], "texture": "#texture" }
    }
},
{
    "from": [ 7.5, 6, 7.5 ],
    "to": [ 8.25, 6.25, 8.5 ],
    "faces": {
        "down":  { "uv": [ 7.5, 10, 8.25, 9.75 ], "texture": "#texture" },
        "up":    { "uv": [ 7.5, 9.75, 8.25, 10 ], "texture": "#texture" },
        "north": { "uv": [ 8.25, 9.75, 7.5, 10 ], "texture": "#texture" },
        "south": { "uv": [ 7.5, 9.75, 8.25, 10 ], "texture": "#texture" },
        "west":  { "uv": [ 7.5, 9.75, 7.75, 10 ], "texture": "#texture" },
        "east":  { "uv": [ 8.25, 9.75, 8, 10 ], "texture": "#texture" }
    }
},
{
    "from": [ 7.5, 4.5, 7.5 ],
    "to": [ 8.25, 5.5, 8.5 ],
    "faces": {
        "down":  { "uv": [ 7.5, 11.5, 8.25, 11.25 ], "texture": "#texture" },
        "up":    { "uv": [ 7.5, 10.5, 8.25, 10.75 ], "texture": "#texture" },
        "north": { "uv": [ 8.25, 10.5, 7.5, 11.5 ], "texture": "#texture" },
        "south": { "uv": [ 7.5, 10.5, 8.25, 11.5 ], "texture": "#texture" },
        "west":  { "uv": [ 7.5, 10.5, 7.75, 11.5 ], "texture": "#texture" },
        "east":  { "uv": [ 8.25, 10.5, 8, 11.5 ], "texture": "#texture" }
    }
},
{
    "from": [ 7.5, 3.25, 7.5 ],
    "to": [ 8.25, 4.25, 8.5 ],
    "faces": {
        "down":  { "uv": [ 7.5, 12.75, 8.25, 12.5 ], "texture": "#texture" },
        "up":    { "uv": [ 7.5, 11.75, 8.25, 12 ], "texture": "#texture" },
        "north": { "uv": [ 8.25, 11.75, 7.5, 12.75 ], "texture": "#texture" },
        "south": { "uv": [ 7.5, 11.75, 8.25, 12.75 ], "texture": "#texture" },
        "west":  { "uv": [ 7.5, 11.75, 7.75, 12.75 ], "texture": "#texture" },
        "east":  { "uv": [ 8.25, 11.75, 8, 12.75 ], "texture": "#texture" }
    }
},
{
    "from": [ 7.5, 1.75, 7.5 ],
    "to": [ 8.25, 2, 8.5 ],
    "faces": {
        "down":  { "uv": [ 7.5, 14.25, 8.25, 14 ], "texture": "#texture" },
        "up":    { "uv": [ 7.5, 14, 8.25, 14.25 ], "texture": "#texture" },
        "north": { "uv": [ 8.25, 14, 7.5, 14.25 ], "texture": "#texture" },
        "south": { "uv": [ 7.5, 14, 8.25, 14.25 ], "texture": "#texture" },
        "west":  { "uv": [ 7.5, 14, 7.75, 14.25 ], "texture": "#texture" },
        "east":  { "uv": [ 8.25, 14, 8, 14.25 ], "texture": "#texture" }
    }
},
{
    "from": [ 7.5, 1.25, 7.5 ],
    "to": [ 8.25, 1.5, 8.5 ],
    "faces": {
        "down":  { "uv": [ 7.5, 14.75, 8.25, 14.5 ], "texture": "#texture" },
        "up":    { "uv": [ 7.5, 14.5, 8.25, 14.75 ], "texture": "#texture" },
        "north": { "uv": [ 8.25, 14.5, 7.5, 14.75 ], "texture": "#texture" },
        "south": { "uv": [ 7.5, 14.5, 8.25, 14.75 ], "texture": "#texture" },
        "west":  { "uv": [ 7.5, 14.5, 7.75, 14.75 ], "texture": "#texture" },
        "east":  { "uv": [ 8.25, 14.5, 8, 14.75 ], "texture": "#texture" }
    }
},
{
    "from": [ 7.75, 5.5, 7.5 ],
    "to": [ 8, 6, 8.5 ],
    "faces": {
        "down":  { "uv": [ 7.75, 10.5, 8, 10.25 ], "texture": "#texture" },
        "up":    { "uv": [ 7.75, 10, 8, 10.25 ], "texture": "#texture" },
        "north": { "uv": [ 8, 10, 7.75, 10.5 ], "texture": "#texture" },
        "south": { "uv": [ 7.75, 10, 8, 10.5 ], "texture": "#texture" },
        "west":  { "uv": [ 7.75, 10, 8, 10.5 ], "texture": "#texture" },
        "east":  { "uv": [ 8, 10, 7.75, 10.5 ], "texture": "#texture" }
    }
},
{
    "from": [ 7.75, 4.25, 7.5 ],
    "to": [ 8, 4.5, 8.5 ],
    "faces": {
        "down":  { "uv": [ 7.75, 11.75, 8, 11.5 ], "texture": "#texture" },
        "up":    { "uv": [ 7.75, 11.5, 8, 11.75 ], "texture": "#texture" },
        "north": { "uv": [ 8, 11.5, 7.75, 11.75 ], "texture": "#texture" },
        "south": { "uv": [ 7.75, 11.5, 8, 11.75 ], "texture": "#texture" },
        "west":  { "uv": [ 7.75, 11.5, 8, 11.75 ], "texture": "#texture" },
        "east":  { "uv": [ 8, 11.5, 7.75, 11.75 ], "texture": "#texture" }
    }
},
{
    "from": [ 7.75, 3, 7.5 ],
    "to": [ 8, 3.25, 8.5 ],
    "faces": {
        "down":  { "uv": [ 7.75, 13, 8, 12.75 ], "texture": "#texture" },
        "up":    { "uv": [ 7.75, 12.75, 8, 13 ], "texture": "#texture" },
        "north": { "uv": [ 8, 12.75, 7.75, 13 ], "texture": "#texture" },
        "south": { "uv": [ 7.75, 12.75, 8, 13 ], "texture": "#texture" },
        "west":  { "uv": [ 7.75, 12.75, 8, 13 ], "texture": "#texture" },
        "east":  { "uv": [ 8, 12.75, 7.75, 13 ], "texture": "#texture" }
    }
},
{
    "from": [ 7.75, 0.5, 7.5 ],
    "to": [ 8, 1.25, 8.5 ],
    "faces": {
        "down":  { "uv": [ 7.75, 15.5, 8, 15.25 ], "texture": "#texture" },
        "up":    { "uv": [ 7.75, 14.75, 8, 15 ], "texture": "#texture" },
        "north": { "uv": [ 8, 14.75, 7.75, 15.5 ], "texture": "#texture" },
        "south": { "uv": [ 7.75, 14.75, 8, 15.5 ], "texture": "#texture" },
        "west":  { "uv": [ 7.75, 14.75, 8, 15.5 ], "texture": "#texture" },
        "east":  { "uv": [ 8, 14.75, 7.75, 15.5 ], "texture": "#texture" }
    }
},
{
    "from": [ 8.5, 2.5, 7.5 ],
    "to": [ 9.25, 2.75, 8.5 ],
    "faces": {
        "down":  { "uv": [ 8.5, 13.5, 9.25, 13.25 ], "texture": "#texture" },
        "up":    { "uv": [ 8.5, 13.25, 9.25, 13.5 ], "texture": "#texture" },
        "north": { "uv": [ 9.25, 13.25, 8.5, 13.5 ], "texture": "#texture" },
        "south": { "uv": [ 8.5, 13.25, 9.25, 13.5 ], "texture": "#texture" },
        "west":  { "uv": [ 8.5, 13.25, 8.75, 13.5 ], "texture": "#texture" },
        "east":  { "uv": [ 9.25, 13.25, 9, 13.5 ], "texture": "#texture" }
    }
},
{
    "from": [ 8.75, 2.25, 7.5 ],
    "to": [ 9, 2.5, 8.5 ],
    "faces": {
        "down":  { "uv": [ 8.75, 13.75, 9, 13.5 ], "texture": "#texture" },
        "up":    { "uv": [ 8.75, 13.5, 9, 13.75 ], "texture": "#texture" },
        "north": { "uv": [ 9, 13.5, 8.75, 13.75 ], "texture": "#texture" },
        "south": { "uv": [ 8.75, 13.5, 9, 13.75 ], "texture": "#texture" },
        "west":  { "uv": [ 8.75, 13.5, 9, 13.75 ], "texture": "#texture" },
        "east":  { "uv": [ 9, 13.5, 8.75, 13.75 ], "texture": "#texture" }
    }
},
{
    "from": [ 6.25, 2.25, 7.75 ],
    "to": [ 7.25, 2.75, 8.25 ],
    "faces": {
        "down":  { "uv": [ 6.25, 13.75, 7.25, 13.5 ], "texture": "#texture" },
        "up":    { "uv": [ 6.25, 13.25, 7.25, 13.5 ], "texture": "#texture" },
        "north": { "uv": [ 7.25, 13.25, 6.25, 13.75 ], "texture": "#texture" },
        "south": { "uv": [ 6.25, 13.25, 7.25, 13.75 ], "texture": "#texture" },
        "west":  { "uv": [ 6.25, 13.25, 6.5, 13.75 ], "texture": "#texture" },
        "east":  { "uv": [ 7.25, 13.25, 7, 13.75 ], "texture": "#texture" }
    }
},
{
    "from": [ 6.5, 2.75, 7.75 ],
    "to": [ 7.25, 3, 8.25 ],
    "faces": {
        "down":  { "uv": [ 6.5, 13.25, 7.25, 13 ], "texture": "#texture" },
        "up":    { "uv": [ 6.5, 13, 7.25, 13.25 ], "texture": "#texture" },
        "north": { "uv": [ 7.25, 13, 6.5, 13.25 ], "texture": "#texture" },
        "south": { "uv": [ 6.5, 13, 7.25, 13.25 ], "texture": "#texture" },
        "west":  { "uv": [ 6.5, 13, 6.75, 13.25 ], "texture": "#texture" },
        "east":  { "uv": [ 7.25, 13, 7, 13.25 ], "texture": "#texture" }
    }
},
{
    "from": [ 6.75, 7, 7.75 ],
    "to": [ 9, 7.25, 8.25 ],
    "faces": {
        "down":  { "uv": [ 6.75, 9, 9, 8.75 ], "texture": "#texture" },
        "up":    { "uv": [ 6.75, 8.75, 9, 9 ], "texture": "#texture" },
        "north": { "uv": [ 9, 8.75, 6.75, 9 ], "texture": "#texture" },
        "south": { "uv": [ 6.75, 8.75, 9, 9 ], "texture": "#texture" },
        "west":  { "uv": [ 6.75, 8.75, 7, 9 ], "texture": "#texture" },
        "east":  { "uv": [ 9, 8.75, 8.75, 9 ], "texture": "#texture" }
    }
},
{
    "from": [ 6.75, 2, 7.75 ],
    "to": [ 7, 2.25, 8.25 ],
    "faces": {
        "down":  { "uv": [ 6.75, 14, 7, 13.75 ], "texture": "#texture" },
        "up":    { "uv": [ 6.75, 13.75, 7, 14 ], "texture": "#texture" },
        "north": { "uv": [ 7, 13.75, 6.75, 14 ], "texture": "#texture" },
        "south": { "uv": [ 6.75, 13.75, 7, 14 ], "texture": "#texture" },
        "west":  { "uv": [ 6.75, 13.75, 7, 14 ], "texture": "#texture" },
        "east":  { "uv": [ 7, 13.75, 6.75, 14 ], "texture": "#texture" }
    }
},
{
    "from": [ 7, 8.25, 7.75 ],
    "to": [ 8.75, 9, 8.25 ],
    "faces": {
        "down":  { "uv": [ 7, 7.75, 8.75, 7.5 ], "texture": "#texture" },
        "up":    { "uv": [ 7, 7, 8.75, 7.25 ], "texture": "#texture" },
        "north": { "uv": [ 8.75, 7, 7, 7.75 ], "texture": "#texture" },
        "south": { "uv": [ 7, 7, 8.75, 7.75 ], "texture": "#texture" },
        "west":  { "uv": [ 7, 7, 7.25, 7.75 ], "texture": "#texture" },
        "east":  { "uv": [ 8.75, 7, 8.5, 7.75 ], "texture": "#texture" }
    }
},
{
    "from": [ 7, 7.75, 7.75 ],
    "to": [ 8.75, 8, 8.25 ],
    "faces": {
        "down":  { "uv": [ 7, 8.25, 8.75, 8 ], "texture": "#texture" },
        "up":    { "uv": [ 7, 8, 8.75, 8.25 ], "texture": "#texture" },
        "north": { "uv": [ 8.75, 8, 7, 8.25 ], "texture": "#texture" },
        "south": { "uv": [ 7, 8, 8.75, 8.25 ], "texture": "#texture" },
        "west":  { "uv": [ 7, 8, 7.25, 8.25 ], "texture": "#texture" },
        "east":  { "uv": [ 8.75, 8, 8.5, 8.25 ], "texture": "#texture" }
    }
},
{
    "from": [ 7, 6.75, 7.75 ],
    "to": [ 8.75, 7, 8.25 ],
    "faces": {
        "down":  { "uv": [ 7, 9.25, 8.75, 9 ], "texture": "#texture" },
        "up":    { "uv": [ 7, 9, 8.75, 9.25 ], "texture": "#texture" },
        "north": { "uv": [ 8.75, 9, 7, 9.25 ], "texture": "#texture" },
        "south": { "uv": [ 7, 9, 8.75, 9.25 ], "texture": "#texture" },
        "west":  { "uv": [ 7, 9, 7.25, 9.25 ], "texture": "#texture" },
        "east":  { "uv": [ 8.75, 9, 8.5, 9.25 ], "texture": "#texture" }
    }
},
{
    "from": [ 7, 6.25, 7.75 ],
    "to": [ 8.75, 6.5, 8.25 ],
    "faces": {
        "down":  { "uv": [ 7, 9.75, 8.75, 9.5 ], "texture": "#texture" },
        "up":    { "uv": [ 7, 9.5, 8.75, 9.75 ], "texture": "#texture" },
        "north": { "uv": [ 8.75, 9.5, 7, 9.75 ], "texture": "#texture" },
        "south": { "uv": [ 7, 9.5, 8.75, 9.75 ], "texture": "#texture" },
        "west":  { "uv": [ 7, 9.5, 7.25, 9.75 ], "texture": "#texture" },
        "east":  { "uv": [ 8.75, 9.5, 8.5, 9.75 ], "texture": "#texture" }
    }
},
{
    "from": [ 7, 1.5, 7.75 ],
    "to": [ 8.75, 1.75, 8.25 ],
    "faces": {
        "down":  { "uv": [ 7, 14.5, 8.75, 14.25 ], "texture": "#texture" },
        "up":    { "uv": [ 7, 14.25, 8.75, 14.5 ], "texture": "#texture" },
        "north": { "uv": [ 8.75, 14.25, 7, 14.5 ], "texture": "#texture" },
        "south": { "uv": [ 7, 14.25, 8.75, 14.5 ], "texture": "#texture" },
        "west":  { "uv": [ 7, 14.25, 7.25, 14.5 ], "texture": "#texture" },
        "east":  { "uv": [ 8.75, 14.25, 8.5, 14.5 ], "texture": "#texture" }
    }
},
{
    "from": [ 7.25, 9, 7.75 ],
    "to": [ 8.5, 10.5, 8.25 ],
    "faces": {
        "down":  { "uv": [ 7.25, 7, 8.5, 6.75 ], "texture": "#texture" },
        "up":    { "uv": [ 7.25, 5.5, 8.5, 5.75 ], "texture": "#texture" },
        "north": { "uv": [ 8.5, 5.5, 7.25, 7 ], "texture": "#texture" },
        "south": { "uv": [ 7.25, 5.5, 8.5, 7 ], "texture": "#texture" },
        "west":  { "uv": [ 7.25, 5.5, 7.5, 7 ], "texture": "#texture" },
        "east":  { "uv": [ 8.5, 5.5, 8.25, 7 ], "texture": "#texture" }
    }
},
{
    "from": [ 7.25, 8, 7.75 ],
    "to": [ 8.5, 8.25, 8.25 ],
    "faces": {
        "down":  { "uv": [ 7.25, 8, 8.5, 7.75 ], "texture": "#texture" },
        "up":    { "uv": [ 7.25, 7.75, 8.5, 8 ], "texture": "#texture" },
        "north": { "uv": [ 8.5, 7.75, 7.25, 8 ], "texture": "#texture" },
        "south": { "uv": [ 7.25, 7.75, 8.5, 8 ], "texture": "#texture" },
        "west":  { "uv": [ 7.25, 7.75, 7.5, 8 ], "texture": "#texture" },
        "east":  { "uv": [ 8.5, 7.75, 8.25, 8 ], "texture": "#texture" }
    }
},
{
    "from": [ 7.25, 7.25, 7.75 ],
    "to": [ 8.5, 7.75, 8.25 ],
    "faces": {
        "down":  { "uv": [ 7.25, 8.75, 8.5, 8.5 ], "texture": "#texture" },
        "up":    { "uv": [ 7.25, 8.25, 8.5, 8.5 ], "texture": "#texture" },
        "north": { "uv": [ 8.5, 8.25, 7.25, 8.75 ], "texture": "#texture" },
        "south": { "uv": [ 7.25, 8.25, 8.5, 8.75 ], "texture": "#texture" },
        "west":  { "uv": [ 7.25, 8.25, 7.5, 8.75 ], "texture": "#texture" },
        "east":  { "uv": [ 8.5, 8.25, 8.25, 8.75 ], "texture": "#texture" }
    }
},
{
    "from": [ 7.25, 6.5, 7.75 ],
    "to": [ 8.5, 6.75, 8.25 ],
    "faces": {
        "down":  { "uv": [ 7.25, 9.5, 8.5, 9.25 ], "texture": "#texture" },
        "up":    { "uv": [ 7.25, 9.25, 8.5, 9.5 ], "texture": "#texture" },
        "north": { "uv": [ 8.5, 9.25, 7.25, 9.5 ], "texture": "#texture" },
        "south": { "uv": [ 7.25, 9.25, 8.5, 9.5 ], "texture": "#texture" },
        "west":  { "uv": [ 7.25, 9.25, 7.5, 9.5 ], "texture": "#texture" },
        "east":  { "uv": [ 8.5, 9.25, 8.25, 9.5 ], "texture": "#texture" }
    }
},
{
    "from": [ 7.25, 6, 7.75 ],
    "to": [ 8.5, 6.25, 8.25 ],
    "faces": {
        "down":  { "uv": [ 7.25, 10, 8.5, 9.75 ], "texture": "#texture" },
        "up":    { "uv": [ 7.25, 9.75, 8.5, 10 ], "texture": "#texture" },
        "north": { "uv": [ 8.5, 9.75, 7.25, 10 ], "texture": "#texture" },
        "south": { "uv": [ 7.25, 9.75, 8.5, 10 ], "texture": "#texture" },
        "west":  { "uv": [ 7.25, 9.75, 7.5, 10 ], "texture": "#texture" },
        "east":  { "uv": [ 8.5, 9.75, 8.25, 10 ], "texture": "#texture" }
    }
},
{
    "from": [ 7.25, 4.5, 7.75 ],
    "to": [ 8.5, 5.5, 8.25 ],
    "faces": {
        "down":  { "uv": [ 7.25, 11.5, 8.5, 11.25 ], "texture": "#texture" },
        "up":    { "uv": [ 7.25, 10.5, 8.5, 10.75 ], "texture": "#texture" },
        "north": { "uv": [ 8.5, 10.5, 7.25, 11.5 ], "texture": "#texture" },
        "south": { "uv": [ 7.25, 10.5, 8.5, 11.5 ], "texture": "#texture" },
        "west":  { "uv": [ 7.25, 10.5, 7.5, 11.5 ], "texture": "#texture" },
        "east":  { "uv": [ 8.5, 10.5, 8.25, 11.5 ], "texture": "#texture" }
    }
},
{
    "from": [ 7.25, 3.25, 7.75 ],
    "to": [ 8.5, 4.25, 8.25 ],
    "faces": {
        "down":  { "uv": [ 7.25, 12.75, 8.5, 12.5 ], "texture": "#texture" },
        "up":    { "uv": [ 7.25, 11.75, 8.5, 12 ], "texture": "#texture" },
        "north": { "uv": [ 8.5, 11.75, 7.25, 12.75 ], "texture": "#texture" },
        "south": { "uv": [ 7.25, 11.75, 8.5, 12.75 ], "texture": "#texture" },
        "west":  { "uv": [ 7.25, 11.75, 7.5, 12.75 ], "texture": "#texture" },
        "east":  { "uv": [ 8.5, 11.75, 8.25, 12.75 ], "texture": "#texture" }
    }
},
{
    "from": [ 7.25, 1.75, 7.75 ],
    "to": [ 8.5, 2, 8.25 ],
    "faces": {
        "down":  { "uv": [ 7.25, 14.25, 8.5, 14 ], "texture": "#texture" },
        "up":    { "uv": [ 7.25, 14, 8.5, 14.25 ], "texture": "#texture" },
        "north": { "uv": [ 8.5, 14, 7.25, 14.25 ], "texture": "#texture" },
        "south": { "uv": [ 7.25, 14, 8.5, 14.25 ], "texture": "#texture" },
        "west":  { "uv": [ 7.25, 14, 7.5, 14.25 ], "texture": "#texture" },
        "east":  { "uv": [ 8.5, 14, 8.25, 14.25 ], "texture": "#texture" }
    }
},
{
    "from": [ 7.25, 1.25, 7.75 ],
    "to": [ 8.5, 1.5, 8.25 ],
    "faces": {
        "down":  { "uv": [ 7.25, 14.75, 8.5, 14.5 ], "texture": "#texture" },
        "up":    { "uv": [ 7.25, 14.5, 8.5, 14.75 ], "texture": "#texture" },
        "north": { "uv": [ 8.5, 14.5, 7.25, 14.75 ], "texture": "#texture" },
        "south": { "uv": [ 7.25, 14.5, 8.5, 14.75 ], "texture": "#texture" },
        "west":  { "uv": [ 7.25, 14.5, 7.5, 14.75 ], "texture": "#texture" },
        "east":  { "uv": [ 8.5, 14.5, 8.25, 14.75 ], "texture": "#texture" }
    }
},
{
    "from": [ 7.5, 5.5, 7.75 ],
    "to": [ 8.25, 6, 8.25 ],
    "faces": {
        "down":  { "uv": [ 7.5, 10.5, 8.25, 10.25 ], "texture": "#texture" },
        "up":    { "uv": [ 7.5, 10, 8.25, 10.25 ], "texture": "#texture" },
        "north": { "uv": [ 8.25, 10, 7.5, 10.5 ], "texture": "#texture" },
        "south": { "uv": [ 7.5, 10, 8.25, 10.5 ], "texture": "#texture" },
        "west":  { "uv": [ 7.5, 10, 7.75, 10.5 ], "texture": "#texture" },
        "east":  { "uv": [ 8.25, 10, 8, 10.5 ], "texture": "#texture" }
    }
},
{
    "from": [ 7.5, 4.25, 7.75 ],
    "to": [ 8.25, 4.5, 8.25 ],
    "faces": {
        "down":  { "uv": [ 7.5, 11.75, 8.25, 11.5 ], "texture": "#texture" },
        "up":    { "uv": [ 7.5, 11.5, 8.25, 11.75 ], "texture": "#texture" },
        "north": { "uv": [ 8.25, 11.5, 7.5, 11.75 ], "texture": "#texture" },
        "south": { "uv": [ 7.5, 11.5, 8.25, 11.75 ], "texture": "#texture" },
        "west":  { "uv": [ 7.5, 11.5, 7.75, 11.75 ], "texture": "#texture" },
        "east":  { "uv": [ 8.25, 11.5, 8, 11.75 ], "texture": "#texture" }
    }
},
{
    "from": [ 7.5, 3, 7.75 ],
    "to": [ 8.25, 3.25, 8.25 ],
    "faces": {
        "down":  { "uv": [ 7.5, 13, 8.25, 12.75 ], "texture": "#texture" },
        "up":    { "uv": [ 7.5, 12.75, 8.25, 13 ], "texture": "#texture" },
        "north": { "uv": [ 8.25, 12.75, 7.5, 13 ], "texture": "#texture" },
        "south": { "uv": [ 7.5, 12.75, 8.25, 13 ], "texture": "#texture" },
        "west":  { "uv": [ 7.5, 12.75, 7.75, 13 ], "texture": "#texture" },
        "east":  { "uv": [ 8.25, 12.75, 8, 13 ], "texture": "#texture" }
    }
},
{
    "from": [ 7.5, 0.5, 7.75 ],
    "to": [ 8.25, 1.25, 8.25 ],
    "faces": {
        "down":  { "uv": [ 7.5, 15.5, 8.25, 15.25 ], "texture": "#texture" },
        "up":    { "uv": [ 7.5, 14.75, 8.25, 15 ], "texture": "#texture" },
        "north": { "uv": [ 8.25, 14.75, 7.5, 15.5 ], "texture": "#texture" },
        "south": { "uv": [ 7.5, 14.75, 8.25, 15.5 ], "texture": "#texture" },
        "west":  { "uv": [ 7.5, 14.75, 7.75, 15.5 ], "texture": "#texture" },
        "east":  { "uv": [ 8.25, 14.75, 8, 15.5 ], "texture": "#texture" }
    }
},
{
    "from": [ 7.75, 0.25, 7.75 ],
    "to": [ 8, 0.5, 8.25 ],
    "faces": {
        "down":  { "uv": [ 7.75, 15.75, 8, 15.5 ], "texture": "#texture" },
        "up":    { "uv": [ 7.75, 15.5, 8, 15.75 ], "texture": "#texture" },
        "north": { "uv": [ 8, 15.5, 7.75, 15.75 ], "texture": "#texture" },
        "south": { "uv": [ 7.75, 15.5, 8, 15.75 ], "texture": "#texture" },
        "west":  { "uv": [ 7.75, 15.5, 8, 15.75 ], "texture": "#texture" },
        "east":  { "uv": [ 8, 15.5, 7.75, 15.75 ], "texture": "#texture" }
    }
},
{
    "from": [ 8.5, 2.25, 7.75 ],
    "to": [ 9.25, 3, 8.25 ],
    "faces": {
        "down":  { "uv": [ 8.5, 13.75, 9.25, 13.5 ], "texture": "#texture" },
        "up":    { "uv": [ 8.5, 13, 9.25, 13.25 ], "texture": "#texture" },
        "north": { "uv": [ 9.25, 13, 8.5, 13.75 ], "texture": "#texture" },
        "south": { "uv": [ 8.5, 13, 9.25, 13.75 ], "texture": "#texture" },
        "west":  { "uv": [ 8.5, 13, 8.75, 13.75 ], "texture": "#texture" },
        "east":  { "uv": [ 9.25, 13, 9, 13.75 ], "texture": "#texture" }
    }
},
{
    "from": [ 8.75, 2, 7.75 ],
    "to": [ 9, 2.25, 8.25 ],
    "faces": {
        "down":  { "uv": [ 8.75, 14, 9, 13.75 ], "texture": "#texture" },
        "up":    { "uv": [ 8.75, 13.75, 9, 14 ], "texture": "#texture" },
        "north": { "uv": [ 9, 13.75, 8.75, 14 ], "texture": "#texture" },
        "south": { "uv": [ 8.75, 13.75, 9, 14 ], "texture": "#texture" },
        "west":  { "uv": [ 8.75, 13.75, 9, 14 ], "texture": "#texture" },
        "east":  { "uv": [ 9, 13.75, 8.75, 14 ], "texture": "#texture" }
    }
},
{
    "from": [ 9.25, 2.25, 7.75 ],
    "to": [ 9.5, 2.75, 8.25 ],
    "faces": {
        "down":  { "uv": [ 9.25, 13.75, 9.5, 13.5 ], "texture": "#texture" },
        "up":    { "uv": [ 9.25, 13.25, 9.5, 13.5 ], "texture": "#texture" },
        "north": { "uv": [ 9.5, 13.25, 9.25, 13.75 ], "texture": "#texture" },
        "south": { "uv": [ 9.25, 13.25, 9.5, 13.75 ], "texture": "#texture" },
        "west":  { "uv": [ 9.25, 13.25, 9.5, 13.75 ], "texture": "#texture" },
        "east":  { "uv": [ 9.5, 13.25, 9.25, 13.75 ], "texture": "#texture" }
    }
},
{
    "from": [ 6.25, 11.25, 6.5 ],
    "to": [ 6.5, 13.25, 9.5 ],
    "faces": {
        "down":  { "uv": [ 6.25, 4.75, 6.5, 4.5 ], "texture": "#texture" },
        "up":    { "uv": [ 6.25, 2.75, 6.5, 3 ], "texture": "#texture" },
        "north": { "uv": [ 6.5, 2.75, 6.25, 4.75 ], "texture": "#texture" },
        "south": { "uv": [ 6.25, 2.75, 6.5, 4.75 ], "texture": "#texture" },
        "west":  { "uv": [ 6.25, 2.75, 6.5, 4.75 ], "texture": "#texture" },
        "east":  { "uv": [ 6.5, 2.75, 6.25, 4.75 ], "texture": "#texture" }
    }
},
{
    "from": [ 6.5, 11.5, 6.5 ],
    "to": [ 9.5, 13.25, 9.5 ],
    "faces": {
        "down":  { "uv": [ 6.5, 4.5, 9.5, 4.25 ], "texture": "#texture" },
        "up":    { "uv": [ 6.5, 2.75, 9.5, 3 ], "texture": "#texture" },
        "north": { "uv": [ 9.5, 2.75, 6.5, 4.5 ], "texture": "#texture" },
        "south": { "uv": [ 6.5, 2.75, 9.5, 4.5 ], "texture": "#texture" },
        "west":  { "uv": [ 6.5, 2.75, 6.75, 4.5 ], "texture": "#texture" },
        "east":  { "uv": [ 9.5, 2.75, 9.25, 4.5 ], "texture": "#texture" }
    }
},
{
    "from": [ 6.75, 13.25, 6.5 ],
    "to": [ 9.25, 13.5, 9.5 ],
    "faces": {
        "down":  { "uv": [ 6.75, 2.75, 9.25, 2.5 ], "texture": "#texture" },
        "up":    { "uv": [ 6.75, 2.5, 9.25, 2.75 ], "texture": "#texture" },
        "north": { "uv": [ 9.25, 2.5, 6.75, 2.75 ], "texture": "#texture" },
        "south": { "uv": [ 6.75, 2.5, 9.25, 2.75 ], "texture": "#texture" },
        "west":  { "uv": [ 6.75, 2.5, 7, 2.75 ], "texture": "#texture" },
        "east":  { "uv": [ 9.25, 2.5, 9, 2.75 ], "texture": "#texture" }
    }
},
{
    "from": [ 7, 13.5, 6.5 ],
    "to": [ 9, 13.75, 9.5 ],
    "faces": {
        "down":  { "uv": [ 7, 2.5, 9, 2.25 ], "texture": "#texture" },
        "up":    { "uv": [ 7, 2.25, 9, 2.5 ], "texture": "#texture" },
        "north": { "uv": [ 9, 2.25, 7, 2.5 ], "texture": "#texture" },
        "south": { "uv": [ 7, 2.25, 9, 2.5 ], "texture": "#texture" },
        "west":  { "uv": [ 7, 2.25, 7.25, 2.5 ], "texture": "#texture" },
        "east":  { "uv": [ 9, 2.25, 8.75, 2.5 ], "texture": "#texture" }
    }
},
{
    "from": [ 9.25, 11.25, 6.5 ],
    "to": [ 9.5, 11.5, 9.5 ],
    "faces": {
        "down":  { "uv": [ 9.25, 4.75, 9.5, 4.5 ], "texture": "#texture" },
        "up":    { "uv": [ 9.25, 4.5, 9.5, 4.75 ], "texture": "#texture" },
        "north": { "uv": [ 9.5, 4.5, 9.25, 4.75 ], "texture": "#texture" },
        "south": { "uv": [ 9.25, 4.5, 9.5, 4.75 ], "texture": "#texture" },
        "west":  { "uv": [ 9.25, 4.5, 9.5, 4.75 ], "texture": "#texture" },
        "east":  { "uv": [ 9.5, 4.5, 9.25, 4.75 ], "texture": "#texture" }
    }
},
{
    "from": [ 4.25, 12, 6.875 ],
    "to": [ 11.5, 12.5, 9.125 ],
    "faces": {
        "down":  { "uv": [ 4.25, 4, 11.5, 3.75 ], "texture": "#texture" },
        "up":    { "uv": [ 4.25, 3.5, 11.5, 3.75 ], "texture": "#texture" },
        "north": { "uv": [ 11.5, 3.5, 4.25, 4 ], "texture": "#texture" },
        "south": { "uv": [ 4.25, 3.5, 11.5, 4 ], "texture": "#texture" },
        "west":  { "uv": [ 4.25, 3.5, 4.5, 4 ], "texture": "#texture" },
        "east":  { "uv": [ 11.5, 3.5, 11.25, 4 ], "texture": "#texture" }
    }
},
{
    "from": [ 4.5, 12.5, 6.875 ],
    "to": [ 11, 12.75, 9.125 ],
    "faces": {
        "down":  { "uv": [ 4.5, 3.5, 11, 3.25 ], "texture": "#texture" },
        "up":    { "uv": [ 4.5, 3.25, 11, 3.5 ], "texture": "#texture" },
        "north": { "uv": [ 11, 3.25, 4.5, 3.5 ], "texture": "#texture" },
        "south": { "uv": [ 4.5, 3.25, 11, 3.5 ], "texture": "#texture" },
        "west":  { "uv": [ 4.5, 3.25, 4.75, 3.5 ], "texture": "#texture" },
        "east":  { "uv": [ 11, 3.25, 10.75, 3.5 ], "texture": "#texture" }
    }
},
{
    "from": [ 4.5, 11.75, 6.875 ],
    "to": [ 11.5, 12, 9.125 ],
    "faces": {
        "down":  { "uv": [ 4.5, 4.25, 11.5, 4 ], "texture": "#texture" },
        "up":    { "uv": [ 4.5, 4, 11.5, 4.25 ], "texture": "#texture" },
        "north": { "uv": [ 11.5, 4, 4.5, 4.25 ], "texture": "#texture" },
        "south": { "uv": [ 4.5, 4, 11.5, 4.25 ], "texture": "#texture" },
        "west":  { "uv": [ 4.5, 4, 4.75, 4.25 ], "texture": "#texture" },
        "east":  { "uv": [ 11.5, 4, 11.25, 4.25 ], "texture": "#texture" }
    }
},
{
    "from": [ 4.75, 12.75, 6.875 ],
    "to": [ 10.75, 13, 9.125 ],
    "faces": {
        "down":  { "uv": [ 4.75, 3.25, 10.75, 3 ], "texture": "#texture" },
        "up":    { "uv": [ 4.75, 3, 10.75, 3.25 ], "texture": "#texture" },
        "north": { "uv": [ 10.75, 3, 4.75, 3.25 ], "texture": "#texture" },
        "south": { "uv": [ 4.75, 3, 10.75, 3.25 ], "texture": "#texture" },
        "west":  { "uv": [ 4.75, 3, 5, 3.25 ], "texture": "#texture" },
        "east":  { "uv": [ 10.75, 3, 10.5, 3.25 ], "texture": "#texture" }
    }
},
{
    "from": [ 5, 11.5, 6.875 ],
    "to": [ 11, 11.75, 9.125 ],
    "faces": {
        "down":  { "uv": [ 5, 4.5, 11, 4.25 ], "texture": "#texture" },
        "up":    { "uv": [ 5, 4.25, 11, 4.5 ], "texture": "#texture" },
        "north": { "uv": [ 11, 4.25, 5, 4.5 ], "texture": "#texture" },
        "south": { "uv": [ 5, 4.25, 11, 4.5 ], "texture": "#texture" },
        "west":  { "uv": [ 5, 4.25, 5.25, 4.5 ], "texture": "#texture" },
        "east":  { "uv": [ 11, 4.25, 10.75, 4.5 ], "texture": "#texture" }
    }
},
{
    "from": [ 5.25, 13, 6.875 ],
    "to": [ 10.25, 13.25, 9.125 ],
    "faces": {
        "down":  { "uv": [ 5.25, 3, 10.25, 2.75 ], "texture": "#texture" },
        "up":    { "uv": [ 5.25, 2.75, 10.25, 3 ], "texture": "#texture" },
        "north": { "uv": [ 10.25, 2.75, 5.25, 3 ], "texture": "#texture" },
        "south": { "uv": [ 5.25, 2.75, 10.25, 3 ], "texture": "#texture" },
        "west":  { "uv": [ 5.25, 2.75, 5.5, 3 ], "texture": "#texture" },
        "east":  { "uv": [ 10.25, 2.75, 10, 3 ], "texture": "#texture" }
    }
},
{
    "from": [ 5.5, 13.25, 6.875 ],
    "to": [ 6, 13.5, 9.125 ],
    "faces": {
        "down":  { "uv": [ 5.5, 2.75, 6, 2.5 ], "texture": "#texture" },
        "up":    { "uv": [ 5.5, 2.5, 6, 2.75 ], "texture": "#texture" },
        "north": { "uv": [ 6, 2.5, 5.5, 2.75 ], "texture": "#texture" },
        "south": { "uv": [ 5.5, 2.5, 6, 2.75 ], "texture": "#texture" },
        "west":  { "uv": [ 5.5, 2.5, 5.75, 2.75 ], "texture": "#texture" },
        "east":  { "uv": [ 6, 2.5, 5.75, 2.75 ], "texture": "#texture" }
    }
},
{
    "from": [ 5.5, 11.25, 6.875 ],
    "to": [ 10.5, 11.5, 9.125 ],
    "faces": {
        "down":  { "uv": [ 5.5, 4.75, 10.5, 4.5 ], "texture": "#texture" },
        "up":    { "uv": [ 5.5, 4.5, 10.5, 4.75 ], "texture": "#texture" },
        "north": { "uv": [ 10.5, 4.5, 5.5, 4.75 ], "texture": "#texture" },
        "south": { "uv": [ 5.5, 4.5, 10.5, 4.75 ], "texture": "#texture" },
        "west":  { "uv": [ 5.5, 4.5, 5.75, 4.75 ], "texture": "#texture" },
        "east":  { "uv": [ 10.5, 4.5, 10.25, 4.75 ], "texture": "#texture" }
    }
},
{
    "from": [ 5.75, 11, 6.875 ],
    "to": [ 6, 11.25, 9.125 ],
    "faces": {
        "down":  { "uv": [ 5.75, 5, 6, 4.75 ], "texture": "#texture" },
        "up":    { "uv": [ 5.75, 4.75, 6, 5 ], "texture": "#texture" },
        "north": { "uv": [ 6, 4.75, 5.75, 5 ], "texture": "#texture" },
        "south": { "uv": [ 5.75, 4.75, 6, 5 ], "texture": "#texture" },
        "west":  { "uv": [ 5.75, 4.75, 6, 5 ], "texture": "#texture" },
        "east":  { "uv": [ 6, 4.75, 5.75, 5 ], "texture": "#texture" }
    }
},
{
    "from": [ 6.25, 13.25, 6.875 ],
    "to": [ 9.5, 13.5, 9.125 ],
    "faces": {
        "down":  { "uv": [ 6.25, 2.75, 9.5, 2.5 ], "texture": "#texture" },
        "up":    { "uv": [ 6.25, 2.5, 9.5, 2.75 ], "texture": "#texture" },
        "north": { "uv": [ 9.5, 2.5, 6.25, 2.75 ], "texture": "#texture" },
        "south": { "uv": [ 6.25, 2.5, 9.5, 2.75 ], "texture": "#texture" },
        "west":  { "uv": [ 6.25, 2.5, 6.5, 2.75 ], "texture": "#texture" },
        "east":  { "uv": [ 9.5, 2.5, 9.25, 2.75 ], "texture": "#texture" }
    }
},
{
    "from": [ 6.25, 11, 6.875 ],
    "to": [ 6.5, 11.25, 9.125 ],
    "faces": {
        "down":  { "uv": [ 6.25, 5, 6.5, 4.75 ], "texture": "#texture" },
        "up":    { "uv": [ 6.25, 4.75, 6.5, 5 ], "texture": "#texture" },
        "north": { "uv": [ 6.5, 4.75, 6.25, 5 ], "texture": "#texture" },
        "south": { "uv": [ 6.25, 4.75, 6.5, 5 ], "texture": "#texture" },
        "west":  { "uv": [ 6.25, 4.75, 6.5, 5 ], "texture": "#texture" },
        "east":  { "uv": [ 6.5, 4.75, 6.25, 5 ], "texture": "#texture" }
    }
},
{
    "from": [ 6.75, 13.5, 6.875 ],
    "to": [ 9.25, 13.75, 9.125 ],
    "faces": {
        "down":  { "uv": [ 6.75, 2.5, 9.25, 2.25 ], "texture": "#texture" },
        "up":    { "uv": [ 6.75, 2.25, 9.25, 2.5 ], "texture": "#texture" },
        "north": { "uv": [ 9.25, 2.25, 6.75, 2.5 ], "texture": "#texture" },
        "south": { "uv": [ 6.75, 2.25, 9.25, 2.5 ], "texture": "#texture" },
        "west":  { "uv": [ 6.75, 2.25, 7, 2.5 ], "texture": "#texture" },
        "east":  { "uv": [ 9.25, 2.25, 9, 2.5 ], "texture": "#texture" }
    }
},
{
    "from": [ 7, 13.75, 6.875 ],
    "to": [ 9, 14, 9.125 ],
    "faces": {
        "down":  { "uv": [ 7, 2.25, 9, 2 ], "texture": "#texture" },
        "up":    { "uv": [ 7, 2, 9, 2.25 ], "texture": "#texture" },
        "north": { "uv": [ 9, 2, 7, 2.25 ], "texture": "#texture" },
        "south": { "uv": [ 7, 2, 9, 2.25 ], "texture": "#texture" },
        "west":  { "uv": [ 7, 2, 7.25, 2.25 ], "texture": "#texture" },
        "east":  { "uv": [ 9, 2, 8.75, 2.25 ], "texture": "#texture" }
    }
},
{
    "from": [ 7.25, 14, 6.875 ],
    "to": [ 8.5, 14.5, 9.125 ],
    "faces": {
        "down":  { "uv": [ 7.25, 2, 8.5, 1.75 ], "texture": "#texture" },
        "up":    { "uv": [ 7.25, 1.5, 8.5, 1.75 ], "texture": "#texture" },
        "north": { "uv": [ 8.5, 1.5, 7.25, 2 ], "texture": "#texture" },
        "south": { "uv": [ 7.25, 1.5, 8.5, 2 ], "texture": "#texture" },
        "west":  { "uv": [ 7.25, 1.5, 7.5, 2 ], "texture": "#texture" },
        "east":  { "uv": [ 8.5, 1.5, 8.25, 2 ], "texture": "#texture" }
    }
},
{
    "from": [ 7.5, 14.5, 6.875 ],
    "to": [ 8.25, 14.75, 9.125 ],
    "faces": {
        "down":  { "uv": [ 7.5, 1.5, 8.25, 1.25 ], "texture": "#texture" },
        "up":    { "uv": [ 7.5, 1.25, 8.25, 1.5 ], "texture": "#texture" },
        "north": { "uv": [ 8.25, 1.25, 7.5, 1.5 ], "texture": "#texture" },
        "south": { "uv": [ 7.5, 1.25, 8.25, 1.5 ], "texture": "#texture" },
        "west":  { "uv": [ 7.5, 1.25, 7.75, 1.5 ], "texture": "#texture" },
        "east":  { "uv": [ 8.25, 1.25, 8, 1.5 ], "texture": "#texture" }
    }
},
{
    "from": [ 7.75, 14.75, 6.875 ],
    "to": [ 8, 15, 9.125 ],
    "faces": {
        "down":  { "uv": [ 7.75, 1.25, 8, 1 ], "texture": "#texture" },
        "up":    { "uv": [ 7.75, 1, 8, 1.25 ], "texture": "#texture" },
        "north": { "uv": [ 8, 1, 7.75, 1.25 ], "texture": "#texture" },
        "south": { "uv": [ 7.75, 1, 8, 1.25 ], "texture": "#texture" },
        "west":  { "uv": [ 7.75, 1, 8, 1.25 ], "texture": "#texture" },
        "east":  { "uv": [ 8, 1, 7.75, 1.25 ], "texture": "#texture" }
    }
},
{
    "from": [ 8.5, 14, 6.875 ],
    "to": [ 8.75, 14.25, 9.125 ],
    "faces": {
        "down":  { "uv": [ 8.5, 2, 8.75, 1.75 ], "texture": "#texture" },
        "up":    { "uv": [ 8.5, 1.75, 8.75, 2 ], "texture": "#texture" },
        "north": { "uv": [ 8.75, 1.75, 8.5, 2 ], "texture": "#texture" },
        "south": { "uv": [ 8.5, 1.75, 8.75, 2 ], "texture": "#texture" },
        "west":  { "uv": [ 8.5, 1.75, 8.75, 2 ], "texture": "#texture" },
        "east":  { "uv": [ 8.75, 1.75, 8.5, 2 ], "texture": "#texture" }
    }
},
{
    "from": [ 9.25, 11, 6.875 ],
    "to": [ 9.5, 11.25, 9.125 ],
    "faces": {
        "down":  { "uv": [ 9.25, 5, 9.5, 4.75 ], "texture": "#texture" },
        "up":    { "uv": [ 9.25, 4.75, 9.5, 5 ], "texture": "#texture" },
        "north": { "uv": [ 9.5, 4.75, 9.25, 5 ], "texture": "#texture" },
        "south": { "uv": [ 9.25, 4.75, 9.5, 5 ], "texture": "#texture" },
        "west":  { "uv": [ 9.25, 4.75, 9.5, 5 ], "texture": "#texture" },
        "east":  { "uv": [ 9.5, 4.75, 9.25, 5 ], "texture": "#texture" }
    }
},
{
    "from": [ 9.75, 13.25, 6.875 ],
    "to": [ 10, 13.5, 9.125 ],
    "faces": {
        "down":  { "uv": [ 9.75, 2.75, 10, 2.5 ], "texture": "#texture" },
        "up":    { "uv": [ 9.75, 2.5, 10, 2.75 ], "texture": "#texture" },
        "north": { "uv": [ 10, 2.5, 9.75, 2.75 ], "texture": "#texture" },
        "south": { "uv": [ 9.75, 2.5, 10, 2.75 ], "texture": "#texture" },
        "west":  { "uv": [ 9.75, 2.5, 10, 2.75 ], "texture": "#texture" },
        "east":  { "uv": [ 10, 2.5, 9.75, 2.75 ], "texture": "#texture" }
    }
},
{
    "from": [ 9.75, 11, 6.875 ],
    "to": [ 10.25, 11.25, 9.125 ],
    "faces": {
        "down":  { "uv": [ 9.75, 5, 10.25, 4.75 ], "texture": "#texture" },
        "up":    { "uv": [ 9.75, 4.75, 10.25, 5 ], "texture": "#texture" },
        "north": { "uv": [ 10.25, 4.75, 9.75, 5 ], "texture": "#texture" },
        "south": { "uv": [ 9.75, 4.75, 10.25, 5 ], "texture": "#texture" },
        "west":  { "uv": [ 9.75, 4.75, 10, 5 ], "texture": "#texture" },
        "east":  { "uv": [ 10.25, 4.75, 10, 5 ], "texture": "#texture" }
    }
},
{
    "from": [ 11.5, 12, 6.875 ],
    "to": [ 11.75, 12.25, 9.125 ],
    "faces": {
        "down":  { "uv": [ 11.5, 4, 11.75, 3.75 ], "texture": "#texture" },
        "up":    { "uv": [ 11.5, 3.75, 11.75, 4 ], "texture": "#texture" },
        "north": { "uv": [ 11.75, 3.75, 11.5, 4 ], "texture": "#texture" },
        "south": { "uv": [ 11.5, 3.75, 11.75, 4 ], "texture": "#texture" },
        "west":  { "uv": [ 11.5, 3.75, 11.75, 4 ], "texture": "#texture" },
        "east":  { "uv": [ 11.75, 3.75, 11.5, 4 ], "texture": "#texture" }
    }
},
{
    "from": [ 3.75, 12, 7.125 ],
    "to": [ 12.25, 12.25, 8.875 ],
    "faces": {
        "down":  { "uv": [ 3.75, 4, 12.25, 3.75 ], "texture": "#texture" },
        "up":    { "uv": [ 3.75, 3.75, 12.25, 4 ], "texture": "#texture" },
        "north": { "uv": [ 12.25, 3.75, 3.75, 4 ], "texture": "#texture" },
        "south": { "uv": [ 3.75, 3.75, 12.25, 4 ], "texture": "#texture" },
        "west":  { "uv": [ 3.75, 3.75, 4, 4 ], "texture": "#texture" },
        "east":  { "uv": [ 12.25, 3.75, 12, 4 ], "texture": "#texture" }
    }
},
{
    "from": [ 4, 12.25, 7.125 ],
    "to": [ 12, 12.5, 8.875 ],
    "faces": {
        "down":  { "uv": [ 4, 3.75, 12, 3.5 ], "texture": "#texture" },
        "up":    { "uv": [ 4, 3.5, 12, 3.75 ], "texture": "#texture" },
        "north": { "uv": [ 12, 3.5, 4, 3.75 ], "texture": "#texture" },
        "south": { "uv": [ 4, 3.5, 12, 3.75 ], "texture": "#texture" },
        "west":  { "uv": [ 4, 3.5, 4.25, 3.75 ], "texture": "#texture" },
        "east":  { "uv": [ 12, 3.5, 11.75, 3.75 ], "texture": "#texture" }
    }
},
{
    "from": [ 4.25, 12.5, 7.125 ],
    "to": [ 11.5, 12.75, 8.875 ],
    "faces": {
        "down":  { "uv": [ 4.25, 3.5, 11.5, 3.25 ], "texture": "#texture" },
        "up":    { "uv": [ 4.25, 3.25, 11.5, 3.5 ], "texture": "#texture" },
        "north": { "uv": [ 11.5, 3.25, 4.25, 3.5 ], "texture": "#texture" },
        "south": { "uv": [ 4.25, 3.25, 11.5, 3.5 ], "texture": "#texture" },
        "west":  { "uv": [ 4.25, 3.25, 4.5, 3.5 ], "texture": "#texture" },
        "east":  { "uv": [ 11.5, 3.25, 11.25, 3.5 ], "texture": "#texture" }
    }
},
{
    "from": [ 4.25, 11.75, 7.125 ],
    "to": [ 11.75, 12, 8.875 ],
    "faces": {
        "down":  { "uv": [ 4.25, 4.25, 11.75, 4 ], "texture": "#texture" },
        "up":    { "uv": [ 4.25, 4, 11.75, 4.25 ], "texture": "#texture" },
        "north": { "uv": [ 11.75, 4, 4.25, 4.25 ], "texture": "#texture" },
        "south": { "uv": [ 4.25, 4, 11.75, 4.25 ], "texture": "#texture" },
        "west":  { "uv": [ 4.25, 4, 4.5, 4.25 ], "texture": "#texture" },
        "east":  { "uv": [ 11.75, 4, 11.5, 4.25 ], "texture": "#texture" }
    }
},
{
    "from": [ 4.5, 12.75, 7.125 ],
    "to": [ 11, 13, 8.875 ],
    "faces": {
        "down":  { "uv": [ 4.5, 3.25, 11, 3 ], "texture": "#texture" },
        "up":    { "uv": [ 4.5, 3, 11, 3.25 ], "texture": "#texture" },
        "north": { "uv": [ 11, 3, 4.5, 3.25 ], "texture": "#texture" },
        "south": { "uv": [ 4.5, 3, 11, 3.25 ], "texture": "#texture" },
        "west":  { "uv": [ 4.5, 3, 4.75, 3.25 ], "texture": "#texture" },
        "east":  { "uv": [ 11, 3, 10.75, 3.25 ], "texture": "#texture" }
    }
},
{
    "from": [ 4.5, 11.5, 7.125 ],
    "to": [ 11.5, 11.75, 8.875 ],
    "faces": {
        "down":  { "uv": [ 4.5, 4.5, 11.5, 4.25 ], "texture": "#texture" },
        "up":    { "uv": [ 4.5, 4.25, 11.5, 4.5 ], "texture": "#texture" },
        "north": { "uv": [ 11.5, 4.25, 4.5, 4.5 ], "texture": "#texture" },
        "south": { "uv": [ 4.5, 4.25, 11.5, 4.5 ], "texture": "#texture" },
        "west":  { "uv": [ 4.5, 4.25, 4.75, 4.5 ], "texture": "#texture" },
        "east":  { "uv": [ 11.5, 4.25, 11.25, 4.5 ], "texture": "#texture" }
    }
},
{
    "from": [ 4.75, 13, 7.125 ],
    "to": [ 10.75, 13.25, 8.875 ],
    "faces": {
        "down":  { "uv": [ 4.75, 3, 10.75, 2.75 ], "texture": "#texture" },
        "up":    { "uv": [ 4.75, 2.75, 10.75, 3 ], "texture": "#texture" },
        "north": { "uv": [ 10.75, 2.75, 4.75, 3 ], "texture": "#texture" },
        "south": { "uv": [ 4.75, 2.75, 10.75, 3 ], "texture": "#texture" },
        "west":  { "uv": [ 4.75, 2.75, 5, 3 ], "texture": "#texture" },
        "east":  { "uv": [ 10.75, 2.75, 10.5, 3 ], "texture": "#texture" }
    }
},
{
    "from": [ 5, 11.25, 7.125 ],
    "to": [ 11, 11.5, 8.875 ],
    "faces": {
        "down":  { "uv": [ 5, 4.75, 11, 4.5 ], "texture": "#texture" },
        "up":    { "uv": [ 5, 4.5, 11, 4.75 ], "texture": "#texture" },
        "north": { "uv": [ 11, 4.5, 5, 4.75 ], "texture": "#texture" },
        "south": { "uv": [ 5, 4.5, 11, 4.75 ], "texture": "#texture" },
        "west":  { "uv": [ 5, 4.5, 5.25, 4.75 ], "texture": "#texture" },
        "east":  { "uv": [ 11, 4.5, 10.75, 4.75 ], "texture": "#texture" }
    }
},
{
    "from": [ 5.25, 13.25, 7.125 ],
    "to": [ 10.25, 13.5, 8.875 ],
    "faces": {
        "down":  { "uv": [ 5.25, 2.75, 10.25, 2.5 ], "texture": "#texture" },
        "up":    { "uv": [ 5.25, 2.5, 10.25, 2.75 ], "texture": "#texture" },
        "north": { "uv": [ 10.25, 2.5, 5.25, 2.75 ], "texture": "#texture" },
        "south": { "uv": [ 5.25, 2.5, 10.25, 2.75 ], "texture": "#texture" },
        "west":  { "uv": [ 5.25, 2.5, 5.5, 2.75 ], "texture": "#texture" },
        "east":  { "uv": [ 10.25, 2.5, 10, 2.75 ], "texture": "#texture" }
    }
},
{
    "from": [ 5.5, 13.5, 7.125 ],
    "to": [ 5.75, 14, 8.875 ],
    "faces": {
        "down":  { "uv": [ 5.5, 2.5, 5.75, 2.25 ], "texture": "#texture" },
        "up":    { "uv": [ 5.5, 2, 5.75, 2.25 ], "texture": "#texture" },
        "north": { "uv": [ 5.75, 2, 5.5, 2.5 ], "texture": "#texture" },
        "south": { "uv": [ 5.5, 2, 5.75, 2.5 ], "texture": "#texture" },
        "west":  { "uv": [ 5.5, 2, 5.75, 2.5 ], "texture": "#texture" },
        "east":  { "uv": [ 5.75, 2, 5.5, 2.5 ], "texture": "#texture" }
    }
},
{
    "from": [ 5.5, 11, 7.125 ],
    "to": [ 10.5, 11.25, 8.875 ],
    "faces": {
        "down":  { "uv": [ 5.5, 5, 10.5, 4.75 ], "texture": "#texture" },
        "up":    { "uv": [ 5.5, 4.75, 10.5, 5 ], "texture": "#texture" },
        "north": { "uv": [ 10.5, 4.75, 5.5, 5 ], "texture": "#texture" },
        "south": { "uv": [ 5.5, 4.75, 10.5, 5 ], "texture": "#texture" },
        "west":  { "uv": [ 5.5, 4.75, 5.75, 5 ], "texture": "#texture" },
        "east":  { "uv": [ 10.5, 4.75, 10.25, 5 ], "texture": "#texture" }
    }
},
{
    "from": [ 5.75, 13.5, 7.125 ],
    "to": [ 6, 13.75, 8.875 ],
    "faces": {
        "down":  { "uv": [ 5.75, 2.5, 6, 2.25 ], "texture": "#texture" },
        "up":    { "uv": [ 5.75, 2.25, 6, 2.5 ], "texture": "#texture" },
        "north": { "uv": [ 6, 2.25, 5.75, 2.5 ], "texture": "#texture" },
        "south": { "uv": [ 5.75, 2.25, 6, 2.5 ], "texture": "#texture" },
        "west":  { "uv": [ 5.75, 2.25, 6, 2.5 ], "texture": "#texture" },
        "east":  { "uv": [ 6, 2.25, 5.75, 2.5 ], "texture": "#texture" }
    }
},
{
    "from": [ 5.75, 10.75, 7.125 ],
    "to": [ 6, 11, 8.875 ],
    "faces": {
        "down":  { "uv": [ 5.75, 5.25, 6, 5 ], "texture": "#texture" },
        "up":    { "uv": [ 5.75, 5, 6, 5.25 ], "texture": "#texture" },
        "north": { "uv": [ 6, 5, 5.75, 5.25 ], "texture": "#texture" },
        "south": { "uv": [ 5.75, 5, 6, 5.25 ], "texture": "#texture" },
        "west":  { "uv": [ 5.75, 5, 6, 5.25 ], "texture": "#texture" },
        "east":  { "uv": [ 6, 5, 5.75, 5.25 ], "texture": "#texture" }
    }
},
{
    "from": [ 6.25, 13.5, 7.125 ],
    "to": [ 9.5, 13.75, 8.875 ],
    "faces": {
        "down":  { "uv": [ 6.25, 2.5, 9.5, 2.25 ], "texture": "#texture" },
        "up":    { "uv": [ 6.25, 2.25, 9.5, 2.5 ], "texture": "#texture" },
        "north": { "uv": [ 9.5, 2.25, 6.25, 2.5 ], "texture": "#texture" },
        "south": { "uv": [ 6.25, 2.25, 9.5, 2.5 ], "texture": "#texture" },
        "west":  { "uv": [ 6.25, 2.25, 6.5, 2.5 ], "texture": "#texture" },
        "east":  { "uv": [ 9.5, 2.25, 9.25, 2.5 ], "texture": "#texture" }
    }
},
{
    "from": [ 6.25, 10.75, 7.125 ],
    "to": [ 6.5, 11, 8.875 ],
    "faces": {
        "down":  { "uv": [ 6.25, 5.25, 6.5, 5 ], "texture": "#texture" },
        "up":    { "uv": [ 6.25, 5, 6.5, 5.25 ], "texture": "#texture" },
        "north": { "uv": [ 6.5, 5, 6.25, 5.25 ], "texture": "#texture" },
        "south": { "uv": [ 6.25, 5, 6.5, 5.25 ], "texture": "#texture" },
        "west":  { "uv": [ 6.25, 5, 6.5, 5.25 ], "texture": "#texture" },
        "east":  { "uv": [ 6.5, 5, 6.25, 5.25 ], "texture": "#texture" }
    }
},
{
    "from": [ 6.75, 13.75, 7.125 ],
    "to": [ 9.25, 14, 8.875 ],
    "faces": {
        "down":  { "uv": [ 6.75, 2.25, 9.25, 2 ], "texture": "#texture" },
        "up":    { "uv": [ 6.75, 2, 9.25, 2.25 ], "texture": "#texture" },
        "north": { "uv": [ 9.25, 2, 6.75, 2.25 ], "texture": "#texture" },
        "south": { "uv": [ 6.75, 2, 9.25, 2.25 ], "texture": "#texture" },
        "west":  { "uv": [ 6.75, 2, 7, 2.25 ], "texture": "#texture" },
        "east":  { "uv": [ 9.25, 2, 9, 2.25 ], "texture": "#texture" }
    }
},
{
    "from": [ 7, 14, 7.125 ],
    "to": [ 8.75, 14.5, 8.875 ],
    "faces": {
        "down":  { "uv": [ 7, 2, 8.75, 1.75 ], "texture": "#texture" },
        "up":    { "uv": [ 7, 1.5, 8.75, 1.75 ], "texture": "#texture" },
        "north": { "uv": [ 8.75, 1.5, 7, 2 ], "texture": "#texture" },
        "south": { "uv": [ 7, 1.5, 8.75, 2 ], "texture": "#texture" },
        "west":  { "uv": [ 7, 1.5, 7.25, 2 ], "texture": "#texture" },
        "east":  { "uv": [ 8.75, 1.5, 8.5, 2 ], "texture": "#texture" }
    }
},
{
    "from": [ 7.25, 14.5, 7.125 ],
    "to": [ 8.5, 14.75, 8.875 ],
    "faces": {
        "down":  { "uv": [ 7.25, 1.5, 8.5, 1.25 ], "texture": "#texture" },
        "up":    { "uv": [ 7.25, 1.25, 8.5, 1.5 ], "texture": "#texture" },
        "north": { "uv": [ 8.5, 1.25, 7.25, 1.5 ], "texture": "#texture" },
        "south": { "uv": [ 7.25, 1.25, 8.5, 1.5 ], "texture": "#texture" },
        "west":  { "uv": [ 7.25, 1.25, 7.5, 1.5 ], "texture": "#texture" },
        "east":  { "uv": [ 8.5, 1.25, 8.25, 1.5 ], "texture": "#texture" }
    }
},
{
    "from": [ 7.5, 14.75, 7.125 ],
    "to": [ 8.25, 15, 8.875 ],
    "faces": {
        "down":  { "uv": [ 7.5, 1.25, 8.25, 1 ], "texture": "#texture" },
        "up":    { "uv": [ 7.5, 1, 8.25, 1.25 ], "texture": "#texture" },
        "north": { "uv": [ 8.25, 1, 7.5, 1.25 ], "texture": "#texture" },
        "south": { "uv": [ 7.5, 1, 8.25, 1.25 ], "texture": "#texture" },
        "west":  { "uv": [ 7.5, 1, 7.75, 1.25 ], "texture": "#texture" },
        "east":  { "uv": [ 8.25, 1, 8, 1.25 ], "texture": "#texture" }
    }
},
{
    "from": [ 7.75, 15, 7.125 ],
    "to": [ 8, 15.5, 8.875 ],
    "faces": {
        "down":  { "uv": [ 7.75, 1, 8, 0.75 ], "texture": "#texture" },
        "up":    { "uv": [ 7.75, 0.5, 8, 0.75 ], "texture": "#texture" },
        "north": { "uv": [ 8, 0.5, 7.75, 1 ], "texture": "#texture" },
        "south": { "uv": [ 7.75, 0.5, 8, 1 ], "texture": "#texture" },
        "west":  { "uv": [ 7.75, 0.5, 8, 1 ], "texture": "#texture" },
        "east":  { "uv": [ 8, 0.5, 7.75, 1 ], "texture": "#texture" }
    }
},
{
    "from": [ 8, 15, 7.125 ],
    "to": [ 8.25, 15.25, 8.875 ],
    "faces": {
        "down":  { "uv": [ 8, 1, 8.25, 0.75 ], "texture": "#texture" },
        "up":    { "uv": [ 8, 0.75, 8.25, 1 ], "texture": "#texture" },
        "north": { "uv": [ 8.25, 0.75, 8, 1 ], "texture": "#texture" },
        "south": { "uv": [ 8, 0.75, 8.25, 1 ], "texture": "#texture" },
        "west":  { "uv": [ 8, 0.75, 8.25, 1 ], "texture": "#texture" },
        "east":  { "uv": [ 8.25, 0.75, 8, 1 ], "texture": "#texture" }
    }
},
{
    "from": [ 8.75, 14, 7.125 ],
    "to": [ 9, 14.25, 8.875 ],
    "faces": {
        "down":  { "uv": [ 8.75, 2, 9, 1.75 ], "texture": "#texture" },
        "up":    { "uv": [ 8.75, 1.75, 9, 2 ], "texture": "#texture" },
        "north": { "uv": [ 9, 1.75, 8.75, 2 ], "texture": "#texture" },
        "south": { "uv": [ 8.75, 1.75, 9, 2 ], "texture": "#texture" },
        "west":  { "uv": [ 8.75, 1.75, 9, 2 ], "texture": "#texture" },
        "east":  { "uv": [ 9, 1.75, 8.75, 2 ], "texture": "#texture" }
    }
},
{
    "from": [ 9.25, 10.75, 7.125 ],
    "to": [ 9.5, 11, 8.875 ],
    "faces": {
        "down":  { "uv": [ 9.25, 5.25, 9.5, 5 ], "texture": "#texture" },
        "up":    { "uv": [ 9.25, 5, 9.5, 5.25 ], "texture": "#texture" },
        "north": { "uv": [ 9.5, 5, 9.25, 5.25 ], "texture": "#texture" },
        "south": { "uv": [ 9.25, 5, 9.5, 5.25 ], "texture": "#texture" },
        "west":  { "uv": [ 9.25, 5, 9.5, 5.25 ], "texture": "#texture" },
        "east":  { "uv": [ 9.5, 5, 9.25, 5.25 ], "texture": "#texture" }
    }
},
{
    "from": [ 9.75, 13.5, 7.125 ],
    "to": [ 10, 13.75, 8.875 ],
    "faces": {
        "down":  { "uv": [ 9.75, 2.5, 10, 2.25 ], "texture": "#texture" },
        "up":    { "uv": [ 9.75, 2.25, 10, 2.5 ], "texture": "#texture" },
        "north": { "uv": [ 10, 2.25, 9.75, 2.5 ], "texture": "#texture" },
        "south": { "uv": [ 9.75, 2.25, 10, 2.5 ], "texture": "#texture" },
        "west":  { "uv": [ 9.75, 2.25, 10, 2.5 ], "texture": "#texture" },
        "east":  { "uv": [ 10, 2.25, 9.75, 2.5 ], "texture": "#texture" }
    }
},
{
    "from": [ 9.75, 10.75, 7.125 ],
    "to": [ 10.25, 11, 8.875 ],
    "faces": {
        "down":  { "uv": [ 9.75, 5.25, 10.25, 5 ], "texture": "#texture" },
        "up":    { "uv": [ 9.75, 5, 10.25, 5.25 ], "texture": "#texture" },
        "north": { "uv": [ 10.25, 5, 9.75, 5.25 ], "texture": "#texture" },
        "south": { "uv": [ 9.75, 5, 10.25, 5.25 ], "texture": "#texture" },
        "west":  { "uv": [ 9.75, 5, 10, 5.25 ], "texture": "#texture" },
        "east":  { "uv": [ 10.25, 5, 10, 5.25 ], "texture": "#texture" }
    }
},
{
    "from": [ 10, 10.5, 7.125 ],
    "to": [ 10.25, 10.75, 8.875 ],
    "faces": {
        "down":  { "uv": [ 10, 5.5, 10.25, 5.25 ], "texture": "#texture" },
        "up":    { "uv": [ 10, 5.25, 10.25, 5.5 ], "texture": "#texture" },
        "north": { "uv": [ 10.25, 5.25, 10, 5.5 ], "texture": "#texture" },
        "south": { "uv": [ 10, 5.25, 10.25, 5.5 ], "texture": "#texture" },
        "west":  { "uv": [ 10, 5.25, 10.25, 5.5 ], "texture": "#texture" },
        "east":  { "uv": [ 10.25, 5.25, 10, 5.5 ], "texture": "#texture" }
    }
},
{
    "from": [ 3.5, 12, 7.5 ],
    "to": [ 12.25, 12.5, 8.5 ],
    "faces": {
        "down":  { "uv": [ 3.5, 4, 12.25, 3.75 ], "texture": "#texture" },
        "up":    { "uv": [ 3.5, 3.5, 12.25, 3.75 ], "texture": "#texture" },
        "north": { "uv": [ 12.25, 3.5, 3.5, 4 ], "texture": "#texture" },
        "south": { "uv": [ 3.5, 3.5, 12.25, 4 ], "texture": "#texture" },
        "west":  { "uv": [ 3.5, 3.5, 3.75, 4 ], "texture": "#texture" },
        "east":  { "uv": [ 12.25, 3.5, 12, 4 ], "texture": "#texture" }
    }
},
{
    "from": [ 3.75, 11.75, 7.5 ],
    "to": [ 12.25, 12, 8.5 ],
    "faces": {
        "down":  { "uv": [ 3.75, 4.25, 12.25, 4 ], "texture": "#texture" },
        "up":    { "uv": [ 3.75, 4, 12.25, 4.25 ], "texture": "#texture" },
        "north": { "uv": [ 12.25, 4, 3.75, 4.25 ], "texture": "#texture" },
        "south": { "uv": [ 3.75, 4, 12.25, 4.25 ], "texture": "#texture" },
        "west":  { "uv": [ 3.75, 4, 4, 4.25 ], "texture": "#texture" },
        "east":  { "uv": [ 12.25, 4, 12, 4.25 ], "texture": "#texture" }
    }
},
{
    "from": [ 4, 12.5, 7.5 ],
    "to": [ 12, 12.75, 8.5 ],
    "faces": {
        "down":  { "uv": [ 4, 3.5, 12, 3.25 ], "texture": "#texture" },
        "up":    { "uv": [ 4, 3.25, 12, 3.5 ], "texture": "#texture" },
        "north": { "uv": [ 12, 3.25, 4, 3.5 ], "texture": "#texture" },
        "south": { "uv": [ 4, 3.25, 12, 3.5 ], "texture": "#texture" },
        "west":  { "uv": [ 4, 3.25, 4.25, 3.5 ], "texture": "#texture" },
        "east":  { "uv": [ 12, 3.25, 11.75, 3.5 ], "texture": "#texture" }
    }
},
{
    "from": [ 4.25, 12.75, 7.5 ],
    "to": [ 11, 13.25, 8.5 ],
    "faces": {
        "down":  { "uv": [ 4.25, 3.25, 11, 3 ], "texture": "#texture" },
        "up":    { "uv": [ 4.25, 2.75, 11, 3 ], "texture": "#texture" },
        "north": { "uv": [ 11, 2.75, 4.25, 3.25 ], "texture": "#texture" },
        "south": { "uv": [ 4.25, 2.75, 11, 3.25 ], "texture": "#texture" },
        "west":  { "uv": [ 4.25, 2.75, 4.5, 3.25 ], "texture": "#texture" },
        "east":  { "uv": [ 11, 2.75, 10.75, 3.25 ], "texture": "#texture" }
    }
},
{
    "from": [ 4.25, 11.25, 7.5 ],
    "to": [ 11.5, 11.75, 8.5 ],
    "faces": {
        "down":  { "uv": [ 4.25, 4.75, 11.5, 4.5 ], "texture": "#texture" },
        "up":    { "uv": [ 4.25, 4.25, 11.5, 4.5 ], "texture": "#texture" },
        "north": { "uv": [ 11.5, 4.25, 4.25, 4.75 ], "texture": "#texture" },
        "south": { "uv": [ 4.25, 4.25, 11.5, 4.75 ], "texture": "#texture" },
        "west":  { "uv": [ 4.25, 4.25, 4.5, 4.75 ], "texture": "#texture" },
        "east":  { "uv": [ 11.5, 4.25, 11.25, 4.75 ], "texture": "#texture" }
    }
},
{
    "from": [ 4.75, 13.25, 7.5 ],
    "to": [ 10.75, 13.5, 8.5 ],
    "faces": {
        "down":  { "uv": [ 4.75, 2.75, 10.75, 2.5 ], "texture": "#texture" },
        "up":    { "uv": [ 4.75, 2.5, 10.75, 2.75 ], "texture": "#texture" },
        "north": { "uv": [ 10.75, 2.5, 4.75, 2.75 ], "texture": "#texture" },
        "south": { "uv": [ 4.75, 2.5, 10.75, 2.75 ], "texture": "#texture" },
        "west":  { "uv": [ 4.75, 2.5, 5, 2.75 ], "texture": "#texture" },
        "east":  { "uv": [ 10.75, 2.5, 10.5, 2.75 ], "texture": "#texture" }
    }
},
{
    "from": [ 5, 11, 7.5 ],
    "to": [ 11, 11.25, 8.5 ],
    "faces": {
        "down":  { "uv": [ 5, 5, 11, 4.75 ], "texture": "#texture" },
        "up":    { "uv": [ 5, 4.75, 11, 5 ], "texture": "#texture" },
        "north": { "uv": [ 11, 4.75, 5, 5 ], "texture": "#texture" },
        "south": { "uv": [ 5, 4.75, 11, 5 ], "texture": "#texture" },
        "west":  { "uv": [ 5, 4.75, 5.25, 5 ], "texture": "#texture" },
        "east":  { "uv": [ 11, 4.75, 10.75, 5 ], "texture": "#texture" }
    }
},
{
    "from": [ 5.25, 13.5, 7.5 ],
    "to": [ 5.75, 14.25, 8.5 ],
    "faces": {
        "down":  { "uv": [ 5.25, 2.5, 5.75, 2.25 ], "texture": "#texture" },
        "up":    { "uv": [ 5.25, 1.75, 5.75, 2 ], "texture": "#texture" },
        "north": { "uv": [ 5.75, 1.75, 5.25, 2.5 ], "texture": "#texture" },
        "south": { "uv": [ 5.25, 1.75, 5.75, 2.5 ], "texture": "#texture" },
        "west":  { "uv": [ 5.25, 1.75, 5.5, 2.5 ], "texture": "#texture" },
        "east":  { "uv": [ 5.75, 1.75, 5.5, 2.5 ], "texture": "#texture" }
    }
},
{
    "from": [ 5.5, 10, 7.75 ],
    "to": [ 5.75, 11, 8.25 ],
    "faces": {
        "down":  { "uv": [ 5.5, 6, 5.75, 5.75 ], "texture": "#texture" },
        "up":    { "uv": [ 5.5, 5, 5.75, 5.25 ], "texture": "#texture" },
        "north": { "uv": [ 5.75, 5, 5.5, 6 ], "texture": "#texture" },
        "south": { "uv": [ 5.5, 5, 5.75, 6 ], "texture": "#texture" },
        "west":  { "uv": [ 5.5, 5, 5.75, 6 ], "texture": "#texture" },
        "east":  { "uv": [ 5.75, 5, 5.5, 6 ], "texture": "#texture" }
    }
},
{
    "from": [ 5.75, 13.5, 7.5 ],
    "to": [ 6, 14, 8.5 ],
    "faces": {
        "down":  { "uv": [ 5.75, 2.5, 6, 2.25 ], "texture": "#texture" },
        "up":    { "uv": [ 5.75, 2, 6, 2.25 ], "texture": "#texture" },
        "north": { "uv": [ 6, 2, 5.75, 2.5 ], "texture": "#texture" },
        "south": { "uv": [ 5.75, 2, 6, 2.5 ], "texture": "#texture" },
        "west":  { "uv": [ 5.75, 2, 6, 2.5 ], "texture": "#texture" },
        "east":  { "uv": [ 6, 2, 5.75, 2.5 ], "texture": "#texture" }
    }
},
{
    "from": [ 5.75, 10.25, 7.5 ],
    "to": [ 6, 11, 8.5 ],
    "faces": {
        "down":  { "uv": [ 5.75, 5.75, 6, 5.5 ], "texture": "#texture" },
        "up":    { "uv": [ 5.75, 5, 6, 5.25 ], "texture": "#texture" },
        "north": { "uv": [ 6, 5, 5.75, 5.75 ], "texture": "#texture" },
        "south": { "uv": [ 5.75, 5, 6, 5.75 ], "texture": "#texture" },
        "west":  { "uv": [ 5.75, 5, 6, 5.75 ], "texture": "#texture" },
        "east":  { "uv": [ 6, 5, 5.75, 5.75 ], "texture": "#texture" }
    }
},
{
    "from": [ 6, 13.5, 7.5 ],
    "to": [ 10.25, 13.75, 8.5 ],
    "faces": {
        "down":  { "uv": [ 6, 2.5, 10.25, 2.25 ], "texture": "#texture" },
        "up":    { "uv": [ 6, 2.25, 10.25, 2.5 ], "texture": "#texture" },
        "north": { "uv": [ 10.25, 2.25, 6, 2.5 ], "texture": "#texture" },
        "south": { "uv": [ 6, 2.25, 10.25, 2.5 ], "texture": "#texture" },
        "west":  { "uv": [ 6, 2.25, 6.25, 2.5 ], "texture": "#texture" },
        "east":  { "uv": [ 10.25, 2.25, 10, 2.5 ], "texture": "#texture" }
    }
},
{
    "from": [ 6, 10.75, 7.5 ],
    "to": [ 10.5, 11, 8.5 ],
    "faces": {
        "down":  { "uv": [ 6, 5.25, 10.5, 5 ], "texture": "#texture" },
        "up":    { "uv": [ 6, 5, 10.5, 5.25 ], "texture": "#texture" },
        "north": { "uv": [ 10.5, 5, 6, 5.25 ], "texture": "#texture" },
        "south": { "uv": [ 6, 5, 10.5, 5.25 ], "texture": "#texture" },
        "west":  { "uv": [ 6, 5, 6.25, 5.25 ], "texture": "#texture" },
        "east":  { "uv": [ 10.5, 5, 10.25, 5.25 ], "texture": "#texture" }
    }
},
{
    "from": [ 6.75, 13.75, 7.5 ],
    "to": [ 9.5, 14, 8.5 ],
    "faces": {
        "down":  { "uv": [ 6.75, 2.25, 9.5, 2 ], "texture": "#texture" },
        "up":    { "uv": [ 6.75, 2, 9.5, 2.25 ], "texture": "#texture" },
        "north": { "uv": [ 9.5, 2, 6.75, 2.25 ], "texture": "#texture" },
        "south": { "uv": [ 6.75, 2, 9.5, 2.25 ], "texture": "#texture" },
        "west":  { "uv": [ 6.75, 2, 7, 2.25 ], "texture": "#texture" },
        "east":  { "uv": [ 9.5, 2, 9.25, 2.25 ], "texture": "#texture" }
    }
},
{
    "from": [ 6.25, 10.5, 7.5 ],
    "to": [ 6.5, 10.75, 8.5 ],
    "faces": {
        "down":  { "uv": [ 6.25, 5.5, 6.5, 5.25 ], "texture": "#texture" },
        "up":    { "uv": [ 6.25, 5.25, 6.5, 5.5 ], "texture": "#texture" },
        "north": { "uv": [ 6.5, 5.25, 6.25, 5.5 ], "texture": "#texture" },
        "south": { "uv": [ 6.25, 5.25, 6.5, 5.5 ], "texture": "#texture" },
        "west":  { "uv": [ 6.25, 5.25, 6.5, 5.5 ], "texture": "#texture" },
        "east":  { "uv": [ 6.5, 5.25, 6.25, 5.5 ], "texture": "#texture" }
    }
},
{
    "from": [ 6.75, 14, 7.5 ],
    "to": [ 9, 14.5, 8.5 ],
    "faces": {
        "down":  { "uv": [ 6.75, 2, 9, 1.75 ], "texture": "#texture" },
        "up":    { "uv": [ 6.75, 1.5, 9, 1.75 ], "texture": "#texture" },
        "north": { "uv": [ 9, 1.5, 6.75, 2 ], "texture": "#texture" },
        "south": { "uv": [ 6.75, 1.5, 9, 2 ], "texture": "#texture" },
        "west":  { "uv": [ 6.75, 1.5, 7, 2 ], "texture": "#texture" },
        "east":  { "uv": [ 9, 1.5, 8.75, 2 ], "texture": "#texture" }
    }
},
{
    "from": [ 7, 14.5, 7.5 ],
    "to": [ 8.75, 14.75, 8.5 ],
    "faces": {
        "down":  { "uv": [ 7, 1.5, 8.75, 1.25 ], "texture": "#texture" },
        "up":    { "uv": [ 7, 1.25, 8.75, 1.5 ], "texture": "#texture" },
        "north": { "uv": [ 8.75, 1.25, 7, 1.5 ], "texture": "#texture" },
        "south": { "uv": [ 7, 1.25, 8.75, 1.5 ], "texture": "#texture" },
        "west":  { "uv": [ 7, 1.25, 7.25, 1.5 ], "texture": "#texture" },
        "east":  { "uv": [ 8.75, 1.25, 8.5, 1.5 ], "texture": "#texture" }
    }
},
{
    "from": [ 7, 10.5, 7.125 ],
    "to": [ 8.75, 10.75, 8.875 ],
    "faces": {
        "down":  { "uv": [ 7, 5.5, 8.75, 5.25 ], "texture": "#texture" },
        "up":    { "uv": [ 7, 5.25, 8.75, 5.5 ], "texture": "#texture" },
        "north": { "uv": [ 7, 5.25, 8.75, 5.5 ], "texture": "#texture" },
        "south": { "uv": [ 7, 5.25, 8.75, 5.5 ], "texture": "#texture" },
        "west":  { "uv": [ 8.75, 5.25, 7, 5.5 ], "texture": "#texture" },
        "east":  { "uv": [ 8.75, 5.25, 7, 5.5 ], "texture": "#texture" }
    }
},
{
    "from": [ 7.25, 14.75, 7.5 ],
    "to": [ 8.5, 15, 8.5 ],
    "faces": {
        "down":  { "uv": [ 7.25, 1.25, 8.5, 1 ], "texture": "#texture" },
        "up":    { "uv": [ 7.25, 1, 8.5, 1.25 ], "texture": "#texture" },
        "north": { "uv": [ 8.5, 1, 7.25, 1.25 ], "texture": "#texture" },
        "south": { "uv": [ 7.25, 1, 8.5, 1.25 ], "texture": "#texture" },
        "west":  { "uv": [ 7.25, 1, 7.5, 1.25 ], "texture": "#texture" },
        "east":  { "uv": [ 8.5, 1, 8.25, 1.25 ], "texture": "#texture" }
    }
},
{
    "from": [ 7.25, 2, 7.375 ],
    "to": [ 8.5, 3, 8.625 ],
    "faces": {
        "down":  { "uv": [ 7.25, 14, 8.5, 13.75 ], "texture": "#texture" },
        "up":    { "uv": [ 7.25, 13, 8.5, 13.25 ], "texture": "#texture" },
        "north": { "uv": [ 7.25, 13, 8.5, 14 ], "texture": "#texture" },
        "south": { "uv": [ 7.25, 13, 8.5, 14 ], "texture": "#texture" },
        "west":  { "uv": [ 8.5, 13, 7.25, 14 ], "texture": "#texture" },
        "east":  { "uv": [ 8.5, 13, 7.25, 14 ], "texture": "#texture" }
    }
},
{
    "from": [ 7.5, 15, 7.5 ],
    "to": [ 8.25, 15.5, 8.5 ],
    "faces": {
        "down":  { "uv": [ 7.5, 1, 8.25, 0.75 ], "texture": "#texture" },
        "up":    { "uv": [ 7.5, 0.5, 8.25, 0.75 ], "texture": "#texture" },
        "north": { "uv": [ 8.25, 0.5, 7.5, 1 ], "texture": "#texture" },
        "south": { "uv": [ 7.5, 0.5, 8.25, 1 ], "texture": "#texture" },
        "west":  { "uv": [ 7.5, 0.5, 7.75, 1 ], "texture": "#texture" },
        "east":  { "uv": [ 8.25, 0.5, 8, 1 ], "texture": "#texture" }
    }
},
{
    "from": [ 7.75, 15.5, 7.5 ],
    "to": [ 8, 15.75, 8.5 ],
    "faces": {
        "down":  { "uv": [ 7.75, 0.5, 8, 0.25 ], "texture": "#texture" },
        "up":    { "uv": [ 7.75, 0.25, 8, 0.5 ], "texture": "#texture" },
        "north": { "uv": [ 8, 0.25, 7.75, 0.5 ], "texture": "#texture" },
        "south": { "uv": [ 7.75, 0.25, 8, 0.5 ], "texture": "#texture" },
        "west":  { "uv": [ 7.75, 0.25, 8, 0.5 ], "texture": "#texture" },
        "east":  { "uv": [ 8, 0.25, 7.75, 0.5 ], "texture": "#texture" }
    }
},
{
    "from": [ 8.25, 15, 7.5 ],
    "to": [ 8.5, 15.25, 8.5 ],
    "faces": {
        "down":  { "uv": [ 8.25, 1, 8.5, 0.75 ], "texture": "#texture" },
        "up":    { "uv": [ 8.25, 0.75, 8.5, 1 ], "texture": "#texture" },
        "north": { "uv": [ 8.5, 0.75, 8.25, 1 ], "texture": "#texture" },
        "south": { "uv": [ 8.25, 0.75, 8.5, 1 ], "texture": "#texture" },
        "west":  { "uv": [ 8.25, 0.75, 8.5, 1 ], "texture": "#texture" },
        "east":  { "uv": [ 8.5, 0.75, 8.25, 1 ], "texture": "#texture" }
    }
},
{
    "from": [ 9, 14, 7.5 ],
    "to": [ 9.25, 14.25, 8.5 ],
    "faces": {
        "down":  { "uv": [ 9, 2, 9.25, 1.75 ], "texture": "#texture" },
        "up":    { "uv": [ 9, 1.75, 9.25, 2 ], "texture": "#texture" },
        "north": { "uv": [ 9.25, 1.75, 9, 2 ], "texture": "#texture" },
        "south": { "uv": [ 9, 1.75, 9.25, 2 ], "texture": "#texture" },
        "west":  { "uv": [ 9, 1.75, 9.25, 2 ], "texture": "#texture" },
        "east":  { "uv": [ 9.25, 1.75, 9, 2 ], "texture": "#texture" }
    }
},
{
    "from": [ 9.25, 10.5, 7.5 ],
    "to": [ 9.5, 10.75, 8.5 ],
    "faces": {
        "down":  { "uv": [ 9.25, 5.5, 9.5, 5.25 ], "texture": "#texture" },
        "up":    { "uv": [ 9.25, 5.25, 9.5, 5.5 ], "texture": "#texture" },
        "north": { "uv": [ 9.5, 5.25, 9.25, 5.5 ], "texture": "#texture" },
        "south": { "uv": [ 9.25, 5.25, 9.5, 5.5 ], "texture": "#texture" },
        "west":  { "uv": [ 9.25, 5.25, 9.5, 5.5 ], "texture": "#texture" },
        "east":  { "uv": [ 9.5, 5.25, 9.25, 5.5 ], "texture": "#texture" }
    }
},
{
    "from": [ 9.75, 13.75, 7.5 ],
    "to": [ 10.25, 14, 8.5 ],
    "faces": {
        "down":  { "uv": [ 9.75, 2.25, 10.25, 2 ], "texture": "#texture" },
        "up":    { "uv": [ 9.75, 2, 10.25, 2.25 ], "texture": "#texture" },
        "north": { "uv": [ 10.25, 2, 9.75, 2.25 ], "texture": "#texture" },
        "south": { "uv": [ 9.75, 2, 10.25, 2.25 ], "texture": "#texture" },
        "west":  { "uv": [ 9.75, 2, 10, 2.25 ], "texture": "#texture" },
        "east":  { "uv": [ 10.25, 2, 10, 2.25 ], "texture": "#texture" }
    }
},
{
    "from": [ 9.75, 10.5, 7.5 ],
    "to": [ 10.5, 10.75, 8.5 ],
    "faces": {
        "down":  { "uv": [ 9.75, 5.5, 10.5, 5.25 ], "texture": "#texture" },
        "up":    { "uv": [ 9.75, 5.25, 10.5, 5.5 ], "texture": "#texture" },
        "north": { "uv": [ 10.5, 5.25, 9.75, 5.5 ], "texture": "#texture" },
        "south": { "uv": [ 9.75, 5.25, 10.5, 5.5 ], "texture": "#texture" },
        "west":  { "uv": [ 9.75, 5.25, 10, 5.5 ], "texture": "#texture" },
        "east":  { "uv": [ 10.5, 5.25, 10.25, 5.5 ], "texture": "#texture" }
    }
},
{
    "from": [ 10, 14, 7.5 ],
    "to": [ 10.25, 14.25, 8.5 ],
    "faces": {
        "down":  { "uv": [ 10, 2, 10.25, 1.75 ], "texture": "#texture" },
        "up":    { "uv": [ 10, 1.75, 10.25, 2 ], "texture": "#texture" },
        "north": { "uv": [ 10.25, 1.75, 10, 2 ], "texture": "#texture" },
        "south": { "uv": [ 10, 1.75, 10.25, 2 ], "texture": "#texture" },
        "west":  { "uv": [ 10, 1.75, 10.25, 2 ], "texture": "#texture" },
        "east":  { "uv": [ 10.25, 1.75, 10, 2 ], "texture": "#texture" }
    }
},
{
    "from": [ 10, 10.25, 7.5 ],
    "to": [ 10.5, 10.5, 8.5 ],
    "faces": {
        "down":  { "uv": [ 10, 5.75, 10.5, 5.5 ], "texture": "#texture" },
        "up":    { "uv": [ 10, 5.5, 10.5, 5.75 ], "texture": "#texture" },
        "north": { "uv": [ 10.5, 5.5, 10, 5.75 ], "texture": "#texture" },
        "south": { "uv": [ 10, 5.5, 10.5, 5.75 ], "texture": "#texture" },
        "west":  { "uv": [ 10, 5.5, 10.25, 5.75 ], "texture": "#texture" },
        "east":  { "uv": [ 10.5, 5.5, 10.25, 5.75 ], "texture": "#texture" }
    }
},
{
    "from": [ 10.25, 10, 7.75 ],
    "to": [ 10.5, 10.25, 8.25 ],
    "faces": {
        "down":  { "uv": [ 10.25, 6, 10.5, 5.75 ], "texture": "#texture" },
        "up":    { "uv": [ 10.25, 5.75, 10.5, 6 ], "texture": "#texture" },
        "north": { "uv": [ 10.5, 5.75, 10.25, 6 ], "texture": "#texture" },
        "south": { "uv": [ 10.25, 5.75, 10.5, 6 ], "texture": "#texture" },
        "west":  { "uv": [ 10.25, 5.75, 10.5, 6 ], "texture": "#texture" },
        "east":  { "uv": [ 10.5, 5.75, 10.25, 6 ], "texture": "#texture" }
    }
},
{
    "from": [ 10.75, 10.75, 7.5 ],
    "to": [ 11, 11, 8.5 ],
    "faces": {
        "down":  { "uv": [ 10.75, 5.25, 11, 5 ], "texture": "#texture" },
        "up":    { "uv": [ 10.75, 5, 11, 5.25 ], "texture": "#texture" },
        "north": { "uv": [ 11, 5, 10.75, 5.25 ], "texture": "#texture" },
        "south": { "uv": [ 10.75, 5, 11, 5.25 ], "texture": "#texture" },
        "west":  { "uv": [ 10.75, 5, 11, 5.25 ], "texture": "#texture" },
        "east":  { "uv": [ 11, 5, 10.75, 5.25 ], "texture": "#texture" }
    }
},
{
    "from": [ 11, 12.75, 7.5 ],
    "to": [ 11.5, 13, 8.5 ],
    "faces": {
        "down":  { "uv": [ 11, 3.25, 11.5, 3 ], "texture": "#texture" },
        "up":    { "uv": [ 11, 3, 11.5, 3.25 ], "texture": "#texture" },
        "north": { "uv": [ 11.5, 3, 11, 3.25 ], "texture": "#texture" },
        "south": { "uv": [ 11, 3, 11.5, 3.25 ], "texture": "#texture" },
        "west":  { "uv": [ 11, 3, 11.25, 3.25 ], "texture": "#texture" },
        "east":  { "uv": [ 11.5, 3, 11.25, 3.25 ], "texture": "#texture" }
    }
},
{
    "from": [ 11.5, 11.5, 7.5 ],
    "to": [ 11.75, 11.75, 8.5 ],
    "faces": {
        "down":  { "uv": [ 11.5, 4.5, 11.75, 4.25 ], "texture": "#texture" },
        "up":    { "uv": [ 11.5, 4.25, 11.75, 4.5 ], "texture": "#texture" },
        "north": { "uv": [ 11.75, 4.25, 11.5, 4.5 ], "texture": "#texture" },
        "south": { "uv": [ 11.5, 4.25, 11.75, 4.5 ], "texture": "#texture" },
        "west":  { "uv": [ 11.5, 4.25, 11.75, 4.5 ], "texture": "#texture" },
        "east":  { "uv": [ 11.75, 4.25, 11.5, 4.5 ], "texture": "#texture" }
    }
},
{
    "from": [ 12.25, 12, 7.5 ],
    "to": [ 12.5, 12.25, 8.5 ],
    "faces": {
        "down":  { "uv": [ 12.25, 4, 12.5, 3.75 ], "texture": "#texture" },
        "up":    { "uv": [ 12.25, 3.75, 12.5, 4 ], "texture": "#texture" },
        "north": { "uv": [ 12.5, 3.75, 12.25, 4 ], "texture": "#texture" },
        "south": { "uv": [ 12.25, 3.75, 12.5, 4 ], "texture": "#texture" },
        "west":  { "uv": [ 12.25, 3.75, 12.5, 4 ], "texture": "#texture" },
        "east":  { "uv": [ 12.5, 3.75, 12.25, 4 ], "texture": "#texture" }
    }
},
{
    "from": [ 6.25, 13.75, 7.5 ],
    "to": [ 6.5, 14, 8.5 ],
    "faces": {
        "down":  { "uv": [ 6.25, 2, 6.5, 2.25 ], "texture": "#texture" },
        "up":    { "uv": [ 6.25, 2, 6.5, 2.25 ], "texture": "#texture" },
        "north": { "uv": [ 6.25, 2, 6.5, 2.25 ], "texture": "#texture" },
        "south": { "uv": [ 6.25, 2, 6.5, 2.25 ], "texture": "#texture" },
        "west":  { "uv": [ 6.25, 2, 6.5, 2.25 ], "texture": "#texture" },
        "east":  { "uv": [ 6.25, 2, 6.5, 2.25 ], "texture": "#texture" }
    }
}
],
"display": {
    "thirdperson_righthand": {
        "rotation": [ 0, 90, 0 ],
        "translation": [ 0, 6.43, 1.32 ],
        "scale": [ 2.35, 2.35, 2.35 ]
    },
    "thirdperson_lefthand": {
        "rotation": [ 0, -90, 0 ],
        "translation": [ 0, 6.43, 1.32 ],
        "scale": [ 2.35, 2.35, 2.35 ]
    },
    "ground": {
        "rotation": [ 0, 0, 45 ],
        "translation": [ 0, 6.99, 0 ],
        "scale": [ 1, 1, 1 ]
    },
    "fixed": {
        "rotation": [ 0, 0, 45 ],
        "translation": [ 0, 0, 0 ],
        "scale": [ 1, 1, 1 ]
    },
    "firstperson_righthand": {
        "rotation": [ 0, 95, 0 ],
        "translation": [ 1.7, 0.94, -1.7 ],
        "scale": [ 2, 2, 2 ]
    },
    "firstperson_lefthand": {
        "rotation": [ 0, 95, 0 ],
        "translation": [ 1.7, 0.94, -1.7 ],
        "scale": [ 2, 2, 2 ]
    },
    "gui": {
        "rotation": [ 0, 0, -45 ],
        "translation": [ 0, 0, 0 ],
        "scale": [ 1, 1, 1 ]
    }
}
}